market,strategy,years,variant,Starting Capital,Final Equity,Total Return,Invested Return,CAGR,Volatility (ann.),sharpe,Sortino,Calmar,Probabilistic Sharpe,Deflated Sharpe,Max Drawdown,Hit Rate,Alpha (ann.),Beta,Avg Exposure,Benchmark Return,Trades,Unique Tickers,Median Trade Return,Avg Trade Return,Best Trade,Worst Trade,Profit Factor,Expectancy,Winning Trades,Losing Trades,Regime Bull Trades,Regime Bull Win Rate,Regime Bull Avg Return,Total Fees,Fee Stt,Fee Stamp Duty,Fee Exchange Txn,Fee Sebi,Fee Gst,Fee Ipft,Fees Pct Capital,Fees Pct Net Pnl,Regime Bear Trades,Regime Bear Win Rate,Regime Bear Avg Return,Regime Pullback Trades,Regime Pullback Win Rate,Regime Pullback Avg Return,Fee Commission
india,betting_against_beta,1,base,"100,000.00","105,313.02",+5.31%,+2.78%,+5.38%,+11.60%,0.51,+0.741,+0.388,+69.36%,+69.36%,-13.85,+55.00%,+5.90%,+0.487,+98.36%,-0.48%,20,15,+5.73%,+3.09%,+46.78%,-29.25%,+1.340,+3.09%,11,9,20,+55.00%,+3.09%,429.98,386.98,28.59,11.49,0.39,2.14,0.39,+0.43%,+8.09%,,,,,,,
india,betting_against_beta,2,base,"100,000.00","121,110.77",+21.11%,+5.43%,+10.16%,+13.56%,0.781,+1.146,+0.615,+86.42%,+86.42%,-16.51,+60.00%,+10.63%,+0.542,+97.60%,+0.09%,40,25,+4.71%,+6.31%,+57.28%,-32.94%,+1.865,+6.31%,24,16,20,+25.00%,-9.48%,887.38,799.32,58.30,23.74,0.80,4.42,0.80,+0.89%,+4.20%,10,+100.00%,+19.01%,10,+90.00%,+25.21%,
india,betting_against_beta,3,base,"100,000.00","140,426.09",+40.43%,+6.74%,+12.24%,+12.18%,1.009,+1.435,+0.794,+95.51%,+95.51%,-15.42,+56.67%,+8.58%,+0.474,+99.04%,+25.39%,60,38,+5.16%,+6.74%,+85.86%,-69.28%,+1.970,+6.74%,34,26,40,+40.00%,+0.90%,"1,376.45","1,240.38",89.89,36.84,1.24,6.85,1.24,+1.38%,+3.40%,20,+90.00%,+18.40%,,,,
india,betting_against_beta,5,base,"100,000.00","137,015.12",+37.02%,+3.85%,+6.63%,+12.04%,0.593,+0.852,+0.302,+90.49%,+90.49%,-21.92,+51.00%,+3.14%,+0.457,+99.68%,+47.44%,100,52,+0.22%,+3.75%,+60.18%,-41.11%,+1.571,+3.75%,51,46,70,+47.14%,+2.57%,"2,174.67","1,957.89",143.90,58.15,1.96,10.82,1.96,+2.17%,+5.88%,20,+75.00%,+11.99%,10,+30.00%,-4.50%,
india,conservative_investment,1,base,"100,000.00","107,969.01",+7.97%,+8.85%,+8.07%,+11.26%,0.746,+1.027,+1.279,+76.59%,+76.59%,-6.31,+66.67%,+8.59%,+0.418,+40.16%,-0.48%,9,8,+8.14%,+8.85%,+39.95%,-27.51%,+3.518,+8.85%,6,3,7,+57.14%,+8.20%,208.45,187.96,13.48,5.58,0.19,1.04,0.19,+0.21%,+2.62%,2,+100.00%,+11.15%,,,,
india,conservative_investment,2,base,"100,000.00","108,552.17",+8.55%,+3.44%,+4.23%,+16.75%,0.331,+0.462,+0.193,+67.89%,+67.89%,-21.88,+53.85%,+5.15%,+0.576,+63.26%,+0.09%,26,20,+0.66%,+3.82%,+72.69%,-34.68%,+1.442,+3.82%,14,12,18,+44.44%,-2.42%,561.52,505.48,37.23,15.01,0.51,2.79,0.51,+0.56%,+6.57%,3,+66.67%,+2.09%,5,+80.00%,+27.35%,
india,conservative_investment,3,base,"100,000.00","161,825.90",+61.83%,+14.05%,+17.79%,+16.08%,1.099,+1.492,+0.927,+96.41%,+96.41%,-19.18,+68.18%,+13.40%,+0.595,+73.44%,+25.39%,44,28,+12.77%,+14.05%,+103.37%,-74.40%,+3.174,+14.05%,30,14,36,+66.67%,+13.02%,"1,042.81",941.83,65.92,27.97,0.94,5.20,0.94,+1.04%,+1.69%,2,+100.00%,+11.15%,6,+66.67%,+21.18%,
india,conservative_investment,5,base,"100,000.00","247,717.48",+147.72%,+19.70%,+20.30%,+12.50%,1.541,+2.165,+1.530,+99.94%,+99.94%,-13.26,+70.67%,+16.27%,+0.473,+75.82%,+47.44%,75,43,+13.50%,+19.70%,+186.09%,-71.52%,+5.183,+19.70%,53,22,56,+66.07%,+17.12%,"1,821.47","1,647.76",112.37,48.94,1.65,9.11,1.65,+1.82%,+1.23%,3,+100.00%,+8.27%,16,+81.25%,+30.84%,
india,downside_risk,1,base,"100,000.00","105,421.58",+5.42%,+2.77%,+5.49%,+14.83%,0.434,+0.636,+0.346,+66.69%,+66.69%,-15.85,+55.00%,+6.33%,+0.812,+98.32%,-0.48%,20,16,+1.37%,+2.88%,+31.47%,-29.25%,+1.470,+2.88%,11,9,20,+55.00%,+2.88%,440.95,396.86,29.32,11.79,0.40,2.19,0.40,+0.44%,+8.13%,,,,,,,
india,downside_risk,2,base,"100,000.00","117,336.33",+17.34%,+4.39%,+8.41%,+14.56%,0.628,+0.907,+0.563,+81.09%,+81.09%,-14.94,+62.50%,+8.88%,+0.683,+97.58%,+0.09%,40,32,+6.69%,+4.44%,+41.10%,-32.94%,+1.806,+4.44%,25,15,20,+35.00%,-5.75%,896.34,807.13,59.17,23.97,0.81,4.46,0.81,+0.90%,+5.17%,10,+90.00%,+17.57%,10,+90.00%,+11.67%,
india,downside_risk,3,base,"100,000.00","140,279.46",+40.28%,+6.71%,+12.20%,+13.15%,0.942,+1.373,+1.007,+94.46%,+94.46%,-12.11,+53.33%,+7.32%,+0.621,+99.03%,+25.39%,60,49,+3.20%,+6.71%,+117.88%,-36.33%,+1.944,+6.71%,32,28,40,+42.50%,+3.52%,"1,376.29","1,240.23",89.89,36.83,1.24,6.85,1.24,+1.38%,+3.42%,20,+75.00%,+13.09%,,,,
india,downside_risk,5,base,"100,000.00","162,481.71",+62.48%,+6.25%,+10.39%,+11.61%,0.91,+1.300,+0.592,+97.64%,+97.64%,-17.57,+58.00%,+6.48%,+0.484,+99.65%,+47.44%,100,67,+4.89%,+6.25%,+85.91%,-43.38%,+1.925,+6.25%,58,42,70,+58.57%,+7.97%,"2,289.00","2,062.40",149.82,61.25,2.06,11.40,2.06,+2.29%,+3.66%,20,+70.00%,+6.73%,10,+30.00%,-6.75%,
india,earnings_momentum,1,base,"100,000.00","109,844.27",+9.84%,+5.08%,+9.97%,+17.80%,0.623,+0.916,+0.680,+73.17%,+73.17%,-14.66,+60.00%,+11.35%,+0.892,+95.40%,-0.48%,20,20,+5.75%,+4.99%,+62.19%,-35.44%,+1.767,+4.99%,12,8,17,+58.82%,+5.31%,440.94,397.14,29.01,11.80,0.40,2.19,0.40,+0.44%,+4.48%,2,+100.00%,+7.77%,1,+0.00%,-6.12%,
india,earnings_momentum,2,base,"100,000.00","95,299.77",-4.70%,-1.36%,-2.40%,+20.22%,-0.019,-0.026,-0.073,+48.94%,+48.94%,-32.79,+50.00%,-1.20%,+0.911,+96.10%,+0.09%,40,30,+0.07%,+3.01%,+79.86%,-48.57%,+0.867,+3.01%,20,19,20,+20.00%,-13.38%,765.69,688.17,51.91,20.44,0.69,3.80,0.69,+0.77%,-16.29%,14,+78.57%,+18.12%,6,+83.33%,+22.41%,
india,earnings_momentum,3,base,"100,000.00","204,824.12",+104.82%,+17.47%,+27.61%,+13.35%,1.894,+2.862,+1.535,+99.93%,+99.93%,-17.99,+65.00%,+22.14%,+0.616,+98.27%,+25.39%,60,42,+9.47%,+17.47%,+157.04%,-48.20%,+4.115,+17.47%,39,21,40,+57.50%,+15.68%,"1,443.31","1,304.84",89.89,38.75,1.30,7.21,1.30,+1.44%,+1.38%,20,+80.00%,+21.05%,,,,
india,earnings_momentum,5,base,"100,000.00","252,350.25",+152.35%,+15.24%,+20.75%,+15.59%,1.288,+1.832,+0.963,+99.74%,+99.74%,-21.55,+62.00%,+14.74%,+0.714,+99.35%,+47.44%,100,66,+6.07%,+15.24%,+174.00%,-59.54%,+3.430,+15.24%,62,38,67,+62.69%,+17.70%,"2,382.31","2,152.36",149.82,63.93,2.15,11.89,2.15,+2.38%,+1.56%,19,+68.42%,+17.34%,14,+50.00%,+0.60%,
india,fcf_yield_value,1,base,"100,000.00","107,996.92",+8.00%,+7.27%,+8.10%,+17.43%,0.534,+0.755,+0.568,+70.05%,+70.05%,-14.26,+54.55%,+9.44%,+0.772,+54.36%,-0.48%,11,11,+0.09%,+7.27%,+37.44%,-17.36%,+2.731,+7.27%,6,5,10,+60.00%,+8.74%,252.96,227.99,16.48,6.77,0.23,1.26,0.23,+0.25%,+3.16%,1,+0.00%,-7.43%,,,,
india,fcf_yield_value,2,base,"100,000.00","114,344.38",+14.34%,+9.56%,+7.00%,+12.64%,0.599,+0.854,+0.517,+79.78%,+79.78%,-13.54,+66.67%,+7.38%,+0.495,+37.34%,+0.09%,15,15,+5.07%,+9.56%,+37.44%,-17.36%,+4.106,+9.56%,10,5,12,+66.67%,+10.24%,348.51,314.34,22.47,9.34,0.31,1.74,0.31,+0.35%,+2.43%,3,+66.67%,+6.84%,,,,
india,fcf_yield_value,3,base,"100,000.00","175,938.95",+75.94%,+29.21%,+21.18%,+12.37%,1.615,+2.475,+1.539,+99.66%,+99.66%,-13.77,+76.92%,+17.95%,+0.405,+43.99%,+25.39%,26,22,+24.78%,+29.21%,+117.80%,-17.85%,+12.857,+29.21%,20,6,23,+78.26%,+32.12%,657.12,595.98,38.95,17.70,0.60,3.29,0.60,+0.66%,+0.87%,3,+66.67%,+6.84%,,,,
india,fcf_yield_value,5,base,"100,000.00","212,878.18",+112.88%,+23.52%,+16.64%,+9.96%,1.595,+2.407,+1.641,+99.97%,+99.97%,-10.14,+83.33%,+14.26%,+0.289,+48.93%,+47.44%,48,32,+22.24%,+23.52%,+99.07%,-20.71%,+15.789,+23.52%,40,8,27,+74.07%,+25.12%,"1,184.78","1,072.92",71.91,31.87,1.07,5.93,1.07,+1.18%,+1.05%,3,+66.67%,+6.84%,18,+100.00%,+23.89%,
india,gross_profitability,1,base,"100,000.00","99,908.21",-0.09%,-0.13%,-0.09%,+7.11%,0.022,+0.031,-0.008,+50.89%,+50.89%,-11.29,+42.86%,+0.03%,+0.345,+31.12%,-0.48%,7,5,-13.73%,-0.13%,+43.21%,-14.46%,+0.984,-0.13%,3,4,4,+0.00%,-14.16%,155.59,139.90,10.49,4.15,0.14,0.77,0.14,+0.16%,-169.52%,3,+100.00%,+18.57%,,,,
india,gross_profitability,2,base,"100,000.00","98,531.30",-1.47%,-1.13%,-0.74%,+6.79%,-0.076,-0.106,-0.062,+45.74%,+45.74%,-12.02,+53.85%,-0.82%,+0.339,+30.80%,+0.09%,13,7,+0.06%,-1.13%,+43.21%,-36.40%,+0.865,-1.13%,7,6,8,+25.00%,-11.93%,287.61,258.51,19.48,7.68,0.26,1.43,0.26,+0.29%,-19.58%,5,+100.00%,+16.16%,,,,
india,gross_profitability,3,base,"100,000.00","116,316.91",+16.32%,+8.16%,+5.27%,+6.34%,0.843,+1.236,+0.446,+92.54%,+92.54%,-11.83,+65.00%,+2.77%,+0.305,+32.74%,+25.39%,20,8,+4.68%,+8.16%,+60.86%,-36.40%,+2.484,+8.16%,13,7,15,+53.33%,+5.49%,461.77,416.30,29.96,12.36,0.42,2.30,0.42,+0.46%,+2.83%,5,+100.00%,+16.16%,,,,
india,gross_profitability,5,base,"100,000.00","136,183.15",+36.18%,+7.54%,+6.49%,+8.46%,0.786,+1.148,+0.360,+95.84%,+95.84%,-18.04,+54.17%,+3.48%,+0.364,+48.34%,+47.44%,48,19,+1.48%,+7.54%,+103.61%,-40.65%,+2.178,+7.54%,26,22,31,+51.61%,+4.09%,"1,105.12",996.12,71.91,29.58,1.00,5.50,1.00,+1.11%,+3.05%,7,+85.71%,+20.56%,10,+40.00%,+9.12%,
india,gw52_proximity,1,base,"100,000.00","112,183.13",+12.18%,+6.09%,+12.34%,+17.31%,0.759,+1.048,+0.833,+77.19%,+77.19%,-14.81,+45.00%,+13.62%,+0.981,+98.80%,-0.48%,20,20,-1.81%,+6.09%,+72.01%,-17.47%,+2.273,+6.09%,9,11,20,+45.00%,+6.09%,457.47,412.17,29.96,12.24,0.41,2.28,0.41,+0.46%,+3.75%,,,,,,,
india,gw52_proximity,2,base,"100,000.00","102,637.15",+2.64%,+0.74%,+1.32%,+17.91%,0.163,+0.225,+0.063,+59.06%,+59.06%,-21.03,+50.00%,+2.18%,+0.839,+97.80%,+0.09%,40,39,+0.89%,+0.35%,+39.51%,-47.21%,+1.104,+0.35%,20,18,20,+35.00%,-8.07%,797.48,717.24,53.54,21.30,0.72,3.96,0.72,+0.80%,+30.24%,10,+60.00%,+3.48%,10,+70.00%,+14.05%,
india,gw52_proximity,3,base,"100,000.00","165,132.97",+65.13%,+10.86%,+18.60%,+16.80%,1.1,+1.523,+1.000,+96.57%,+96.57%,-18.59,+58.33%,+12.55%,+0.777,+99.19%,+25.39%,60,59,+2.89%,+10.86%,+169.30%,-46.90%,+2.735,+10.86%,35,25,40,+50.00%,+11.26%,"1,402.10","1,265.11",89.89,37.57,1.27,6.99,1.27,+1.40%,+2.15%,20,+75.00%,+10.05%,,,,
india,gw52_proximity,5,base,"100,000.00","220,677.34",+120.68%,+12.10%,+17.50%,+15.52%,1.117,+1.594,+0.876,+99.25%,+99.25%,-19.98,+60.00%,+11.92%,+0.685,+99.76%,+47.44%,100,87,+4.60%,+12.19%,+207.84%,-81.96%,+3.005,+12.19%,60,40,60,+56.67%,+10.67%,"2,343.20","2,115.06",149.40,62.82,2.12,11.69,2.12,+2.34%,+1.94%,20,+65.00%,+8.59%,20,+65.00%,+20.36%,
india,hs_same_month,1,base,"100,000.00","94,238.51",-5.76%,-0.60%,-5.83%,+20.74%,-0.186,-0.264,-0.180,+42.69%,+42.69%,-32.39,+41.82%,-4.15%,+1.025,+89.52%,-0.48%,110,92,-0.77%,-0.68%,+38.10%,-40.99%,+0.875,-0.68%,46,58,50,+32.00%,-4.94%,"2,144.79","1,928.13",144.88,57.27,1.93,10.65,1.93,+2.14%,-37.23%,50,+58.00%,+4.95%,10,+10.00%,-7.47%,
india,hs_same_month,2,base,"100,000.00","79,510.67",-20.49%,-1.18%,-10.93%,+25.02%,-0.338,-0.467,-0.227,+31.75%,+31.75%,-48.07,+36.82%,-8.96%,+1.031,+93.16%,+0.09%,220,154,-0.77%,-1.32%,+39.04%,-40.99%,+0.788,-1.32%,81,116,110,+31.82%,-3.15%,"3,828.46","3,441.04",259.33,102.20,3.44,19.02,3.44,+3.83%,-18.69%,80,+50.00%,+2.60%,30,+20.00%,-5.05%,
india,hs_same_month,3,base,"100,000.00","196,898.40",+96.90%,+2.94%,+25.91%,+17.19%,1.427,+2.102,+1.181,+99.12%,+99.12%,-21.95,+48.48%,+19.93%,+0.741,+96.08%,+25.39%,330,178,-0.41%,+2.94%,+86.37%,-31.17%,+1.698,+2.94%,160,170,230,+45.22%,+1.86%,"7,440.21","6,696.51",494.41,198.89,6.70,37.00,6.70,+7.44%,+7.68%,90,+61.11%,+7.42%,10,+10.00%,-12.64%,
india,hs_same_month,5,base,"100,000.00","220,316.91",+120.32%,+1.79%,+17.46%,+18.36%,0.969,+1.381,+0.524,+98.34%,+98.34%,-33.32,+52.68%,+11.76%,+0.752,+97.88%,+47.44%,560,240,+0.44%,+1.78%,+105.17%,-71.10%,+1.441,+1.78%,295,265,370,+49.73%,+1.04%,"12,527.23","11,270.79",836.87,334.74,11.27,62.28,11.27,+12.53%,+12.53%,110,+56.36%,+2.68%,80,+61.25%,+3.96%,
india,hurst_trend_quality,1,base,"100,000.00","147,890.11",+47.89%,+12.33%,+48.59%,+22.26%,1.891,+2.886,+4.510,+96.91%,+96.91%,-10.77,+53.85%,+51.22%,+1.102,+98.76%,-0.21%,39,33,+3.94%,+12.26%,+99.40%,-20.87%,+4.632,+12.26%,21,18,28,+46.43%,+4.06%,913.92,824.99,58.21,24.50,0.82,4.56,0.82,+0.91%,+1.91%,7,+71.43%,+18.86%,4,+75.00%,+58.14%,
india,hurst_trend_quality,1,invvol2,"100,000.00","136,523.05",+36.52%,+11.63%,+37.04%,+17.27%,1.912,+2.906,+4.127,+97.02%,+97.02%,-8.97,+53.85%,+38.32%,+0.852,+98.76%,-0.21%,39,33,+3.94%,+12.26%,+99.40%,-20.87%,+4.609,+12.26%,21,18,28,+46.43%,+4.06%,736.19,664.42,47.04,19.73,0.66,3.67,0.66,+0.74%,+2.02%,7,+71.43%,+18.86%,4,+75.00%,+58.14%,
india,hurst_trend_quality,1,base,"100,000.00","147,297.96",+47.30%,+12.17%,+47.99%,+22.24%,1.875,+2.858,+4.454,+96.79%,+96.79%,-10.77,+53.85%,+51.06%,+1.099,+98.76%,-0.48%,39,33,+3.94%,+12.11%,+98.97%,-20.87%,+4.591,+12.11%,21,18,28,+46.43%,+4.06%,913.30,824.40,58.21,24.48,0.82,4.56,0.82,+0.91%,+1.93%,7,+71.43%,+18.67%,4,+75.00%,+56.99%,
india,hurst_trend_quality,2,base,"100,000.00","145,637.25",+45.64%,+7.24%,+20.91%,+26.83%,0.842,+1.228,+0.679,+88.15%,+88.15%,-30.79,+53.85%,+23.77%,+1.202,+97.78%,+0.37%,65,52,+2.42%,+7.20%,+98.97%,-46.30%,+2.149,+7.20%,35,30,39,+46.15%,-0.76%,"1,449.75","1,306.64",94.47,38.81,1.31,7.22,1.31,+1.45%,+3.18%,18,+72.22%,+22.53%,8,+50.00%,+11.49%,
india,hurst_trend_quality,2,invvol2,"100,000.00","134,877.59",+34.88%,+7.18%,+16.31%,+19.75%,0.864,+1.252,+0.705,+88.70%,+88.70%,-23.12,+53.85%,+17.50%,+0.892,+97.78%,+0.37%,65,52,+2.42%,+7.20%,+98.97%,-46.30%,+2.199,+7.20%,35,30,39,+46.15%,-0.76%,"1,116.46","1,006.23",72.77,29.89,1.01,5.56,1.01,+1.12%,+3.20%,18,+72.22%,+22.53%,8,+50.00%,+11.49%,
india,hurst_trend_quality,2,base,"100,000.00","145,073.75",+45.07%,+7.15%,+20.67%,+26.82%,0.835,+1.218,+0.671,+87.95%,+87.95%,-30.79,+53.85%,+23.73%,+1.201,+97.78%,+0.09%,65,52,+2.42%,+7.11%,+98.97%,-46.30%,+2.135,+7.11%,35,30,39,+46.15%,-0.76%,"1,449.17","1,306.08",94.47,38.79,1.31,7.22,1.31,+1.45%,+3.22%,18,+72.22%,+22.24%,8,+50.00%,+11.44%,
india,hurst_trend_quality,3,base,"100,000.00","257,721.24",+157.72%,+16.08%,+37.98%,+17.09%,1.971,+2.903,+2.532,+99.94%,+99.94%,-15.0,+61.96%,+32.44%,+0.643,+99.18%,+25.73%,92,62,+6.72%,+16.08%,+199.71%,-42.15%,+4.292,+16.08%,57,35,65,+63.08%,+16.73%,"2,199.83","1,987.99",137.84,59.04,1.99,10.99,1.99,+2.20%,+1.49%,18,+61.11%,+16.76%,9,+55.56%,+10.09%,
india,hurst_trend_quality,3,invvol2,"100,000.00","208,481.16",+108.48%,+14.81%,+28.38%,+13.33%,1.942,+2.866,+2.194,+99.94%,+99.94%,-12.94,+61.96%,+23.93%,+0.510,+99.18%,+25.73%,92,62,+6.72%,+16.08%,+199.71%,-42.15%,+4.215,+16.08%,57,35,65,+63.08%,+16.73%,"1,615.94","1,459.79",101.81,43.36,1.46,8.07,1.46,+1.62%,+1.61%,18,+61.11%,+16.76%,9,+55.56%,+10.09%,
india,hurst_trend_quality,3,base,"100,000.00","257,137.54",+157.14%,+16.02%,+37.88%,+17.07%,1.969,+2.896,+2.525,+99.94%,+99.94%,-15.0,+61.96%,+32.44%,+0.641,+99.18%,+25.39%,92,62,+6.68%,+16.02%,+199.71%,-42.15%,+4.280,+16.02%,57,35,65,+63.08%,+16.73%,"2,199.23","1,987.42",137.84,59.03,1.99,10.98,1.99,+2.20%,+1.49%,18,+61.11%,+16.45%,9,+55.56%,+10.09%,
india,hurst_trend_quality,5,base,"100,000.00","348,678.15",+248.68%,+16.15%,+28.97%,+14.61%,1.816,+2.729,+0.920,+100.00%,+100.00%,-31.5,+60.14%,+24.31%,+0.533,+99.76%,+47.84%,148,93,+4.99%,+16.14%,+301.09%,-46.65%,+3.700,+16.14%,89,59,101,+60.40%,+16.86%,"3,537.77","3,197.16",221.60,94.96,3.20,17.67,3.20,+3.54%,+1.48%,20,+60.00%,+17.47%,27,+59.26%,+12.49%,
india,hurst_trend_quality,5,invvol2,"100,000.00","275,743.17",+175.74%,+15.54%,+22.95%,+11.48%,1.858,+2.782,+1.014,+100.00%,+100.00%,-22.64,+60.14%,+19.13%,+0.428,+99.76%,+47.84%,148,93,+4.99%,+16.14%,+301.09%,-46.65%,+3.826,+16.14%,89,59,101,+60.40%,+16.86%,"2,577.90","2,329.28",161.91,69.18,2.33,12.87,2.33,+2.58%,+1.54%,20,+60.00%,+17.47%,27,+59.26%,+12.49%,
india,hurst_trend_quality,5,base,"100,000.00","348,094.79",+248.09%,+16.11%,+28.93%,+14.60%,1.814,+2.726,+0.918,+100.00%,+100.00%,-31.5,+60.14%,+24.32%,+0.532,+99.76%,+47.44%,148,93,+4.99%,+16.10%,+301.09%,-46.65%,+3.694,+16.10%,89,59,101,+60.40%,+16.86%,"3,537.18","3,196.58",221.60,94.94,3.20,17.66,3.20,+3.54%,+1.48%,20,+60.00%,+17.20%,27,+59.26%,+12.48%,
india,kama_trend,1,base,"100,000.00","87,561.88",-12.44%,-0.48%,-12.58%,+16.64%,-0.724,-0.950,-0.600,+23.46%,+23.46%,-20.98,+28.81%,-11.61%,+0.756,+99.60%,-0.48%,302,219,-1.75%,-0.49%,+43.45%,-19.98%,+0.804,-0.49%,87,212,165,+27.88%,-0.71%,"5,809.89","5,223.22",392.24,155.13,5.22,28.86,5.22,+5.81%,-46.71%,112,+31.25%,-0.29%,25,+24.00%,+0.05%,
india,kama_trend,2,base,"100,000.00","75,375.46",-24.62%,-0.50%,-13.30%,+17.79%,-0.713,-0.923,-0.360,+15.56%,+15.56%,-37.0,+29.74%,-12.46%,+0.687,+99.76%,+0.09%,622,338,-1.65%,-0.46%,+43.45%,-27.18%,+0.806,-0.46%,185,414,328,+29.88%,-0.39%,"11,029.21","9,915.42",744.68,294.49,9.92,54.79,9.92,+11.03%,-44.79%,200,+31.00%,-0.45%,94,+26.60%,-0.75%,
india,kama_trend,3,base,"100,000.00","90,402.77",-9.60%,-0.11%,-3.37%,+17.51%,-0.108,-0.144,-0.085,+42.64%,+42.64%,-39.55,+32.36%,-7.77%,+0.723,+99.81%,+25.39%,921,395,-1.74%,-0.14%,+53.30%,-27.18%,+0.957,-0.14%,298,619,627,+33.33%,+0.06%,"19,342.35","17,391.32","1,303.62",516.52,17.39,96.10,17.39,+19.34%,-201.54%,200,+32.00%,-0.47%,94,+26.60%,-0.84%,
india,kama_trend,5,base,"100,000.00","82,475.00",-17.53%,-0.13%,-3.85%,+18.48%,-0.12,-0.159,-0.088,+39.54%,+39.54%,-43.55,+32.54%,-8.08%,+0.701,+99.67%,+47.44%,1518,449,-1.70%,-0.06%,+110.96%,-27.18%,+0.952,-0.06%,494,"1,001","1,038",+32.76%,-0.14%,"30,720.24","27,621.39","2,070.61",820.36,27.62,152.64,27.62,+30.72%,-175.29%,264,+30.68%,-0.20%,216,+33.80%,+0.48%,
india,low_idio_vol,1,base,"100,000.00","98,816.00",-1.18%,-0.59%,-1.20%,+14.83%,-0.007,-0.010,-0.071,+49.72%,+49.72%,-16.87,+40.00%,-0.50%,+1.061,+98.40%,-0.48%,20,16,-5.36%,-0.59%,+45.09%,-18.89%,+0.908,-0.59%,8,12,20,+40.00%,-0.59%,443.59,398.79,29.96,11.84,0.40,2.20,0.40,+0.44%,-37.47%,,,,,,,
india,low_idio_vol,2,base,"100,000.00","106,098.88",+6.10%,+1.56%,+3.03%,+13.02%,0.295,+0.422,+0.192,+66.08%,+66.08%,-15.84,+52.50%,+3.06%,+0.898,+97.60%,+0.09%,40,21,+2.49%,+1.59%,+41.50%,-29.35%,+1.277,+1.59%,21,19,20,+30.00%,-4.66%,878.20,790.06,58.73,23.46,0.79,4.37,0.79,+0.88%,+14.40%,10,+90.00%,+13.69%,10,+60.00%,+1.99%,
india,low_idio_vol,3,base,"100,000.00","128,790.91",+28.79%,+4.80%,+8.99%,+11.01%,0.837,+1.216,+0.725,+92.40%,+92.40%,-12.4,+60.00%,+2.87%,+0.744,+99.06%,+25.39%,60,27,+4.53%,+4.80%,+50.75%,-30.57%,+2.139,+4.80%,36,24,40,+55.00%,+2.36%,"1,364.37","1,228.73",89.89,36.49,1.23,6.79,1.23,+1.36%,+4.74%,20,+70.00%,+9.68%,,,,
india,low_idio_vol,5,base,"100,000.00","145,175.36",+45.18%,+4.58%,+7.89%,+10.87%,0.753,+1.087,+0.430,+95.17%,+95.17%,-18.33,+63.00%,+2.40%,+0.656,+99.68%,+47.44%,100,42,+3.75%,+4.63%,+40.64%,-29.88%,+2.313,+4.63%,63,37,70,+57.14%,+3.42%,"2,243.04","2,019.91",147.94,59.99,2.02,11.16,2.02,+2.24%,+4.97%,20,+80.00%,+6.70%,10,+70.00%,+9.01%,
india,lt_reversal_path,1,base,"100,000.00","100,000.00",+0.00%,+0.00%,+0.00%,+0.00%,0.0,+0.000,+0.000,+50.00%,+50.00%,0.0,+0.00%,+0.00%,+0.000,+0.00%,-0.48%,0,0,+0.00%,+0.00%,+0.00%,+0.00%,+0.000,+0.00%,0,0,,,,0.00,,,,,,,+0.00%,+0.00%,,,,,,,
india,lt_reversal_path,2,base,"100,000.00","100,000.00",+0.00%,+0.00%,+0.00%,+0.00%,0.0,+0.000,+0.000,+50.00%,+50.00%,0.0,+0.00%,+0.00%,+0.000,+0.00%,+0.09%,0,0,+0.00%,+0.00%,+0.00%,+0.00%,+0.000,+0.00%,0,0,,,,0.00,,,,,,,+0.00%,+0.00%,,,,,,,
india,lt_reversal_path,3,base,"100,000.00","95,506.60",-4.49%,-2.43%,-1.55%,+13.24%,-0.052,-0.074,-0.057,+46.45%,+46.45%,-27.26,+55.00%,-3.90%,+0.384,+31.13%,+25.39%,20,14,+1.35%,-1.67%,+34.84%,-35.27%,+0.760,-1.67%,11,9,10,+20.00%,-15.13%,406.51,365.22,27.70,10.85,0.37,2.02,0.37,+0.41%,-9.05%,,,,10,+90.00%,+11.79%,
india,lt_reversal_path,5,base,"100,000.00","162,510.86",+62.51%,+10.42%,+10.40%,+12.88%,0.833,+1.204,+0.651,+96.63%,+96.63%,-15.97,+61.67%,+7.16%,+0.430,+58.96%,+47.44%,60,34,+6.78%,+10.42%,+134.65%,-39.05%,+2.271,+10.42%,37,23,40,+47.50%,+5.78%,"1,399.38","1,262.49",89.89,37.50,1.26,6.98,1.26,+1.40%,+2.24%,20,+90.00%,+19.69%,,,,
india,ma_timing_200,1,base,"100,000.00","116,033.61",+16.03%,+2.96%,+16.24%,+25.69%,0.715,+1.017,+1.143,+75.96%,+75.96%,-14.21,+37.93%,+19.64%,+1.121,+99.56%,-0.48%,29,28,-6.45%,+3.36%,+92.83%,-58.60%,+1.309,+3.36%,11,18,20,+25.00%,+2.30%,576.93,519.27,38.33,15.42,0.52,2.87,0.52,+0.58%,+7.61%,9,+66.67%,+5.73%,,,,
india,ma_timing_200,1,trail15,"100,000.00","93,394.18",-6.61%,-0.91%,-6.68%,+25.18%,-0.147,-0.193,-0.269,+44.16%,+44.16%,-24.8,+38.55%,-4.33%,+1.091,+99.56%,-0.21%,83,43,-4.22%,-0.55%,+61.58%,-57.40%,+0.849,-0.55%,32,51,44,+38.64%,-2.61%,"1,615.42","1,452.08",109.28,43.13,1.45,8.02,1.45,+1.62%,-24.45%,30,+46.67%,+6.01%,9,+11.11%,-12.36%,
india,ma_timing_200,2,base,"100,000.00","88,729.63",-11.27%,-2.60%,-5.86%,+27.85%,-0.077,-0.106,-0.196,+45.69%,+45.69%,-29.83,+36.21%,-3.17%,+1.186,+99.76%,+0.09%,58,53,-8.64%,-3.37%,+90.22%,-61.08%,+0.784,-3.37%,21,35,29,+20.69%,-9.35%,951.35,854.66,64.87,25.38,0.85,4.72,0.85,+0.95%,-8.44%,21,+61.90%,+9.08%,8,+25.00%,-14.38%,
india,ma_timing_200,3,base,"100,000.00","253,923.21",+153.92%,+22.64%,+37.29%,+19.40%,1.732,+2.511,+2.247,+99.76%,+99.76%,-16.59,+44.12%,+31.48%,+0.726,+99.84%,+25.39%,68,63,-2.96%,+22.64%,+382.40%,-61.08%,+3.364,+22.64%,30,38,39,+38.46%,+37.01%,"1,672.20","1,513.97",101.88,44.96,1.51,8.37,1.51,+1.67%,+1.09%,20,+60.00%,+11.11%,9,+33.33%,-14.03%,
india,ma_timing_200,3,trail15,"100,000.00","170,263.14",+70.26%,+2.62%,+19.84%,+20.03%,1.004,+1.380,+0.997,+95.36%,+95.36%,-19.9,+40.89%,+13.92%,+0.818,+99.85%,+25.73%,269,89,-3.28%,+2.67%,+127.53%,-58.72%,+1.485,+2.67%,110,159,176,+39.77%,+2.53%,"6,041.09","5,436.67",402.03,161.47,5.44,30.04,5.44,+6.04%,+8.60%,68,+45.59%,+5.20%,25,+36.00%,-3.15%,
india,ma_timing_200,5,base,"100,000.00","325,804.67",+225.80%,+21.77%,+27.20%,+20.27%,1.289,+1.837,+0.698,+99.73%,+99.73%,-38.97,+47.62%,+21.49%,+0.751,+99.91%,+47.44%,105,89,-2.16%,+22.19%,+594.12%,-60.04%,+3.318,+22.19%,50,55,57,+52.63%,+37.71%,"2,541.35","2,300.32",155.40,68.32,2.30,12.71,2.30,+2.54%,+1.13%,34,+47.06%,+6.04%,14,+28.57%,-1.77%,
india,ma_timing_200,5,trail15,"100,000.00","279,960.92",+179.96%,+4.00%,+23.33%,+18.75%,1.213,+1.737,+0.697,+99.59%,+99.59%,-33.48,+38.11%,+18.29%,+0.666,+99.91%,+47.84%,454,123,-4.54%,+3.98%,+225.11%,-58.72%,+1.679,+3.98%,173,281,281,+36.30%,+2.31%,"10,196.68","9,180.64",674.29,272.66,9.18,50.73,9.18,+10.20%,+5.67%,121,+35.54%,+2.40%,52,+53.85%,+16.69%,
india,max_avoidance,1,base,"100,000.00","98,144.45",-1.86%,-1.28%,-1.88%,+11.76%,-0.102,-0.138,-0.199,+45.96%,+45.96%,-9.42,+40.00%,-1.39%,+0.536,+59.44%,-0.48%,15,15,-5.44%,-1.13%,+29.87%,-53.81%,+0.836,-1.13%,6,9,5,+20.00%,-10.14%,320.42,287.98,21.71,8.55,0.29,1.59,0.29,+0.32%,-17.27%,10,+50.00%,+3.38%,,,,
india,max_avoidance,1,invvol2,"100,000.00","105,169.09",+5.17%,+3.98%,+5.23%,+9.71%,0.574,+0.846,+0.788,+71.59%,+71.59%,-6.64,+50.00%,+5.44%,+0.424,+54.56%,-0.21%,14,14,+0.48%,+4.56%,+29.87%,-11.21%,+1.967,+4.56%,7,7,4,+25.00%,+0.78%,293.89,264.61,19.44,7.86,0.26,1.46,0.26,+0.29%,+5.69%,10,+60.00%,+6.07%,,,,
india,max_avoidance,2,base,"100,000.00","111,837.81",+11.84%,+3.97%,+5.81%,+16.40%,0.427,+0.599,+0.241,+72.53%,+72.53%,-24.16,+45.16%,+6.56%,+0.707,+70.16%,+0.09%,31,25,-2.11%,+6.72%,+131.84%,-51.72%,+1.503,+6.72%,14,17,12,+16.67%,-12.71%,675.02,607.75,44.64,18.05,0.61,3.36,0.61,+0.68%,+5.70%,19,+63.16%,+19.00%,,,,
india,max_avoidance,2,invvol2,"100,000.00","115,974.54",+15.97%,+6.11%,+7.77%,+14.63%,0.585,+0.831,+0.340,+79.42%,+79.42%,-22.84,+50.00%,+8.24%,+0.609,+67.76%,+0.37%,30,25,-0.49%,+9.31%,+131.84%,-42.68%,+1.939,+9.31%,15,15,11,+18.18%,-9.16%,597.98,538.76,39.16,16.00,0.54,2.98,0.54,+0.60%,+3.74%,19,+68.42%,+20.00%,,,,
india,max_avoidance,3,base,"100,000.00","206,953.00",+106.95%,+21.83%,+28.06%,+14.31%,1.801,+2.730,+2.222,+99.87%,+99.87%,-12.63,+61.22%,+23.06%,+0.585,+77.95%,+25.39%,49,33,+12.64%,+21.83%,+134.60%,-51.72%,+5.108,+21.83%,30,19,30,+60.00%,+25.62%,"1,200.87","1,086.99",73.41,32.28,1.09,6.01,1.09,+1.20%,+1.12%,16,+62.50%,+10.22%,3,+66.67%,+45.85%,
india,max_avoidance,5,base,"100,000.00","266,318.64",+166.32%,+18.90%,+22.08%,+13.64%,1.532,+2.174,+1.287,+99.95%,+99.95%,-17.16,+63.64%,+17.01%,+0.584,+86.64%,+47.44%,88,50,+13.49%,+18.90%,+147.76%,-51.72%,+4.146,+18.90%,56,32,51,+54.90%,+11.10%,"2,129.73","1,926.20",131.83,57.21,1.93,10.64,1.93,+2.13%,+1.28%,16,+62.50%,+10.52%,21,+85.71%,+44.22%,
india,pead_drift,1,base,"100,000.00","88,159.96",-11.84%,-3.13%,-11.97%,+21.60%,-0.482,-0.642,-0.441,+31.56%,+31.56%,-27.18,+37.50%,-10.24%,+1.048,+99.60%,-0.48%,40,35,-3.07%,-2.81%,+40.52%,-37.89%,+0.640,-2.81%,15,24,30,+36.67%,-4.60%,830.18,745.67,56.75,22.15,0.75,4.12,0.75,+0.83%,-7.01%,10,+40.00%,+2.57%,,,,
india,pead_drift,2,base,"100,000.00","75,152.65",-24.85%,-3.44%,-13.43%,+25.22%,-0.445,-0.593,-0.380,+26.49%,+26.49%,-35.37,+38.75%,-11.56%,+1.162,+99.78%,+0.09%,80,69,-1.92%,-3.02%,+51.99%,-42.83%,+0.572,-3.02%,31,46,50,+32.00%,-5.64%,"1,579.56","1,418.61",108.14,42.13,1.42,7.84,1.42,+1.58%,-6.36%,20,+60.00%,+2.87%,10,+30.00%,-1.69%,
india,pead_drift,3,base,"100,000.00","148,188.61",+48.19%,+4.02%,+14.31%,+18.91%,0.803,+1.099,+0.648,+91.14%,+91.14%,-22.1,+54.17%,+8.47%,+0.822,+99.87%,+25.39%,120,91,+2.38%,+4.02%,+98.25%,-39.57%,+1.637,+4.02%,65,55,90,+51.11%,+2.61%,"2,718.98","2,448.06",179.79,72.71,2.45,13.53,2.45,+2.72%,+5.64%,30,+63.33%,+8.24%,,,,
india,pead_drift,5,base,"100,000.00","273,091.47",+173.09%,+8.65%,+22.71%,+16.99%,1.291,+1.845,+0.798,+99.74%,+99.74%,-28.45,+54.00%,+17.38%,+0.665,+99.91%,+47.44%,200,120,+4.46%,+8.65%,+202.63%,-40.83%,+2.387,+8.65%,108,92,140,+53.57%,+10.60%,"4,627.96","4,172.98",299.64,123.94,4.17,23.06,4.17,+4.63%,+2.67%,40,+65.00%,+9.60%,20,+35.00%,-6.83%,
india,piotroski_value,1,base,"100,000.00","125,045.30",+25.05%,+20.87%,+25.38%,+16.60%,1.447,+2.046,+1.902,+91.49%,+91.49%,-13.35,+83.33%,+26.82%,+0.642,+55.52%,-0.48%,12,11,+15.69%,+20.87%,+96.75%,-17.36%,+14.678,+20.87%,10,2,10,+80.00%,+23.60%,292.90,265.05,17.98,7.87,0.27,1.46,0.27,+0.29%,+1.17%,2,+100.00%,+7.22%,,,,
india,piotroski_value,2,base,"100,000.00","123,347.22",+23.35%,+15.56%,+11.18%,+12.43%,0.915,+1.281,+0.776,+89.34%,+89.34%,-14.4,+80.00%,+11.60%,+0.439,+35.38%,+0.09%,15,14,+11.09%,+15.56%,+96.75%,-17.36%,+9.648,+15.56%,12,3,11,+81.82%,+20.24%,357.86,323.35,22.47,9.60,0.32,1.79,0.32,+0.36%,+1.53%,4,+75.00%,+2.71%,,,,
india,piotroski_value,3,base,"100,000.00","187,487.84",+87.49%,+30.17%,+23.83%,+12.91%,1.721,+2.434,+2.467,+99.68%,+99.68%,-9.66,+82.76%,+19.81%,+0.484,+47.80%,+25.39%,29,24,+17.68%,+30.17%,+216.17%,-17.36%,+17.656,+30.17%,24,5,25,+84.00%,+34.56%,735.83,667.54,43.45,19.83,0.67,3.69,0.67,+0.74%,+0.84%,4,+75.00%,+2.71%,,,,
india,piotroski_value,5,base,"100,000.00","206,298.25",+106.30%,+20.08%,+15.90%,+11.81%,1.309,+1.853,+1.034,+99.72%,+99.72%,-15.37,+77.36%,+12.59%,+0.405,+53.27%,+47.44%,53,43,+13.71%,+20.04%,+96.75%,-19.55%,+8.662,+20.04%,41,12,34,+70.59%,+22.29%,"1,287.51","1,164.85",79.29,34.60,1.16,6.44,1.16,+1.29%,+1.21%,4,+75.00%,+2.71%,15,+93.33%,+19.54%,
india,piotroski_value_f6,1,base,"100,000.00","106,068.90",+6.07%,+4.33%,+6.14%,+16.14%,0.451,+0.611,+0.476,+67.08%,+67.08%,-12.91,+50.00%,+7.02%,+0.744,+65.04%,-0.21%,14,13,-0.47%,+4.33%,+39.40%,-23.76%,+1.753,+4.33%,7,7,10,+50.00%,+4.56%,317.68,286.05,20.98,8.50,0.29,1.58,0.29,+0.32%,+5.23%,4,+50.00%,+3.77%,,,,
india,piotroski_value_f6,2,base,"100,000.00","108,225.64",+8.23%,+4.33%,+4.07%,+12.37%,0.385,+0.528,+0.323,+70.40%,+70.40%,-12.61,+57.89%,+4.30%,+0.529,+45.22%,+0.37%,19,17,+0.74%,+4.33%,+39.40%,-23.76%,+1.784,+4.33%,11,8,12,+58.33%,+4.82%,431.12,388.21,28.47,11.53,0.39,2.15,0.39,+0.43%,+5.24%,7,+57.14%,+3.48%,,,,
india,piotroski_value_f6,3,base,"100,000.00","178,975.19",+78.98%,+22.56%,+21.89%,+13.20%,1.567,+2.188,+2.541,+99.35%,+99.35%,-8.62,+74.29%,+17.17%,+0.557,+57.86%,+25.73%,35,27,+12.93%,+22.56%,+216.17%,-23.76%,+7.526,+22.56%,26,9,28,+78.57%,+27.33%,860.44,779.01,52.44,23.14,0.78,4.30,0.78,+0.86%,+1.09%,7,+57.14%,+3.48%,,,,
india,piotroski_value_f6,5,base,"100,000.00","196,066.07",+96.07%,+15.15%,+14.70%,+12.97%,1.123,+1.560,+0.677,+99.19%,+99.19%,-21.71,+71.88%,+10.38%,+0.526,+64.43%,+47.84%,64,45,+11.90%,+15.12%,+94.27%,-30.52%,+5.198,+15.12%,46,18,45,+66.67%,+13.32%,"1,510.47","1,364.64",95.03,40.53,1.36,7.54,1.36,+1.51%,+1.57%,7,+57.14%,+3.48%,12,+100.00%,+28.68%,
india,qmj_quality,1,base,"100,000.00","95,071.65",-4.93%,-6.16%,-4.99%,+8.26%,-0.577,-0.627,-0.629,+24.94%,+24.94%,-7.93,+50.00%,-4.73%,+0.208,+28.32%,-0.48%,8,8,-2.35%,-6.16%,+27.71%,-63.93%,+0.465,-6.16%,4,4,3,+0.00%,-9.39%,172.81,155.05,11.99,4.61,0.16,0.86,0.16,+0.17%,-3.51%,5,+80.00%,-4.22%,,,,
india,qmj_quality,2,base,"100,000.00","89,891.24",-10.11%,-9.19%,-5.24%,+6.91%,-0.744,-0.832,-0.418,+9.93%,+9.93%,-12.54,+45.45%,-5.15%,+0.162,+21.78%,+0.09%,11,10,-6.54%,-9.19%,+27.71%,-63.93%,+0.316,-9.19%,5,6,6,+16.67%,-13.33%,234.16,209.86,16.48,6.23,0.21,1.16,0.21,+0.23%,-2.32%,5,+80.00%,-4.22%,,,,
india,qmj_quality,3,base,"100,000.00","113,747.34",+13.75%,+7.64%,+4.48%,+5.78%,0.787,+1.012,+0.454,+88.15%,+88.15%,-9.86,+61.11%,+3.35%,+0.147,+26.66%,+25.39%,18,12,+4.51%,+7.64%,+90.29%,-63.93%,+1.937,+7.64%,11,7,13,+53.85%,+12.20%,414.62,373.74,26.97,11.10,0.37,2.07,0.37,+0.41%,+3.02%,5,+80.00%,-4.22%,,,,
india,qmj_quality,5,base,"100,000.00","148,128.89",+48.13%,+12.04%,+8.33%,+7.85%,1.06,+1.466,+0.593,+98.73%,+98.73%,-14.06,+67.50%,+6.10%,+0.270,+38.55%,+47.44%,40,24,+6.98%,+12.04%,+90.29%,-63.93%,+2.942,+12.04%,27,13,29,+58.62%,+10.85%,939.12,847.67,59.90,25.18,0.85,4.68,0.85,+0.94%,+1.95%,6,+83.33%,+7.33%,5,+100.00%,+24.65%,
india,sloan_low_accruals,1,base,"100,000.00","104,600.17",+4.60%,+2.33%,+4.66%,+17.10%,0.352,+0.496,+0.215,+63.63%,+63.63%,-21.7,+40.00%,+5.83%,+0.920,+99.56%,-0.48%,20,15,-3.97%,+2.41%,+77.09%,-17.56%,+1.404,+2.41%,8,12,20,+40.00%,+2.41%,443.22,398.83,29.53,11.85,0.40,2.20,0.40,+0.44%,+9.63%,,,,,,,
india,sloan_low_accruals,2,base,"100,000.00","91,491.07",-8.51%,-2.25%,-4.39%,+18.09%,-0.158,-0.220,-0.157,+41.23%,+41.23%,-28.02,+42.50%,-3.69%,+1.001,+97.08%,+0.09%,40,24,-5.64%,-1.55%,+46.04%,-32.68%,+0.730,-1.55%,17,23,26,+30.77%,-6.71%,831.50,747.09,56.61,22.19,0.75,4.13,0.75,+0.83%,-9.77%,14,+64.29%,+8.01%,,,,
india,sloan_low_accruals,3,base,"100,000.00","146,742.81",+46.74%,+7.79%,+13.93%,+13.70%,1.021,+1.525,+0.810,+95.95%,+95.95%,-17.19,+56.67%,+7.63%,+0.774,+98.68%,+25.39%,60,29,+3.69%,+7.79%,+99.40%,-41.85%,+2.185,+7.79%,34,26,40,+50.00%,+6.91%,"1,383.01","1,246.70",89.89,37.03,1.25,6.89,1.25,+1.38%,+2.96%,14,+71.43%,+10.11%,6,+66.67%,+8.22%,
india,sloan_low_accruals,5,base,"100,000.00","139,518.49",+39.52%,+4.04%,+7.02%,+16.47%,0.495,+0.696,+0.232,+86.20%,+86.20%,-30.26,+55.00%,+0.01%,+0.918,+98.90%,+47.44%,100,43,+1.74%,+4.13%,+72.13%,-42.57%,+1.615,+4.13%,55,45,67,+50.75%,+3.79%,"2,214.35","1,993.73",146.40,59.21,1.99,11.02,1.99,+2.21%,+5.60%,17,+64.71%,+6.70%,16,+62.50%,+2.83%,
india,str_reversal_trend,1,base,"100,000.00","97,005.54",-2.99%,-0.26%,-3.03%,+21.44%,-0.037,-0.053,-0.167,+48.55%,+48.55%,-18.12,+50.83%,-1.22%,+1.173,+99.04%,-0.48%,120,106,+0.11%,-0.08%,+30.65%,-30.66%,+0.925,-0.08%,61,59,70,+45.71%,-1.23%,"2,599.12","2,336.84",175.29,69.40,2.34,12.91,2.34,+2.60%,-86.80%,50,+58.00%,+1.54%,,,,
india,str_reversal_trend,2,base,"100,000.00","105,924.71",+5.92%,+0.27%,+2.95%,+23.14%,0.241,+0.345,+0.112,+63.29%,+63.29%,-26.35,+49.57%,+4.63%,+1.162,+99.80%,+0.09%,230,177,-0.27%,+0.49%,+41.19%,-35.92%,+1.062,+0.49%,114,116,120,+34.17%,-2.59%,"4,959.16","4,459.50",333.65,132.45,4.46,24.64,4.46,+4.96%,+83.70%,80,+61.25%,+2.60%,30,+80.00%,+7.18%,
india,str_reversal_trend,3,base,"100,000.00","157,023.04",+57.02%,+1.68%,+16.59%,+16.85%,0.995,+1.427,+0.886,+95.39%,+95.39%,-18.72,+54.12%,+9.91%,+0.854,+99.87%,+25.39%,340,230,+1.33%,+1.68%,+41.19%,-35.92%,+1.491,+1.68%,184,156,230,+48.26%,+0.64%,"7,621.22","6,856.58",509.40,203.64,6.86,37.89,6.86,+7.62%,+13.37%,80,+61.25%,+2.60%,30,+80.00%,+7.18%,
india,str_reversal_trend,5,base,"100,000.00","162,090.10",+62.09%,+1.09%,+10.34%,+17.72%,0.644,+0.903,+0.454,+92.18%,+92.18%,-22.77,+49.12%,+4.34%,+0.808,+99.80%,+47.44%,570,297,-0.14%,+1.10%,+46.47%,-39.26%,+1.326,+1.10%,280,290,377,+45.36%,+0.47%,"12,688.23","11,413.00",850.37,338.97,11.41,63.07,11.41,+12.69%,+20.44%,110,+52.73%,+1.25%,83,+61.45%,+3.80%,
india,tsmom_12_1,1,base,"100,000.00","102,603.87",+2.60%,+1.15%,+2.64%,+24.26%,0.229,+0.324,+0.117,+58.97%,+58.97%,-22.55,+54.17%,+4.85%,+1.245,+98.76%,-0.21%,24,23,+2.23%,+1.52%,+41.81%,-40.13%,+1.146,+1.52%,13,11,20,+50.00%,-0.61%,506.07,455.21,33.91,13.52,0.46,2.52,0.46,+0.51%,+19.44%,4,+75.00%,+12.18%,,,,
india,tsmom_12_1,1,invvol2,"100,000.00","104,735.06",+4.74%,+2.98%,+4.79%,+16.70%,0.364,+0.523,+0.336,+64.10%,+64.10%,-14.27,+54.17%,+5.64%,+0.901,+98.76%,-0.21%,24,23,+2.23%,+1.60%,+41.73%,-40.13%,+1.490,+1.60%,13,11,20,+50.00%,-0.61%,358.70,322.85,23.83,9.59,0.32,1.78,0.32,+0.36%,+7.58%,4,+75.00%,+12.66%,,,,
india,tsmom_12_1,1,base,"100,000.00","102,529.90",+2.53%,+1.12%,+2.56%,+24.26%,0.226,+0.319,+0.114,+58.85%,+58.85%,-22.55,+54.17%,+5.13%,+1.242,+98.76%,-0.48%,24,23,+2.23%,+1.49%,+41.73%,-40.13%,+1.144,+1.49%,13,11,20,+50.00%,-0.72%,505.99,455.14,33.91,13.52,0.46,2.52,0.46,+0.51%,+20.00%,4,+75.00%,+12.55%,,,,
india,tsmom_12_1,2,base,"100,000.00","94,079.96",-5.92%,-1.62%,-3.03%,+28.65%,0.036,+0.050,-0.089,+52.00%,+52.00%,-34.17,+48.84%,-0.32%,+1.289,+97.78%,+0.37%,43,37,+0.00%,-0.68%,+51.20%,-51.81%,+0.866,-0.68%,21,21,24,+33.33%,-11.08%,807.35,725.54,54.80,21.55,0.73,4.01,0.73,+0.81%,-13.64%,13,+69.23%,+13.86%,6,+66.67%,+9.41%,
india,tsmom_12_1,2,invvol2,"100,000.00","100,987.33",+0.99%,+0.35%,+0.50%,+20.40%,0.126,+0.179,+0.021,+57.05%,+57.05%,-23.31,+51.16%,+1.59%,+0.951,+97.78%,+0.37%,43,37,+0.35%,-0.51%,+51.20%,-51.81%,+1.032,-0.51%,22,21,24,+33.33%,-11.08%,628.52,565.21,42.27,16.79,0.57,3.12,0.57,+0.63%,+63.66%,13,+76.92%,+14.44%,6,+66.67%,+9.40%,
india,tsmom_12_1,2,base,"100,000.00","94,131.62",-5.87%,-1.60%,-3.01%,+28.65%,0.037,+0.052,-0.088,+52.06%,+52.06%,-34.17,+48.84%,-0.12%,+1.289,+97.78%,+0.09%,43,37,+0.00%,-0.69%,+51.20%,-51.81%,+0.866,-0.69%,21,21,24,+33.33%,-11.14%,807.40,725.59,54.80,21.55,0.73,4.01,0.73,+0.81%,-13.76%,13,+69.23%,+14.00%,6,+66.67%,+9.23%,
india,tsmom_12_1,3,base,"100,000.00","209,024.35",+109.02%,+17.31%,+28.50%,+19.72%,1.371,+1.953,+1.850,+98.80%,+98.80%,-15.4,+69.84%,+22.29%,+0.798,+99.18%,+25.73%,63,45,+14.73%,+17.31%,+113.08%,-41.36%,+4.025,+17.31%,44,19,43,+65.12%,+19.30%,"1,514.40","1,369.04",94.39,40.66,1.37,7.57,1.37,+1.51%,+1.39%,19,+78.95%,+12.93%,1,+100.00%,+14.73%,
india,tsmom_12_1,3,invvol2,"100,000.00","176,498.26",+76.50%,+17.91%,+21.31%,+14.92%,1.37,+1.951,+1.651,+98.83%,+98.83%,-12.91,+69.84%,+16.25%,+0.621,+99.18%,+25.73%,63,45,+14.73%,+17.34%,+113.08%,-41.36%,+4.253,+17.34%,44,19,43,+65.12%,+19.30%,"1,029.46",930.81,64.00,27.65,0.93,5.14,0.93,+1.03%,+1.35%,19,+78.95%,+13.03%,1,+100.00%,+14.73%,
india,tsmom_12_1,3,base,"100,000.00","209,129.60",+109.13%,+17.32%,+28.52%,+19.72%,1.372,+1.954,+1.852,+98.81%,+98.81%,-15.4,+69.84%,+22.40%,+0.798,+99.18%,+25.39%,63,45,+14.50%,+17.32%,+113.08%,-41.36%,+4.045,+17.32%,44,19,43,+65.12%,+19.30%,"1,514.51","1,369.15",94.39,40.66,1.37,7.57,1.37,+1.51%,+1.39%,19,+78.95%,+13.01%,1,+100.00%,+14.32%,
india,tsmom_12_1,5,base,"100,000.00","361,379.71",+261.38%,+25.13%,+29.92%,+15.30%,1.788,+2.704,+0.884,+100.00%,+100.00%,-33.85,+65.38%,+24.90%,+0.574,+99.75%,+47.84%,104,71,+15.78%,+25.13%,+301.09%,-81.96%,+4.015,+25.13%,68,36,67,+64.18%,+20.10%,"2,584.48","2,341.50",155.82,69.54,2.34,12.94,2.34,+2.58%,+0.99%,18,+66.67%,+10.40%,19,+68.42%,+56.83%,
india,tsmom_12_1,5,invvol2,"100,000.00","273,651.16",+173.65%,+24.24%,+22.76%,+12.29%,1.731,+2.583,+0.939,+99.99%,+99.99%,-24.23,+65.38%,+18.50%,+0.481,+99.75%,+47.84%,104,71,+15.78%,+25.13%,+301.09%,-81.96%,+3.843,+25.13%,68,36,67,+64.18%,+20.10%,"1,773.35","1,606.24",107.31,47.71,1.61,8.88,1.61,+1.77%,+1.02%,18,+66.67%,+10.40%,19,+68.42%,+56.83%,
india,tsmom_12_1,5,base,"100,000.00","361,283.31",+261.28%,+25.12%,+29.91%,+15.30%,1.787,+2.704,+0.884,+100.00%,+100.00%,-33.85,+64.42%,+24.93%,+0.573,+99.75%,+47.44%,104,71,+15.78%,+25.12%,+301.09%,-81.96%,+4.013,+25.12%,67,37,67,+64.18%,+20.10%,"2,584.38","2,341.40",155.82,69.54,2.34,12.94,2.34,+2.58%,+0.99%,18,+61.11%,+10.37%,19,+68.42%,+56.81%,
us,betting_against_beta,1,base,"100,000.00","107,697.37",+7.70%,+3.85%,+7.76%,+13.79%,0.611,+0.913,+0.729,+72.88%,+72.88%,-10.64,+60.00%,+11.68%,-0.130,+98.41%,+21.22%,20,15,+1.67%,+3.85%,+40.54%,-15.60%,+2.311,+3.85%,12,8,20,+60.00%,+3.85%,40.77,,,,,,,+0.04%,+0.53%,,,,,,,40.77
us,betting_against_beta,2,base,"100,000.00","110,602.86",+10.60%,+2.66%,+5.21%,+13.84%,0.436,+0.628,+0.519,+72.98%,+72.98%,-10.03,+55.00%,+4.11%,+0.095,+99.20%,+47.92%,40,28,+1.04%,+2.67%,+40.60%,-25.35%,+1.572,+2.67%,22,18,40,+55.00%,+2.67%,80.80,,,,,,,+0.08%,+0.76%,,,,,,,80.80
us,betting_against_beta,3,base,"100,000.00","112,167.64",+12.17%,+2.04%,+3.93%,+13.12%,0.36,+0.516,+0.418,+73.22%,+73.22%,-9.41,+55.00%,+2.17%,+0.124,+99.47%,+78.49%,60,38,+2.35%,+2.09%,+42.41%,-27.50%,+1.451,+2.09%,33,27,60,+55.00%,+2.09%,120.25,,,,,,,+0.12%,+0.99%,,,,,,,120.25
us,betting_against_beta,5,base,"100,000.00","106,547.72",+6.55%,+0.66%,+1.28%,+13.60%,0.162,+0.225,+0.071,+64.07%,+64.07%,-18.08,+51.00%,-1.15%,+0.242,+99.84%,+84.89%,100,50,+0.40%,+0.74%,+44.30%,-25.77%,+1.138,+0.74%,51,49,90,+52.22%,+1.11%,198.30,,,,,,,+0.20%,+3.03%,10,+40.00%,-2.66%,,,,198.30
us,conservative_investment,1,base,"100,000.00","114,620.82",+14.62%,+7.31%,+14.75%,+16.53%,0.915,+1.317,+1.150,+81.72%,+81.72%,-12.82,+60.00%,+4.07%,+0.550,+99.60%,+21.22%,20,16,+1.88%,+7.31%,+70.44%,-34.96%,+2.210,+7.31%,12,8,20,+60.00%,+7.31%,41.46,,,,,,,+0.04%,+0.28%,,,,,,,41.46
us,conservative_investment,2,base,"100,000.00","121,639.62",+21.64%,+5.48%,+10.38%,+17.62%,0.648,+0.941,+0.554,+81.90%,+81.90%,-18.72,+50.00%,-0.84%,+0.581,+98.96%,+47.92%,40,30,+0.23%,+5.77%,+83.05%,-33.17%,+1.884,+5.77%,20,20,38,+52.63%,+6.91%,81.20,,,,,,,+0.08%,+0.38%,,,,2,+0.00%,-15.95%,81.20
us,conservative_investment,3,base,"100,000.00","120,486.37",+20.49%,+3.47%,+6.46%,+17.15%,0.451,+0.642,+0.269,+78.10%,+78.10%,-24.04,+50.00%,-4.80%,+0.613,+98.79%,+78.49%,60,34,+0.74%,+3.81%,+76.95%,-52.94%,+1.561,+3.81%,30,30,57,+50.88%,+4.48%,120.05,,,,,,,+0.12%,+0.59%,1,+100.00%,+5.45%,2,+0.00%,-15.95%,120.05
us,conservative_investment,5,base,"100,000.00","128,629.00",+28.63%,+2.86%,+5.20%,+16.28%,0.393,+0.551,+0.188,+80.85%,+80.85%,-27.7,+53.00%,-1.44%,+0.567,+97.21%,+84.89%,100,49,+0.67%,+2.86%,+77.00%,-53.30%,+1.435,+2.86%,53,47,78,+51.28%,+3.73%,202.86,,,,,,,+0.20%,+0.71%,14,+57.14%,+0.97%,8,+62.50%,-2.29%,202.86
us,downside_risk,1,base,"100,000.00","114,913.88",+14.91%,+7.46%,+15.04%,+12.29%,1.202,+1.852,+1.706,+88.51%,+88.51%,-8.82,+65.00%,+18.31%,-0.101,+98.41%,+21.22%,20,16,+6.99%,+7.46%,+49.52%,-18.72%,+3.600,+7.46%,13,7,20,+65.00%,+7.46%,41.49,,,,,,,+0.04%,+0.28%,,,,,,,41.49
us,downside_risk,2,base,"100,000.00","105,628.23",+5.63%,+1.44%,+2.80%,+13.83%,0.269,+0.373,+0.204,+64.69%,+64.69%,-13.73,+55.00%,+1.26%,+0.117,+99.20%,+47.92%,40,30,+2.46%,+1.73%,+49.68%,-36.09%,+1.271,+1.73%,22,18,40,+55.00%,+1.73%,78.66,,,,,,,+0.08%,+1.40%,,,,,,,78.66
us,downside_risk,3,base,"100,000.00","124,758.22",+24.76%,+4.13%,+7.72%,+11.90%,0.684,+0.985,+0.573,+87.96%,+87.96%,-13.47,+58.33%,+6.46%,+0.091,+99.47%,+78.49%,60,42,+3.70%,+4.13%,+51.94%,-36.87%,+1.985,+4.13%,35,25,60,+58.33%,+4.13%,122.48,,,,,,,+0.12%,+0.49%,,,,,,,122.48
us,downside_risk,5,base,"100,000.00","136,510.68",+36.51%,+3.67%,+6.46%,+12.49%,0.564,+0.796,+0.509,+89.42%,+89.42%,-12.69,+58.00%,+2.73%,+0.314,+99.84%,+84.89%,100,62,+2.96%,+3.55%,+50.71%,-25.05%,+2.007,+3.55%,58,42,90,+57.78%,+3.54%,202.72,,,,,,,+0.20%,+0.56%,10,+60.00%,+3.64%,,,,202.72
us,earnings_momentum,1,base,"100,000.00","121,006.41",+21.01%,+10.50%,+21.19%,+20.52%,1.039,+1.559,+1.918,+85.00%,+85.00%,-11.05,+70.00%,+0.87%,+1.012,+98.41%,+21.22%,20,18,+10.33%,+10.50%,+93.68%,-45.54%,+2.915,+10.50%,14,6,20,+70.00%,+10.50%,42.10,,,,,,,+0.04%,+0.20%,,,,,,,42.10
us,earnings_momentum,2,base,"100,000.00","131,842.01",+31.84%,+7.96%,+14.95%,+21.80%,0.748,+1.083,+0.655,+85.41%,+85.41%,-22.81,+60.00%,-5.95%,+1.063,+99.20%,+47.92%,40,34,+5.47%,+7.96%,+110.89%,-45.10%,+2.343,+7.96%,24,16,40,+60.00%,+7.96%,83.18,,,,,,,+0.08%,+0.26%,,,,,,,83.18
us,earnings_momentum,3,base,"100,000.00","161,669.39",+61.67%,+10.28%,+17.52%,+15.78%,1.102,+1.618,+1.142,+97.10%,+97.10%,-15.34,+65.00%,+0.79%,+0.804,+99.47%,+78.49%,60,47,+6.43%,+10.28%,+117.28%,-36.43%,+4.043,+10.28%,39,21,60,+65.00%,+10.28%,126.17,,,,,,,+0.13%,+0.20%,,,,,,,126.17
us,earnings_momentum,5,base,"100,000.00","167,057.24",+67.06%,+6.83%,+10.88%,+20.10%,0.615,+0.856,+0.406,+91.31%,+91.31%,-26.78,+53.00%,-0.16%,+0.904,+99.84%,+84.89%,100,77,+1.26%,+6.63%,+122.83%,-45.42%,+2.331,+6.63%,53,47,90,+53.33%,+7.46%,203.06,,,,,,,+0.20%,+0.30%,10,+50.00%,-0.92%,,,,203.06
us,fcf_yield_value,1,base,"100,000.00","125,300.38",+25.30%,+12.65%,+25.53%,+14.12%,1.682,+2.513,+3.327,+95.10%,+95.10%,-7.67,+75.00%,+16.22%,+0.430,+99.60%,+21.22%,20,19,+10.69%,+12.65%,+58.95%,-34.96%,+4.932,+12.65%,15,5,20,+75.00%,+12.65%,42.53,,,,,,,+0.04%,+0.17%,,,,,,,42.53
us,fcf_yield_value,2,base,"100,000.00","168,631.57",+68.63%,+17.16%,+30.13%,+15.99%,1.727,+2.657,+2.046,+99.23%,+99.23%,-14.72,+77.50%,+15.56%,+0.623,+99.80%,+47.92%,40,32,+12.12%,+17.16%,+275.35%,-33.17%,+4.879,+17.16%,31,9,40,+77.50%,+17.16%,86.86,,,,,,,+0.09%,+0.13%,,,,,,,86.86
us,fcf_yield_value,3,base,"100,000.00","200,845.54",+100.85%,+16.81%,+26.40%,+12.40%,1.952,+3.177,+2.750,+99.97%,+99.97%,-9.6,+73.33%,+15.62%,+0.469,+99.87%,+78.49%,60,37,+8.46%,+16.81%,+278.29%,-40.90%,+6.225,+16.81%,44,16,60,+73.33%,+16.81%,130.09,,,,,,,+0.13%,+0.13%,,,,,,,130.09
us,fcf_yield_value,5,base,"100,000.00","225,825.58",+125.83%,+12.58%,+17.82%,+16.52%,1.075,+1.594,+1.119,+99.16%,+99.16%,-15.93,+68.00%,+10.56%,+0.558,+99.92%,+84.89%,100,52,+6.02%,+12.58%,+230.01%,-62.48%,+4.275,+12.58%,68,32,90,+67.78%,+13.38%,212.58,,,,,,,+0.21%,+0.17%,10,+70.00%,+5.43%,,,,212.58
us,gross_profitability,1,base,"100,000.00","94,246.83",-5.75%,-3.43%,-5.80%,+12.71%,-0.406,-0.576,-0.534,+34.34%,+34.34%,-10.85,+29.41%,-15.13%,+0.555,+62.75%,+21.22%,17,14,-5.09%,-3.39%,+33.43%,-27.59%,+0.616,-3.39%,5,12,17,+29.41%,-3.39%,32.95,,,,,,,+0.03%,-0.57%,,,,,,,32.95
us,gross_profitability,2,base,"100,000.00","95,388.81",-4.61%,-1.77%,-2.35%,+12.28%,-0.132,-0.190,-0.195,+42.62%,+42.62%,-12.04,+46.15%,-11.94%,+0.525,+53.87%,+47.92%,26,16,-2.47%,-1.77%,+43.28%,-39.92%,+0.795,-1.77%,12,14,25,+48.00%,-0.33%,51.54,,,,,,,+0.05%,-1.12%,,,,1,+0.00%,-37.89%,51.54
us,gross_profitability,3,base,"100,000.00","103,175.47",+3.18%,+0.93%,+1.06%,+10.80%,0.151,+0.218,+0.086,+60.30%,+60.30%,-12.3,+50.00%,-8.16%,+0.491,+49.47%,+78.49%,34,17,+0.45%,+0.93%,+59.96%,-39.92%,+1.116,+0.93%,17,17,33,+51.52%,+2.11%,68.32,,,,,,,+0.07%,+2.15%,,,,1,+0.00%,-37.89%,68.32
us,gross_profitability,5,base,"100,000.00","105,947.43",+5.95%,+1.45%,+1.17%,+8.89%,0.175,+0.250,+0.097,+65.20%,+65.20%,-12.04,+48.78%,-2.73%,+0.312,+36.74%,+84.89%,41,17,-1.23%,+1.45%,+59.96%,-39.92%,+1.182,+1.45%,20,21,38,+52.63%,+3.55%,82.59,,,,,,,+0.08%,+1.39%,,,,3,+0.00%,-25.20%,82.59
us,gw52_proximity,1,base,"100,000.00","136,224.90",+36.22%,+18.11%,+36.56%,+20.20%,1.644,+2.477,+4.040,+94.86%,+94.86%,-9.05,+75.00%,+11.60%,+1.099,+98.80%,+21.22%,20,20,+9.76%,+18.11%,+125.59%,-27.04%,+9.073,+18.11%,15,5,20,+75.00%,+18.11%,43.62,,,,,,,+0.04%,+0.12%,,,,,,,43.62
us,gw52_proximity,2,base,"100,000.00","151,693.32",+51.69%,+12.92%,+23.37%,+17.47%,1.29,+2.004,+1.454,+96.72%,+96.72%,-16.07,+70.00%,+9.01%,+0.658,+99.40%,+47.92%,40,36,+6.49%,+12.92%,+297.54%,-40.77%,+4.978,+12.92%,28,12,40,+70.00%,+12.92%,85.17,,,,,,,+0.09%,+0.16%,,,,,,,85.17
us,gw52_proximity,3,base,"100,000.00","205,186.42",+105.19%,+17.53%,+27.32%,+12.89%,1.939,+2.991,+2.684,+99.95%,+99.95%,-10.18,+76.67%,+16.89%,+0.454,+99.60%,+78.49%,60,52,+8.17%,+17.53%,+248.80%,-18.72%,+10.658,+17.53%,46,14,60,+76.67%,+17.53%,130.52,,,,,,,+0.13%,+0.12%,,,,,,,130.52
us,gw52_proximity,5,base,"100,000.00","180,715.45",+80.72%,+8.13%,+12.65%,+15.78%,0.834,+1.200,+0.621,+96.78%,+96.78%,-20.37,+62.00%,+5.51%,+0.563,+99.92%,+84.89%,100,85,+3.22%,+8.10%,+135.63%,-43.06%,+3.244,+8.10%,62,38,90,+65.56%,+9.44%,206.68,,,,,,,+0.21%,+0.26%,10,+30.00%,-3.92%,,,,206.68
us,gw52_proximity,5,secneutral,"100,000.00","226,031.70",+126.03%,+12.60%,+17.84%,+13.44%,1.289,+1.904,+1.193,+99.79%,+99.79%,-14.96,+65.00%,+10.67%,+0.518,+99.92%,+84.89%,100,78,+5.66%,+12.60%,+208.39%,-43.06%,+5.053,+12.60%,65,35,90,+70.00%,+14.53%,212.60,,,,,,,+0.21%,+0.17%,10,+20.00%,-4.69%,,,,212.60
us,hs_same_month,1,base,"100,000.00","87,355.68",-12.64%,-1.21%,-12.74%,+30.23%,-0.298,-0.404,-0.592,+38.30%,+38.30%,-21.52,+35.45%,-34.03%,+1.608,+89.60%,+21.22%,110,77,-3.74%,-1.30%,+74.77%,-42.30%,+0.811,-1.30%,39,69,100,+36.00%,-0.87%,208.59,,,,,,,+0.21%,-1.65%,,,,10,+30.00%,-5.64%,208.59
us,hs_same_month,2,base,"100,000.00","131,463.75",+31.46%,+1.43%,+14.78%,+28.34%,0.629,+0.883,+0.476,+81.08%,+81.08%,-31.08,+50.91%,-8.86%,+1.283,+94.81%,+47.92%,220,125,+0.09%,+1.43%,+68.42%,-39.49%,+1.293,+1.43%,112,108,190,+47.89%,+0.19%,443.15,,,,,,,+0.44%,+1.41%,10,+70.00%,+7.74%,20,+70.00%,+10.10%,443.15
us,hs_same_month,3,base,"100,000.00","155,662.70",+55.66%,+1.69%,+16.03%,+21.68%,0.795,+1.123,+0.512,+91.30%,+91.30%,-31.29,+50.00%,-4.11%,+1.037,+96.54%,+78.49%,330,165,+0.08%,+1.70%,+92.53%,-41.19%,+1.329,+1.70%,165,165,290,+49.66%,+1.40%,664.93,,,,,,,+0.66%,+1.19%,10,+80.00%,+21.00%,30,+43.33%,-1.84%,664.93
us,hs_same_month,5,base,"100,000.00","167,620.40",+67.62%,+1.22%,+10.96%,+24.09%,0.552,+0.799,+0.405,+89.10%,+89.10%,-27.03,+50.71%,-1.70%,+1.083,+98.08%,+84.89%,560,228,+0.17%,+1.29%,+74.71%,-45.79%,+1.269,+1.29%,284,276,400,+49.00%,+0.92%,"1,119.49",,,,,,,+1.12%,+1.66%,100,+52.00%,+1.11%,60,+60.00%,+4.07%,"1,119.49"
us,hurst_trend_quality,1,invvol2,"100,000.00","110,615.68",+10.62%,+3.12%,+10.70%,+12.65%,0.867,+1.269,+1.307,+80.55%,+80.55%,-8.19,+62.79%,-1.18%,+0.601,+95.26%,+21.22%,43,41,+2.93%,+4.44%,+70.18%,-32.48%,+1.989,+4.44%,27,16,42,+64.29%,+4.65%,69.07,,,,,,,+0.07%,+0.65%,,,,1,+0.00%,-4.22%,69.07
us,hurst_trend_quality,1,base,"100,000.00","118,514.63",+18.51%,+4.39%,+18.68%,+17.87%,1.048,+1.551,+1.668,+85.10%,+85.10%,-11.19,+62.79%,+1.14%,+0.870,+95.26%,+21.22%,43,41,+2.93%,+4.44%,+70.18%,-32.48%,+2.137,+4.44%,27,16,42,+64.29%,+4.65%,86.19,,,,,,,+0.09%,+0.47%,,,,1,+0.00%,-4.22%,86.19
us,hurst_trend_quality,2,invvol2,"100,000.00","140,630.41",+40.63%,+5.96%,+18.75%,+13.58%,1.333,+1.958,+1.297,+96.81%,+96.81%,-14.45,+56.98%,+6.01%,+0.581,+99.28%,+47.92%,86,76,+2.76%,+7.13%,+86.99%,-32.48%,+2.422,+7.13%,49,37,75,+56.00%,+6.76%,140.39,,,,,,,+0.14%,+0.35%,,,,11,+63.64%,+9.60%,140.39
us,hurst_trend_quality,2,base,"100,000.00","161,277.96",+61.28%,+7.13%,+27.24%,+20.11%,1.299,+1.896,+1.285,+96.44%,+96.44%,-21.2,+56.98%,+7.66%,+0.887,+99.28%,+47.92%,86,76,+2.76%,+7.13%,+86.99%,-32.48%,+2.586,+7.13%,49,37,75,+56.00%,+6.76%,178.07,,,,,,,+0.18%,+0.29%,,,,11,+63.64%,+9.60%,178.07
us,hurst_trend_quality,3,base,"100,000.00","224,186.80",+124.19%,+10.02%,+31.16%,+17.91%,1.605,+2.469,+2.092,+99.73%,+99.73%,-14.9,+59.68%,+13.00%,+0.800,+99.52%,+78.49%,124,98,+3.04%,+10.02%,+229.18%,-35.20%,+3.531,+10.02%,74,50,112,+58.93%,+10.13%,260.31,,,,,,,+0.26%,+0.21%,,,,12,+66.67%,+8.98%,260.31
us,hurst_trend_quality,3,invvol2,"100,000.00","180,315.34",+80.32%,+8.01%,+21.91%,+13.47%,1.538,+2.372,+2.066,+99.62%,+99.62%,-10.6,+59.68%,+8.70%,+0.599,+99.52%,+78.49%,124,98,+3.04%,+10.02%,+229.18%,-35.20%,+3.107,+10.02%,74,50,112,+58.93%,+10.13%,208.57,,,,,,,+0.21%,+0.26%,,,,12,+66.67%,+8.98%,208.57
us,hurst_trend_quality,3,base,"100,000.00","224,186.80",+124.19%,+10.02%,+31.16%,+17.91%,1.605,+2.469,+2.092,+99.73%,+99.73%,-14.9,+59.68%,+13.00%,+0.800,+99.52%,+78.49%,124,98,+3.04%,+10.02%,+229.18%,-35.20%,+3.531,+10.02%,74,50,112,+58.93%,+10.13%,260.31,,,,,,,+0.26%,+0.21%,,,,12,+66.67%,+8.98%,260.31
us,hurst_trend_quality,5,base,"100,000.00","214,443.75",+114.44%,+6.06%,+16.60%,+21.46%,0.823,+1.189,+0.549,+96.63%,+96.63%,-30.21,+54.92%,+5.13%,+0.914,+99.87%,+84.89%,193,144,+1.53%,+6.02%,+202.21%,-39.50%,+2.262,+6.02%,106,87,150,+55.33%,+6.55%,388.90,,,,,,,+0.39%,+0.34%,24,+50.00%,+3.71%,19,+57.89%,+4.75%,388.90
us,hurst_trend_quality,5,invvol2,"100,000.00","179,620.56",+79.62%,+5.06%,+12.51%,+16.54%,0.796,+1.152,+0.621,+96.15%,+96.15%,-20.16,+54.92%,+3.42%,+0.707,+99.87%,+84.89%,193,144,+1.53%,+6.02%,+202.21%,-39.50%,+2.121,+6.02%,106,87,150,+55.33%,+6.55%,322.56,,,,,,,+0.32%,+0.41%,24,+50.00%,+3.71%,19,+57.89%,+4.75%,322.56
us,hurst_trend_quality,5,base,"100,000.00","214,443.75",+114.44%,+6.06%,+16.60%,+21.46%,0.823,+1.189,+0.549,+96.63%,+96.63%,-30.21,+54.92%,+5.13%,+0.914,+99.87%,+84.89%,193,144,+1.53%,+6.02%,+202.21%,-39.50%,+2.262,+6.02%,106,87,150,+55.33%,+6.55%,388.90,,,,,,,+0.39%,+0.34%,24,+50.00%,+3.71%,19,+57.89%,+4.75%,388.90
us,kama_trend,1,base,"100,000.00","136,310.47",+36.31%,+1.13%,+36.65%,+16.29%,1.999,+3.096,+3.501,+97.52%,+97.52%,-10.47,+42.24%,+28.83%,+0.357,+99.60%,+21.22%,322,230,-0.77%,+1.13%,+75.79%,-15.12%,+1.669,+1.13%,136,186,308,+42.53%,+1.13%,646.56,,,,,,,+0.65%,+1.78%,,,,14,+35.71%,+1.02%,646.56
us,kama_trend,2,base,"100,000.00","134,541.18",+34.54%,+0.57%,+16.13%,+16.74%,0.977,+1.358,+0.896,+91.10%,+91.10%,-18.0,+40.69%,+8.38%,+0.394,+99.26%,+47.92%,607,345,-0.73%,+0.60%,+75.79%,-39.14%,+1.320,+0.60%,247,360,523,+41.87%,+0.61%,"1,207.95",,,,,,,+1.21%,+3.50%,5,+100.00%,+20.31%,79,+29.11%,-0.69%,"1,207.95"
us,kama_trend,3,base,"100,000.00","134,719.47",+34.72%,+0.38%,+10.53%,+15.83%,0.712,+0.986,+0.536,+88.72%,+88.72%,-19.64,+38.21%,+1.78%,+0.460,+99.40%,+78.49%,937,406,-0.89%,+0.41%,+75.79%,-39.14%,+1.224,+0.41%,358,579,846,+38.42%,+0.34%,"1,848.77",,,,,,,+1.85%,+5.32%,5,+100.00%,+20.31%,86,+32.56%,-0.02%,"1,848.77"
us,kama_trend,5,base,"100,000.00","161,904.85",+61.90%,+0.41%,+10.18%,+15.62%,0.699,+0.989,+0.540,+93.93%,+93.93%,-18.86,+38.26%,+3.48%,+0.541,+99.00%,+84.89%,1529,467,-0.88%,+0.41%,+75.79%,-39.14%,+1.247,+0.41%,585,944,"1,133",+38.75%,+0.40%,"3,048.63",,,,,,,+3.05%,+4.92%,244,+34.43%,+0.37%,152,+40.79%,+0.59%,"3,048.63"
us,low_idio_vol,1,base,"100,000.00","94,846.30",-5.15%,-2.64%,-5.19%,+13.30%,-0.334,-0.453,-0.512,+36.94%,+36.94%,-10.15,+50.00%,-8.07%,+0.196,+98.41%,+21.22%,20,19,-0.40%,-2.60%,+32.14%,-38.03%,+0.634,-2.60%,10,10,20,+50.00%,-2.60%,38.57,,,,,,,+0.04%,-0.75%,,,,,,,38.57
us,low_idio_vol,2,base,"100,000.00","104,178.98",+4.18%,+1.04%,+2.08%,+12.80%,0.225,+0.316,+0.161,+62.42%,+62.42%,-12.94,+60.00%,-4.76%,+0.367,+99.20%,+47.92%,40,26,+2.93%,+1.04%,+36.24%,-36.09%,+1.225,+1.04%,24,16,40,+60.00%,+1.04%,80.42,,,,,,,+0.08%,+1.92%,,,,,,,80.42
us,low_idio_vol,3,base,"100,000.00","129,666.88",+29.67%,+4.94%,+9.12%,+10.26%,0.903,+1.296,+1.156,+93.83%,+93.83%,-7.89,+66.67%,+1.74%,+0.365,+99.47%,+78.49%,60,32,+4.50%,+4.94%,+38.89%,-32.83%,+2.789,+4.94%,40,20,60,+66.67%,+4.94%,122.97,,,,,,,+0.12%,+0.41%,,,,,,,122.97
us,low_idio_vol,5,base,"100,000.00","140,981.13",+40.98%,+4.10%,+7.16%,+11.82%,0.644,+0.917,+0.503,+92.34%,+92.34%,-14.23,+63.00%,+1.03%,+0.476,+99.84%,+84.89%,100,44,+3.41%,+4.10%,+34.11%,-29.57%,+2.725,+4.10%,63,37,90,+67.78%,+4.59%,204.10,,,,,,,+0.20%,+0.50%,10,+20.00%,-0.37%,,,,204.10
us,lt_reversal_path,1,base,"100,000.00","100,000.00",+0.00%,+0.00%,+0.00%,+0.00%,0.0,+0.000,+0.000,+50.00%,+50.00%,0.0,+0.00%,+0.00%,+0.000,+0.00%,+21.22%,0,0,+0.00%,+0.00%,+0.00%,+0.00%,+0.000,+0.00%,0,0,,,,0.00,,,,,,,+0.00%,+0.00%,,,,,,,
us,lt_reversal_path,2,base,"100,000.00","100,000.00",+0.00%,+0.00%,+0.00%,+0.00%,0.0,+0.000,+0.000,+50.00%,+50.00%,0.0,+0.00%,+0.00%,+0.000,+0.00%,+47.92%,0,0,+0.00%,+0.00%,+0.00%,+0.00%,+0.000,+0.00%,0,0,,,,0.00,,,,,,,+0.00%,+0.00%,,,,,,,
us,lt_reversal_path,3,base,"100,000.00","145,860.04",+45.86%,+22.93%,+13.52%,+12.80%,1.055,+1.683,+1.425,+96.76%,+96.76%,-9.49,+60.00%,+11.14%,+0.142,+32.36%,+78.49%,20,17,+23.23%,+22.93%,+143.35%,-45.67%,+3.973,+22.93%,12,8,20,+60.00%,+22.93%,44.59,,,,,,,+0.04%,+0.10%,,,,,,,44.59
us,lt_reversal_path,5,base,"100,000.00","155,508.65",+55.51%,+9.25%,+9.29%,+19.46%,0.554,+0.828,+0.305,+89.28%,+89.28%,-30.49,+61.67%,+4.61%,+0.453,+59.62%,+84.89%,60,32,+3.58%,+9.25%,+110.79%,-61.42%,+2.223,+9.25%,37,23,60,+61.67%,+9.25%,125.55,,,,,,,+0.13%,+0.23%,,,,,,,125.55
us,ma_timing_200,1,base,"100,000.00","221,725.35",+121.73%,+63.16%,+123.14%,+52.56%,1.793,+2.651,+3.424,+96.10%,+96.10%,-35.97,+60.00%,+57.45%,+2.412,+99.56%,+21.22%,20,20,+20.55%,+64.90%,+428.50%,-30.16%,+10.771,+64.90%,12,8,20,+60.00%,+64.90%,50.72,,,,,,,+0.05%,+0.04%,,,,,,,50.72
us,ma_timing_200,1,trail15,"100,000.00","190,754.90",+90.75%,+6.23%,+91.74%,+33.91%,2.091,+3.278,+4.676,+98.13%,+98.13%,-19.62,+53.42%,+46.57%,+1.614,+99.56%,+21.22%,146,30,+0.57%,+6.25%,+187.03%,-19.88%,+2.494,+6.25%,78,68,135,+51.85%,+4.07%,300.24,,,,,,,+0.30%,+0.33%,,,,11,+72.73%,+32.92%,300.24
us,ma_timing_200,2,base,"100,000.00","324,841.54",+224.84%,+54.97%,+81.08%,+38.25%,1.747,+2.446,+1.929,+99.07%,+99.07%,-42.03,+70.73%,+43.12%,+1.466,+99.78%,+47.92%,41,39,+17.41%,+55.61%,+477.69%,-30.16%,+13.432,+55.61%,29,12,31,+70.97%,+66.48%,104.29,,,,,,,+0.10%,+0.05%,,,,10,+70.00%,+21.91%,104.29
us,ma_timing_200,3,base,"100,000.00","451,279.70",+351.28%,+65.53%,+65.92%,+31.49%,1.767,+2.644,+2.261,+99.87%,+99.87%,-29.15,+68.52%,+33.63%,+1.290,+99.85%,+78.49%,54,46,+26.21%,+65.47%,+616.55%,-30.16%,+16.962,+65.47%,37,17,43,+67.44%,+75.82%,142.34,,,,,,,+0.14%,+0.04%,,,,11,+72.73%,+25.02%,142.34
us,ma_timing_200,3,trail15,"100,000.00","343,925.94",+243.93%,+8.12%,+51.44%,+23.06%,1.916,+2.991,+2.861,+99.96%,+99.96%,-17.98,+46.86%,+27.91%,+0.947,+99.85%,+78.49%,303,64,-1.67%,+8.18%,+471.05%,-24.07%,+2.638,+8.18%,142,161,264,+44.32%,+5.63%,625.51,,,,,,,+0.63%,+0.26%,2,+100.00%,+28.67%,37,+62.16%,+25.26%,625.51
us,ma_timing_200,5,base,"100,000.00","387,316.27",+287.32%,+29.97%,+31.33%,+28.91%,1.088,+1.547,+1.102,+99.17%,+99.17%,-28.44,+52.83%,+18.21%,+1.063,+99.91%,+84.89%,106,83,+2.54%,+30.50%,+412.64%,-37.59%,+5.510,+30.50%,56,50,68,+50.00%,+38.55%,220.45,,,,,,,+0.22%,+0.08%,21,+57.14%,+18.78%,17,+58.82%,+12.78%,220.45
us,ma_timing_200,5,trail15,"100,000.00","371,628.15",+271.63%,+6.44%,+30.24%,+23.74%,1.233,+1.801,+0.853,+99.68%,+99.68%,-35.44,+46.17%,+18.95%,+0.859,+99.91%,+84.89%,444,103,-1.61%,+6.15%,+471.05%,-24.07%,+2.302,+6.15%,205,235,318,+43.71%,+5.01%,870.70,,,,,,,+0.87%,+0.32%,68,+48.53%,+1.93%,58,+56.90%,+17.38%,870.70
us,max_avoidance,1,base,"100,000.00","148,226.77",+48.23%,+24.11%,+48.69%,+22.64%,1.866,+2.979,+3.686,+96.93%,+96.93%,-13.21,+75.00%,+28.18%,+0.861,+99.60%,+21.22%,20,15,+9.28%,+24.11%,+172.24%,-20.96%,+8.402,+24.11%,15,5,20,+75.00%,+24.11%,44.82,,,,,,,+0.04%,+0.09%,,,,,,,44.82
us,max_avoidance,2,base,"100,000.00","144,639.12",+44.64%,+11.16%,+20.44%,+17.14%,1.171,+1.835,+1.091,+95.37%,+95.37%,-18.73,+55.00%,+6.27%,+0.662,+99.80%,+47.92%,40,29,+2.31%,+11.16%,+171.23%,-30.87%,+3.264,+11.16%,22,18,40,+55.00%,+11.16%,84.46,,,,,,,+0.08%,+0.19%,,,,,,,84.46
us,max_avoidance,3,base,"100,000.00","214,274.64",+114.27%,+19.05%,+29.18%,+14.94%,1.789,+2.807,+1.779,+99.91%,+99.91%,-16.4,+58.33%,+14.64%,+0.633,+99.87%,+78.49%,60,42,+3.88%,+19.05%,+502.10%,-29.32%,+6.141,+19.05%,35,25,60,+58.33%,+19.05%,131.43,,,,,,,+0.13%,+0.12%,,,,,,,131.43
us,max_avoidance,5,base,"100,000.00","169,194.11",+69.19%,+6.92%,+11.17%,+13.65%,0.844,+1.253,+0.800,+97.08%,+97.08%,-13.96,+62.00%,+3.85%,+0.559,+99.92%,+84.89%,100,62,+5.70%,+6.92%,+50.51%,-32.21%,+2.825,+6.92%,62,38,90,+57.78%,+5.79%,206.92,,,,,,,+0.21%,+0.30%,10,+100.00%,+17.05%,,,,206.92
us,pead_drift,1,base,"100,000.00","135,902.16",+35.90%,+8.98%,+36.24%,+33.90%,1.083,+1.541,+1.564,+85.71%,+85.71%,-23.17,+60.00%,-0.39%,+1.833,+99.60%,+21.22%,40,31,+3.35%,+8.98%,+70.62%,-43.09%,+2.796,+8.98%,24,16,40,+60.00%,+8.98%,83.59,,,,,,,+0.08%,+0.23%,,,,,,,83.59
us,pead_drift,2,base,"100,000.00","178,733.41",+78.73%,+9.84%,+34.00%,+24.79%,1.305,+1.900,+1.511,+96.63%,+96.63%,-22.5,+62.50%,+9.97%,+1.082,+99.80%,+47.92%,80,55,+5.66%,+9.84%,+101.69%,-39.73%,+3.094,+9.84%,50,30,70,+60.00%,+9.73%,167.87,,,,,,,+0.17%,+0.21%,,,,10,+80.00%,+10.59%,167.87
us,pead_drift,3,base,"100,000.00","228,937.12",+128.94%,+10.74%,+32.09%,+19.91%,1.498,+2.214,+1.556,+99.48%,+99.48%,-20.62,+61.67%,+10.43%,+0.964,+99.87%,+78.49%,120,65,+4.55%,+10.74%,+78.40%,-33.49%,+3.368,+10.74%,74,46,110,+59.09%,+10.23%,252.90,,,,,,,+0.25%,+0.20%,,,,10,+90.00%,+16.42%,252.90
us,pead_drift,5,base,"100,000.00","228,047.90",+128.05%,+6.45%,+18.05%,+22.94%,0.839,+1.194,+0.665,+96.79%,+96.79%,-27.15,+59.00%,+7.22%,+0.885,+99.92%,+84.89%,200,113,+4.20%,+6.42%,+80.20%,-44.27%,+2.158,+6.42%,118,81,150,+56.67%,+5.16%,409.98,,,,,,,+0.41%,+0.32%,30,+60.00%,+4.76%,20,+75.00%,+18.42%,409.98
us,piotroski_value,1,base,"100,000.00","148,799.61",+48.80%,+24.40%,+49.27%,+13.46%,3.046,+5.173,+7.307,+99.90%,+99.90%,-6.74,+85.00%,+32.74%,+0.626,+99.60%,+21.22%,20,19,+17.66%,+24.40%,+148.02%,-34.42%,+11.490,+24.40%,17,3,20,+85.00%,+24.40%,44.88,,,,,,,+0.04%,+0.09%,,,,,,,44.88
us,piotroski_value,2,base,"100,000.00","157,108.72",+57.11%,+14.28%,+25.57%,+14.57%,1.636,+2.510,+2.031,+98.89%,+98.89%,-12.59,+70.00%,+11.44%,+0.616,+99.80%,+47.92%,40,35,+10.43%,+14.28%,+142.11%,-31.26%,+5.564,+14.28%,28,12,40,+70.00%,+14.28%,85.71,,,,,,,+0.09%,+0.15%,,,,,,,85.71
us,piotroski_value,3,base,"100,000.00","188,104.60",+88.10%,+14.68%,+23.65%,+12.54%,1.757,+2.700,+2.179,+99.88%,+99.88%,-10.86,+76.67%,+11.08%,+0.558,+99.87%,+78.49%,60,45,+11.09%,+14.68%,+141.15%,-33.82%,+8.115,+14.68%,46,14,60,+76.67%,+14.68%,128.81,,,,,,,+0.13%,+0.15%,,,,,,,128.81
us,piotroski_value,5,base,"100,000.00","225,409.50",+125.41%,+12.54%,+17.77%,+15.79%,1.116,+1.632,+1.134,+99.32%,+99.32%,-15.67,+74.00%,+9.20%,+0.636,+99.92%,+84.89%,100,52,+10.25%,+12.54%,+141.71%,-23.43%,+5.952,+12.54%,74,26,90,+74.44%,+13.31%,212.54,,,,,,,+0.21%,+0.17%,10,+70.00%,+5.66%,,,,212.54
us,qmj_quality,1,base,"100,000.00","104,914.29",+4.91%,+4.91%,+4.95%,+7.66%,0.669,+1.106,+0.744,+75.11%,+75.11%,-6.66,+60.00%,+3.93%,+0.063,+25.94%,+21.22%,10,7,+1.35%,+4.91%,+44.24%,-20.53%,+2.817,+4.91%,6,4,10,+60.00%,+4.91%,20.49,,,,,,,+0.02%,+0.42%,,,,,,,20.49
us,qmj_quality,2,base,"100,000.00","113,179.83",+13.18%,+6.94%,+6.44%,+8.92%,0.744,+1.214,+0.704,+86.01%,+86.01%,-9.15,+52.63%,+0.29%,+0.300,+35.81%,+47.92%,19,12,+0.01%,+6.94%,+57.85%,-28.24%,+2.453,+6.94%,10,9,17,+47.06%,+1.23%,39.32,,,,,,,+0.04%,+0.30%,1,+100.00%,+53.01%,1,+100.00%,+57.85%,39.32
us,qmj_quality,2,secneutral,"100,000.00","100,000.00",+0.00%,+0.00%,+0.00%,+0.00%,0.0,+0.000,+0.000,+50.00%,+50.00%,0.0,+0.00%,+0.00%,+0.000,+0.00%,+47.92%,0,0,+0.00%,+0.00%,+0.00%,+0.00%,+0.000,+0.00%,0,0,,,,0.00,,,,,,,+0.00%,+0.00%,,,,,,,
us,qmj_quality,3,base,"100,000.00","118,978.11",+18.98%,+7.03%,+6.01%,+7.85%,0.783,+1.251,+0.694,+91.73%,+91.73%,-8.66,+62.96%,+0.01%,+0.297,+37.42%,+78.49%,27,16,+4.00%,+7.03%,+57.85%,-28.24%,+2.675,+7.03%,17,10,25,+60.00%,+3.16%,55.90,,,,,,,+0.06%,+0.29%,1,+100.00%,+53.01%,1,+100.00%,+57.85%,55.90
us,qmj_quality,5,base,"100,000.00","132,693.80",+32.69%,+4.59%,+5.86%,+11.98%,0.535,+0.809,+0.409,+88.61%,+88.61%,-14.32,+56.00%,+0.47%,+0.429,+45.71%,+84.89%,50,29,+1.60%,+4.60%,+93.39%,-58.19%,+1.734,+4.60%,28,22,35,+51.43%,-1.35%,101.21,,,,,,,+0.10%,+0.45%,8,+75.00%,+9.49%,7,+57.14%,+28.78%,101.21
us,qmj_quality,5,secneutral,"100,000.00","100,000.00",+0.00%,+0.00%,+0.00%,+0.00%,0.0,+0.000,+0.000,+50.00%,+50.00%,0.0,+0.00%,+0.00%,+0.000,+0.00%,+84.89%,0,0,+0.00%,+0.00%,+0.00%,+0.00%,+0.000,+0.00%,0,0,,,,0.00,,,,,,,+0.00%,+0.00%,,,,,,,
us,sloan_low_accruals,1,base,"100,000.00","99,336.73",-0.66%,-0.35%,-0.67%,+17.79%,0.051,+0.072,-0.030,+52.03%,+52.03%,-21.95,+40.00%,-17.31%,+0.984,+99.60%,+21.22%,20,14,-7.60%,-1.13%,+51.43%,-57.06%,+0.972,-1.13%,8,12,20,+40.00%,-1.13%,38.01,,,,,,,+0.04%,-5.73%,,,,,,,38.01
us,sloan_low_accruals,2,base,"100,000.00","149,418.84",+49.42%,+12.35%,+22.43%,+17.01%,1.275,+1.911,+1.163,+96.48%,+96.48%,-19.28,+60.00%,+4.00%,+0.841,+99.80%,+47.92%,40,20,+9.78%,+12.35%,+154.95%,-48.32%,+2.976,+12.35%,24,16,40,+60.00%,+12.35%,84.94,,,,,,,+0.08%,+0.17%,,,,,,,84.94
us,sloan_low_accruals,3,base,"100,000.00","187,361.72",+87.36%,+14.56%,+23.49%,+15.06%,1.476,+2.227,+1.448,+99.47%,+99.47%,-16.22,+70.00%,+7.61%,+0.722,+99.87%,+78.49%,60,25,+11.85%,+14.56%,+228.94%,-52.94%,+3.729,+14.56%,42,18,60,+70.00%,+14.56%,128.74,,,,,,,+0.13%,+0.15%,,,,,,,128.74
us,sloan_low_accruals,5,base,"100,000.00","165,989.54",+65.99%,+6.78%,+10.74%,+19.67%,0.617,+0.892,+0.340,+91.54%,+91.54%,-31.58,+59.00%,-0.93%,+0.944,+99.92%,+84.89%,100,30,+5.07%,+6.46%,+67.75%,-62.48%,+2.090,+6.46%,59,41,90,+60.00%,+7.10%,201.39,,,,,,,+0.20%,+0.31%,10,+50.00%,+0.69%,,,,201.39
us,str_reversal_trend,1,base,"100,000.00","116,094.78",+16.09%,+1.34%,+16.23%,+21.29%,0.813,+1.191,+1.247,+79.10%,+79.10%,-13.02,+45.83%,-2.72%,+0.992,+99.60%,+21.22%,120,105,-0.83%,+1.34%,+109.54%,-28.10%,+1.322,+1.34%,55,65,110,+43.64%,+0.73%,241.61,,,,,,,+0.24%,+1.50%,,,,10,+70.00%,+8.10%,241.61
us,str_reversal_trend,2,base,"100,000.00","136,282.87",+36.28%,+1.58%,+16.88%,+26.87%,0.714,+1.051,+0.552,+84.57%,+84.57%,-30.61,+54.78%,-6.15%,+1.209,+99.80%,+47.92%,230,175,+0.69%,+1.60%,+73.14%,-42.42%,+1.433,+1.60%,126,104,200,+55.50%,+1.81%,462.65,,,,,,,+0.46%,+1.28%,10,+80.00%,+8.79%,20,+35.00%,-4.03%,462.65
us,str_reversal_trend,3,base,"100,000.00","217,864.43",+117.86%,+1.38%,+29.91%,+35.18%,0.896,+2.010,+1.443,+98.43%,+98.43%,-20.72,+51.14%,+9.32%,+1.095,+99.77%,+78.49%,350,223,+0.18%,+1.39%,+71.51%,-37.95%,+1.383,+1.39%,179,171,300,+49.33%,+1.01%,703.32,,,,,,,+0.70%,+1.46%,,,,50,+62.00%,+3.68%,703.32
us,str_reversal_trend,5,base,"100,000.00","147,531.88",+47.53%,+0.85%,+8.14%,+22.75%,0.458,+0.655,+0.282,+84.62%,+84.62%,-28.82,+48.42%,-3.32%,+0.995,+99.92%,+84.89%,570,309,-0.40%,+0.85%,+79.90%,-35.50%,+1.220,+0.85%,276,293,410,+47.56%,+0.81%,"1,127.60",,,,,,,+1.13%,+2.37%,100,+53.00%,+2.77%,60,+46.67%,-2.06%,"1,127.60"
us,tsmom_12_1,1,base,"100,000.00","198,665.19",+98.67%,+45.04%,+99.76%,+42.09%,1.857,+2.763,+3.783,+96.61%,+96.61%,-26.37,+63.64%,+42.56%,+2.109,+98.76%,+21.22%,22,19,+14.88%,+45.45%,+427.86%,-31.95%,+7.333,+45.45%,14,8,22,+63.64%,+45.45%,53.68,,,,,,,+0.05%,+0.05%,,,,,,,53.68
us,tsmom_12_1,1,invvol2,"100,000.00","155,296.27",+55.30%,+44.16%,+55.84%,+24.90%,1.908,+2.890,+3.908,+97.02%,+97.02%,-14.29,+63.64%,+25.13%,+1.239,+98.76%,+21.22%,22,19,+14.88%,+45.45%,+427.86%,-31.95%,+7.079,+45.45%,14,8,22,+63.64%,+45.45%,30.57,,,,,,,+0.03%,+0.06%,,,,,,,30.57
us,tsmom_12_1,1,base,"100,000.00","198,665.19",+98.67%,+45.04%,+99.76%,+42.09%,1.857,+2.763,+3.783,+96.61%,+96.61%,-26.37,+63.64%,+42.56%,+2.109,+98.76%,+21.22%,22,19,+14.88%,+45.45%,+427.86%,-31.95%,+7.333,+45.45%,14,8,22,+63.64%,+45.45%,53.68,,,,,,,+0.05%,+0.05%,,,,,,,53.68
us,tsmom_12_1,2,base,"100,000.00","266,220.02",+166.22%,+38.05%,+63.80%,+32.42%,1.687,+2.428,+2.581,+98.93%,+98.93%,-24.72,+63.64%,+30.40%,+1.332,+99.38%,+47.92%,44,31,+18.38%,+37.80%,+231.55%,-38.42%,+6.752,+37.80%,28,16,42,+61.90%,+36.61%,104.00,,,,,,,+0.10%,+0.06%,1,+100.00%,+39.88%,1,+100.00%,+85.58%,104.00
us,tsmom_12_1,2,invvol2,"100,000.00","176,173.86",+76.17%,+32.01%,+33.03%,+19.96%,1.531,+2.190,+1.916,+98.25%,+98.25%,-17.24,+63.64%,+12.98%,+0.869,+99.38%,+47.92%,44,31,+18.38%,+37.80%,+231.55%,-38.42%,+5.484,+37.80%,28,16,42,+61.90%,+36.61%,55.21,,,,,,,+0.06%,+0.07%,1,+100.00%,+39.88%,1,+100.00%,+85.58%,55.21
us,tsmom_12_1,2,base,"100,000.00","266,220.02",+166.22%,+38.05%,+63.80%,+32.42%,1.687,+2.428,+2.581,+98.93%,+98.93%,-24.72,+63.64%,+30.40%,+1.332,+99.38%,+47.92%,44,31,+18.38%,+37.80%,+231.55%,-38.42%,+6.752,+37.80%,28,16,42,+61.90%,+36.61%,104.00,,,,,,,+0.10%,+0.06%,1,+100.00%,+39.88%,1,+100.00%,+85.58%,104.00
us,tsmom_12_1,3,base,"100,000.00","422,863.70",+322.86%,+48.92%,+62.33%,+25.03%,2.063,+3.103,+2.852,+99.98%,+99.98%,-21.85,+69.70%,+33.39%,+1.104,+99.59%,+78.49%,66,39,+24.14%,+48.92%,+373.45%,-38.42%,+9.639,+48.92%,46,20,63,+68.25%,+48.10%,164.29,,,,,,,+0.16%,+0.05%,2,+100.00%,+31.18%,1,+100.00%,+135.83%,164.29
us,tsmom_12_1,3,invvol2,"100,000.00","247,719.41",+147.72%,+40.20%,+35.63%,+17.27%,1.852,+2.749,+2.465,+99.91%,+99.91%,-14.45,+69.70%,+17.51%,+0.767,+99.59%,+78.49%,66,39,+24.14%,+48.92%,+373.45%,-38.42%,+8.599,+48.92%,46,20,63,+68.25%,+48.10%,88.26,,,,,,,+0.09%,+0.06%,2,+100.00%,+31.18%,1,+100.00%,+135.83%,88.26
us,tsmom_12_1,3,base,"100,000.00","422,863.70",+322.86%,+48.92%,+62.33%,+25.03%,2.063,+3.103,+2.852,+99.98%,+99.98%,-21.85,+69.70%,+33.39%,+1.104,+99.59%,+78.49%,66,39,+24.14%,+48.92%,+373.45%,-38.42%,+9.639,+48.92%,46,20,63,+68.25%,+48.10%,164.29,,,,,,,+0.16%,+0.05%,2,+100.00%,+31.18%,1,+100.00%,+135.83%,164.29
us,tsmom_12_1,5,base,"100,000.00","431,631.14",+331.63%,+31.40%,+34.23%,+25.33%,1.29,+1.871,+1.588,+99.78%,+99.78%,-21.55,+60.19%,+21.11%,+0.975,+99.91%,+84.89%,108,66,+10.67%,+30.75%,+325.68%,-62.48%,+5.178,+30.75%,65,43,89,+61.80%,+31.40%,244.38,,,,,,,+0.24%,+0.07%,11,+36.36%,-4.61%,8,+75.00%,+72.08%,244.38
us,tsmom_12_1,5,invvol2,"100,000.00","284,892.11",+184.89%,+26.18%,+23.46%,+18.36%,1.24,+1.789,+1.436,+99.69%,+99.69%,-16.33,+60.19%,+13.94%,+0.702,+99.91%,+84.89%,108,66,+10.67%,+30.75%,+325.68%,-62.48%,+4.552,+30.75%,65,43,89,+61.80%,+31.40%,159.74,,,,,,,+0.16%,+0.09%,11,+36.36%,-4.61%,8,+75.00%,+72.08%,159.74
us,tsmom_12_1,5,base,"100,000.00","431,631.14",+331.63%,+31.40%,+34.23%,+25.33%,1.29,+1.871,+1.588,+99.78%,+99.78%,-21.55,+60.19%,+21.11%,+0.975,+99.91%,+84.89%,108,66,+10.67%,+30.75%,+325.68%,-62.48%,+5.178,+30.75%,65,43,89,+61.80%,+31.40%,244.38,,,,,,,+0.24%,+0.07%,11,+36.36%,-4.61%,8,+75.00%,+72.08%,244.38
