Total Return,CAGR,Volatility (ann.),Sharpe,Sortino,Calmar,Probabilistic Sharpe,Max Drawdown,Hit Rate,Alpha (ann.),Beta,Benchmark Return,Trades,Unique Tickers,Median Trade Return,Avg Trade Return,Best Trade,Worst Trade,Profit Factor,Winning Trades,Losing Trades,market,strategy,years,top,hold,status
+115.57%,+16.94%,+18.44%,+0.941,+1.341,+0.663,+98.00%,-25.54%,+37.66%,+10.62%,+0.793,+49.56%,77,71,-5.20%,+16.53%,+785.47%,-48.31%,+3.001,29,46,india,golden_cross_50_200,5,10,500,ok
+40.43%,+12.26%,+20.09%,+0.676,+0.955,+0.411,+87.51%,-29.86%,+51.02%,+5.79%,+0.912,+25.93%,49,46,+0.98%,+8.18%,+125.08%,-48.31%,+2.307,25,24,india,golden_cross_50_200,3,10,500,ok
-0.97%,-0.49%,+19.60%,+0.073,+0.101,-0.020,+54.07%,-25.12%,+42.22%,+0.29%,+1.009,+0.52%,45,44,-3.61%,+0.39%,+54.23%,-26.40%,+0.966,19,26,india,golden_cross_50_200,2,10,500,ok
-11.58%,-11.72%,+16.10%,-0.693,-0.896,-0.521,+24.35%,-22.50%,+25.81%,-10.86%,+0.821,-0.45%,31,29,-6.74%,-3.50%,+55.15%,-23.69%,+0.473,8,23,india,golden_cross_50_200,1,10,500,ok
+71.41%,+11.60%,+19.06%,+0.672,+0.918,+0.365,+92.88%,-31.78%,+37.62%,+6.01%,+0.761,+49.56%,319,215,-3.36%,+2.33%,+170.80%,-29.19%,+1.468,120,197,india,fifty_two_week_high,5,10,500,ok
+46.65%,+13.93%,+18.89%,+0.786,+1.071,+0.672,+90.58%,-20.73%,+41.27%,+8.14%,+0.804,+25.93%,189,149,-2.47%,+2.53%,+103.51%,-29.19%,+1.531,78,111,india,fifty_two_week_high,3,10,500,ok
-11.47%,-5.98%,+21.46%,-0.179,-0.239,-0.228,+40.02%,-26.17%,+34.27%,-4.72%,+0.868,+0.52%,143,113,-3.63%,-0.76%,+41.12%,-29.19%,+0.813,49,93,india,fifty_two_week_high,2,10,500,ok
+6.14%,+6.22%,+20.17%,+0.401,+0.543,+0.361,+65.32%,-17.25%,+36.11%,+8.07%,+0.797,-0.45%,72,64,-4.10%,+0.91%,+41.12%,-25.36%,+1.179,26,46,india,fifty_two_week_high,1,10,500,ok
+123.32%,+17.78%,+16.14%,+1.096,+1.487,+0.839,+98.87%,-21.20%,+47.06%,+11.30%,+0.762,+49.56%,51,51,-1.84%,+28.00%,+477.23%,-45.48%,+4.009,24,27,india,bll_trading_range_break,5,10,500,ok
+85.74%,+23.47%,+21.69%,+1.082,+1.479,+0.679,+96.14%,-34.56%,+55.56%,+15.75%,+1.014,+25.93%,36,36,+2.31%,+23.71%,+164.29%,-56.44%,+4.105,20,16,india,bll_trading_range_break,3,10,500,ok
-19.61%,-10.46%,+20.11%,-0.448,-0.587,-0.245,+26.30%,-42.64%,+39.39%,-9.56%,+0.918,+0.52%,33,33,-2.74%,-4.33%,+92.22%,-45.48%,+0.454,13,20,india,bll_trading_range_break,2,10,500,ok
+7.51%,+7.60%,+18.59%,+0.487,+0.686,+0.394,+68.49%,-19.30%,+35.29%,+9.06%,+0.941,-0.45%,17,17,-7.54%,+4.43%,+61.34%,-24.93%,+1.617,6,11,india,bll_trading_range_break,1,10,500,ok
+80.74%,+12.82%,+16.24%,+0.824,+1.131,+0.467,+96.36%,-27.43%,+51.08%,+7.35%,+0.688,+49.56%,186,149,+0.45%,+4.38%,+179.87%,-29.14%,+1.682,95,91,india,keltner_breakout,5,10,100,ok
+76.21%,+21.28%,+16.59%,+1.247,+1.727,+1.342,+98.04%,-15.86%,+57.01%,+15.26%,+0.742,+25.93%,107,94,+3.82%,+7.12%,+113.14%,-26.14%,+2.434,61,46,india,keltner_breakout,3,10,100,ok
+16.17%,+7.88%,+21.08%,+0.465,+0.652,+0.339,+74.26%,-23.25%,+45.45%,+9.15%,+0.937,+0.52%,77,72,-1.61%,+2.43%,+58.63%,-34.54%,+1.311,35,42,india,keltner_breakout,2,10,100,ok
+14.41%,+14.60%,+22.64%,+0.714,+1.085,+0.558,+76.42%,-26.18%,+46.81%,+17.17%,+0.796,-0.45%,47,44,-2.81%,+1.32%,+43.69%,-27.34%,+1.157,22,25,india,keltner_breakout,1,10,100,ok
+104.99%,+15.75%,+17.44%,+0.926,+1.284,+0.734,+97.78%,-21.45%,+36.97%,+10.31%,+0.692,+49.56%,568,253,-2.22%,+1.87%,+113.11%,-26.90%,+1.500,210,358,india,adx_trend,5,10,250,ok
+59.40%,+17.21%,+17.39%,+1.000,+1.433,+0.740,+95.42%,-23.27%,+39.38%,+11.85%,+0.713,+25.81%,325,182,-1.87%,+1.81%,+113.11%,-23.04%,+1.506,128,197,india,adx_trend,3,10,250,ok
-21.24%,-11.38%,+21.49%,-0.454,-0.606,-0.326,+26.08%,-34.87%,+33.61%,-10.19%,+0.911,+0.43%,241,154,-2.29%,-0.87%,+41.88%,-21.16%,+0.728,81,154,india,adx_trend,2,10,250,ok
-11.91%,-12.05%,+20.92%,-0.508,-0.679,-0.435,+30.61%,-27.70%,+38.60%,-10.33%,+0.859,-0.54%,114,93,-1.90%,-0.69%,+34.10%,-21.16%,+0.688,44,70,india,adx_trend,1,10,250,ok
+110.85%,+16.41%,+13.33%,+1.207,+1.824,+1.213,+99.59%,-13.53%,+60.00%,+13.22%,+0.402,+49.42%,30,26,+17.35%,+36.95%,+324.25%,-34.65%,+5.194,18,12,india,long_term_reversal,5,10,250,ok
+7.38%,+2.46%,+13.90%,+0.244,+0.362,+0.092,+66.24%,-26.57%,+50.00%,-0.05%,+0.396,+25.81%,10,10,-4.44%,+7.38%,+107.93%,-36.33%,+1.510,5,5,india,long_term_reversal,3,10,250,ok
+0.00%,+0.00%,+0.00%,+0.000,+0.000,+0.000,+50.00%,+0.00%,+0.00%,+0.00%,+0.000,+0.43%,0,0,+0.00%,+0.00%,+0.00%,+0.00%,+0.000,0,0,india,long_term_reversal,2,10,250,ok
+0.00%,+0.00%,+0.00%,+0.000,+0.000,+0.000,+50.00%,+0.00%,+0.00%,+0.00%,+0.000,-0.54%,0,0,+0.00%,+0.00%,+0.00%,+0.00%,+0.000,0,0,india,long_term_reversal,1,10,250,ok
-38.81%,-9.52%,+18.55%,-0.446,-0.569,-0.188,+15.87%,-50.55%,+33.82%,-15.42%,+0.927,+49.42%,"1,425",417,-1.96%,-0.32%,+67.19%,-40.09%,+0.857,482,902,india,macd_signal_cross,5,15,60,ok
-10.52%,-3.72%,+17.36%,-0.131,-0.170,-0.090,+41.11%,-41.29%,+34.18%,-9.53%,+0.891,+25.81%,863,361,-1.92%,-0.14%,+67.19%,-29.33%,+0.942,295,565,india,macd_signal_cross,3,15,60,ok
-44.81%,-25.97%,+19.04%,-1.483,-1.911,-0.507,+1.80%,-51.26%,+29.15%,-25.39%,+0.955,+0.43%,590,304,-1.90%,-0.95%,+67.19%,-29.33%,+0.603,172,378,india,macd_signal_cross,2,15,60,ok
-23.33%,-23.57%,+17.42%,-1.455,-1.868,-0.828,+7.33%,-28.46%,+32.63%,-22.65%,+1.017,-0.54%,285,204,-1.92%,-0.95%,+42.43%,-23.54%,+0.596,93,180,india,macd_signal_cross,1,15,60,ok
-2.19%,-0.45%,+16.81%,+0.057,+0.078,-0.013,+55.06%,-33.71%,+55.13%,-7.34%,+0.940,+49.42%,"1,092",354,+1.03%,+0.05%,+31.68%,-60.33%,+0.990,602,490,india,stochastic_cross,5,15,20,ok
+10.09%,+3.33%,+14.89%,+0.294,+0.413,+0.114,+69.26%,-29.28%,+55.85%,-2.81%,+0.831,+25.81%,650,300,+0.96%,+0.23%,+31.68%,-40.11%,+1.079,363,287,india,stochastic_cross,3,15,20,ok
-23.81%,-12.86%,+18.34%,-0.658,-0.908,-0.371,+17.84%,-34.63%,+50.11%,-12.31%,+0.981,+0.43%,437,236,+0.04%,-0.76%,+32.06%,-40.11%,+0.730,219,209,india,stochastic_cross,2,15,20,ok
-10.99%,-11.11%,+16.52%,-0.631,-0.882,-0.422,+26.73%,-26.34%,+49.09%,-10.18%,+1.011,-0.54%,220,153,-0.05%,-0.81%,+23.43%,-29.12%,+0.748,108,111,india,stochastic_cross,1,15,20,ok
-35.18%,-8.45%,+22.24%,-0.292,-0.479,-0.143,+27.29%,-59.04%,+48.78%,-13.44%,+0.869,+49.42%,"4,381",495,+0.00%,-0.30%,+22.89%,-57.42%,+0.823,"2,137","1,746",india,connors_rsi2,5,20,20,ok
-10.18%,-3.59%,+23.58%,-0.046,-0.087,-0.078,+46.90%,-46.04%,+52.84%,-7.85%,+0.816,+25.81%,"2,619",483,+0.19%,-0.27%,+22.89%,-33.61%,+0.847,"1,384","1,159",india,connors_rsi2,3,20,20,ok
-22.48%,-12.09%,+25.37%,-0.389,-0.716,-0.256,+30.84%,-47.14%,+47.40%,-10.27%,+0.889,+0.43%,"1,692",455,+0.00%,-0.52%,+19.55%,-33.61%,+0.708,802,732,india,connors_rsi2,2,20,20,ok
+4.69%,+4.75%,+29.96%,+0.290,+0.706,+0.159,+62.31%,-29.92%,+51.72%,+8.80%,+0.806,-0.54%,903,389,+0.15%,-0.34%,+22.54%,-27.87%,+0.774,467,416,india,connors_rsi2,1,20,20,ok
+4.98%,+0.99%,+26.13%,+0.150,+0.324,+0.025,+64.09%,-39.19%,+54.79%,-2.54%,+0.711,+49.42%,"3,656",461,+0.28%,-0.15%,+28.46%,-31.78%,+0.894,"2,003","1,527",india,connors_rsi2_bull,5,20,20,ok
+22.34%,+7.11%,+31.67%,+0.346,+0.988,+0.221,+76.96%,-32.22%,+56.01%,+5.71%,+0.622,+25.81%,"2,246",456,+0.34%,-0.15%,+28.46%,-31.11%,+0.895,"1,258",959,india,connors_rsi2_bull,3,20,20,ok
+6.23%,+3.10%,+36.55%,+0.232,+0.711,+0.094,+64.42%,-33.03%,+52.70%,+8.12%,+0.621,+0.43%,"1,391",416,+0.19%,-0.41%,+21.26%,-31.11%,+0.739,733,583,india,connors_rsi2_bull,2,20,20,ok
+35.67%,+36.17%,+43.31%,+0.888,+4.112,+2.760,+92.07%,-13.10%,+58.11%,+46.65%,+0.456,-0.54%,740,325,+0.44%,-0.10%,+12.44%,-27.87%,+0.920,430,310,india,connors_rsi2_bull,1,20,20,ok
-9.35%,-1.98%,+17.69%,-0.025,-0.035,-0.054,+47.79%,-36.47%,+58.26%,-8.22%,+0.890,+49.42%,"1,701",445,+1.17%,-0.23%,+38.82%,-60.33%,+0.908,991,673,india,bollinger_mean_reversion,5,20,20,ok
+12.20%,+4.00%,+16.32%,+0.321,+0.477,+0.130,+71.09%,-30.85%,+60.62%,-1.89%,+0.823,+25.81%,"1,026",402,+1.39%,+0.05%,+38.82%,-38.26%,+1.017,622,404,india,bollinger_mean_reversion,3,20,20,ok
-9.80%,-5.08%,+20.16%,-0.159,-0.241,-0.147,+41.23%,-34.67%,+55.46%,-4.17%,+0.973,+0.43%,678,319,+0.89%,-0.60%,+36.31%,-38.26%,+0.795,376,289,india,bollinger_mean_reversion,2,20,20,ok
-1.01%,-1.03%,+19.99%,+0.047,+0.073,-0.036,+51.85%,-28.60%,+55.49%,+0.63%,+0.972,-0.54%,346,223,+0.79%,-0.55%,+26.48%,-29.13%,+0.778,192,149,india,bollinger_mean_reversion,1,20,20,ok
+9.51%,+1.87%,+19.04%,+0.191,+0.286,+0.056,+66.59%,-33.60%,+57.59%,-5.18%,+0.980,+49.42%,"1,667",365,+1.15%,-0.02%,+63.46%,-62.34%,+0.967,960,701,india,williams_percent_r,5,20,20,ok
+23.43%,+7.43%,+19.41%,+0.463,+0.772,+0.238,+80.08%,-31.26%,+58.43%,+1.02%,+0.917,+25.81%,991,315,+1.37%,+0.07%,+30.18%,-32.93%,+1.027,579,412,india,williams_percent_r,3,20,20,ok
-15.50%,-8.17%,+20.27%,-0.320,-0.476,-0.220,+32.89%,-37.19%,+54.30%,-7.34%,+1.054,+0.43%,663,255,+0.70%,-0.55%,+30.18%,-32.93%,+0.745,360,286,india,williams_percent_r,2,20,20,ok
+6.71%,+6.79%,+23.83%,+0.389,+0.742,+0.244,+65.94%,-27.88%,+55.16%,+9.38%,+1.007,-0.54%,339,166,+0.87%,-0.43%,+30.18%,-30.78%,+0.825,187,151,india,williams_percent_r,1,20,20,ok
+29.85%,+5.47%,+15.23%,+0.426,+0.590,+0.243,+82.61%,-22.48%,+53.04%,-1.31%,+0.853,+49.42%,"1,333",372,+0.56%,+0.39%,+42.18%,-60.33%,+1.123,707,626,india,cci_reversion,5,20,20,ok
+28.89%,+9.03%,+14.30%,+0.676,+0.967,+0.431,+87.60%,-20.94%,+54.25%,+2.68%,+0.807,+25.81%,800,314,+0.93%,+0.60%,+42.13%,-32.93%,+1.213,434,366,india,cci_reversion,3,20,20,ok
-1.33%,-0.68%,+18.34%,+0.055,+0.078,-0.027,+53.06%,-25.46%,+49.16%,-0.14%,+1.052,+0.43%,535,257,-0.11%,-0.17%,+29.30%,-31.58%,+0.927,263,268,india,cci_reversion,2,20,20,ok
+8.15%,+8.25%,+16.84%,+0.555,+0.816,+0.385,+70.98%,-21.42%,+52.54%,+9.46%,+0.991,-0.54%,276,174,+0.55%,+0.28%,+29.30%,-29.19%,+1.078,145,131,india,cci_reversion,1,20,20,ok
+72.35%,+11.73%,+18.22%,+0.700,+0.973,+0.410,+93.77%,-28.60%,+51.69%,+4.88%,+0.875,+49.42%,"1,180",408,+0.46%,+1.29%,+75.36%,-50.56%,+1.356,610,557,india,short_term_reversal,5,20,20,ok
+62.10%,+17.88%,+15.75%,+1.124,+1.663,+0.893,+97.26%,-20.02%,+52.09%,+11.99%,+0.732,+25.81%,718,340,+0.39%,+1.73%,+91.28%,-42.02%,+1.501,374,344,india,short_term_reversal,3,20,20,ok
+3.36%,+1.69%,+23.66%,+0.189,+0.274,+0.065,+60.47%,-25.83%,+47.71%,+3.25%,+1.171,+0.43%,480,285,-0.15%,+0.18%,+47.11%,-38.58%,+1.035,229,242,india,short_term_reversal,2,20,20,ok
+6.95%,+7.04%,+21.31%,+0.426,+0.639,+0.278,+66.41%,-25.30%,+47.92%,+9.09%,+1.159,-0.54%,240,181,-0.08%,+0.74%,+57.90%,-30.96%,+1.157,115,121,india,short_term_reversal,1,20,20,ok
+12.39%,+2.41%,+8.68%,+0.318,+0.409,+0.147,+74.87%,-16.39%,+51.50%,+0.65%,+0.232,+49.42%,"1,200",213,+0.08%,+0.21%,+43.19%,-60.62%,+1.125,618,582,india,turn_of_month,5,20,20,ok
-2.47%,-0.85%,+10.35%,-0.029,-0.036,-0.046,+48.01%,-18.50%,+46.39%,-3.08%,+0.325,+25.81%,720,181,-0.35%,-0.08%,+43.19%,-60.62%,+0.962,334,386,india,turn_of_month,3,20,20,ok
-1.83%,-0.93%,+7.43%,-0.088,-0.121,-0.131,+45.07%,-7.10%,+47.50%,-0.82%,+0.155,+0.43%,480,150,-0.31%,-0.09%,+43.19%,-60.62%,+0.956,228,252,india,turn_of_month,2,20,20,ok
-3.53%,-3.57%,+7.43%,-0.452,-0.566,-0.501,+32.21%,-7.13%,+48.33%,-3.34%,+0.142,-0.54%,240,97,-0.21%,-0.32%,+17.77%,-60.62%,+0.837,116,124,india,turn_of_month,1,20,20,ok
+35.09%,+6.24%,+18.53%,+0.419,+0.608,+0.195,+82.53%,-31.98%,+33.33%,-2.69%,+0.752,+85.82%,93,83,-5.33%,+3.99%,+245.97%,-33.76%,+1.545,31,62,us,golden_cross_50_200,5,10,500,ok
+44.20%,+13.11%,+19.38%,+0.732,+1.069,+0.530,+89.65%,-24.71%,+44.90%,-4.09%,+0.884,+79.06%,49,49,-1.50%,+9.33%,+189.84%,-35.96%,+2.691,22,27,us,golden_cross_50_200,3,10,500,ok
+49.67%,+22.59%,+18.20%,+1.210,+1.787,+1.231,+95.56%,-18.34%,+58.06%,+5.91%,+0.763,+48.39%,31,31,+1.10%,+17.54%,+162.38%,-33.76%,+4.097,18,13,us,golden_cross_50_200,2,10,500,ok
+40.23%,+40.61%,+22.67%,+1.617,+2.559,+2.625,+94.76%,-15.47%,+52.63%,+16.52%,+0.988,+22.91%,19,19,+3.65%,+20.82%,+305.85%,-23.79%,+4.982,10,9,us,golden_cross_50_200,1,10,500,ok
+74.39%,+11.84%,+21.46%,+0.629,+0.892,+0.504,+91.83%,-23.48%,+38.55%,+4.20%,+0.673,+85.82%,332,192,-1.74%,+2.54%,+183.60%,-36.80%,+1.620,128,200,us,fifty_two_week_high,5,10,500,ok
+74.08%,+20.50%,+23.25%,+0.919,+1.320,+1.030,+94.16%,-19.91%,+37.11%,+5.93%,+0.751,+79.06%,194,128,-2.31%,+4.05%,+183.60%,-36.80%,+1.942,72,122,us,fifty_two_week_high,3,10,500,ok
+73.12%,+31.94%,+26.23%,+1.189,+1.711,+1.409,+95.01%,-22.66%,+36.92%,+17.77%,+0.695,+48.39%,130,93,-2.01%,+5.90%,+183.60%,-36.80%,+2.319,48,82,us,fifty_two_week_high,2,10,500,ok
+67.69%,+68.38%,+32.23%,+1.780,+2.647,+3.797,+95.87%,-18.01%,+42.19%,+32.33%,+1.357,+22.91%,64,50,-1.07%,+10.71%,+108.68%,-20.70%,+4.539,27,37,us,fifty_two_week_high,1,10,500,ok
+62.60%,+10.28%,+17.73%,+0.641,+0.905,+0.389,+92.23%,-26.45%,+38.18%,+0.14%,+0.804,+85.82%,55,50,-6.55%,+20.20%,+546.26%,-37.71%,+2.642,21,34,us,bll_trading_range_break,5,10,500,ok
+145.77%,+35.33%,+26.60%,+1.271,+1.862,+0.871,+98.48%,-40.57%,+54.84%,+13.83%,+1.003,+79.06%,31,30,+2.01%,+46.52%,+1023.37%,-41.55%,+8.231,17,14,us,bll_trading_range_break,3,10,500,ok
+35.71%,+16.67%,+16.77%,+1.004,+1.433,+1.111,+91.66%,-15.01%,+59.09%,+4.33%,+0.591,+48.39%,22,21,+6.21%,+16.07%,+143.39%,-27.94%,+4.849,13,9,us,bll_trading_range_break,2,10,500,ok
+74.54%,+75.32%,+29.32%,+2.063,+3.159,+4.109,+97.95%,-18.33%,+71.43%,+30.73%,+1.558,+22.91%,14,14,+30.37%,+55.50%,+232.04%,-17.74%,+14.044,10,4,us,bll_trading_range_break,1,10,500,ok
+22.68%,+4.20%,+18.61%,+0.314,+0.433,+0.132,+75.74%,-31.84%,+33.48%,-3.61%,+0.683,+85.82%,230,142,-4.53%,+1.27%,+150.28%,-39.97%,+1.167,77,149,us,keltner_breakout,5,10,100,ok
+37.70%,+11.36%,+18.00%,+0.688,+0.968,+0.466,+88.03%,-24.40%,+36.43%,-1.73%,+0.680,+79.06%,140,102,-3.47%,+2.78%,+196.93%,-39.97%,+1.475,51,89,us,keltner_breakout,3,10,100,ok
+42.60%,+19.63%,+22.96%,+0.896,+1.247,+0.877,+89.27%,-22.38%,+36.17%,+5.17%,+0.728,+48.39%,94,82,-1.85%,+4.57%,+196.93%,-38.29%,+1.729,34,60,us,keltner_breakout,2,10,100,ok
+71.88%,+72.63%,+26.66%,+2.183,+3.350,+4.463,+98.40%,-16.27%,+36.54%,+33.21%,+1.365,+22.91%,52,47,-4.02%,+13.80%,+402.90%,-35.19%,+3.015,19,33,us,keltner_breakout,1,10,100,ok
+41.36%,+7.22%,+23.05%,+0.418,+0.585,+0.230,+82.32%,-31.41%,+36.03%,-1.49%,+0.798,+85.82%,705,216,-1.35%,+0.61%,+132.59%,-40.94%,+1.202,254,438,us,adx_trend,5,10,250,ok
+40.18%,+12.03%,+22.84%,+0.612,+0.858,+0.435,+85.26%,-27.68%,+38.53%,-2.73%,+0.806,+79.06%,423,156,-1.30%,+0.92%,+132.59%,-40.94%,+1.310,163,260,us,adx_trend,3,10,250,ok
+37.61%,+17.49%,+24.89%,+0.773,+1.084,+0.620,+85.87%,-28.21%,+39.65%,+3.45%,+0.743,+48.39%,285,118,-1.23%,+1.24%,+132.59%,-40.94%,+1.420,113,172,us,adx_trend,2,10,250,ok
+38.05%,+38.41%,+28.51%,+1.284,+1.861,+2.572,+89.55%,-14.93%,+39.86%,+9.83%,+1.259,+22.91%,138,73,-1.33%,+2.79%,+132.59%,-23.17%,+1.790,55,83,us,adx_trend,1,10,250,ok
+130.35%,+18.29%,+19.08%,+0.975,+1.521,+0.691,+98.67%,-26.45%,+76.67%,+12.04%,+0.519,+85.82%,30,21,+16.49%,+43.45%,+488.84%,-68.12%,+7.578,23,7,us,long_term_reversal,5,10,250,ok
+43.32%,+12.87%,+13.55%,+0.961,+1.507,+1.059,+95.29%,-12.15%,+90.00%,+9.10%,+0.208,+79.06%,10,10,+24.57%,+43.32%,+127.39%,-3.97%,+110.016,9,1,us,long_term_reversal,3,10,250,ok
+0.00%,+0.00%,+0.00%,+0.000,+0.000,+0.000,+50.00%,+0.00%,+0.00%,+0.00%,+0.000,+48.39%,0,0,+0.00%,+0.00%,+0.00%,+0.00%,+0.000,0,0,us,long_term_reversal,2,10,250,ok
+0.00%,+0.00%,+0.00%,+0.000,+0.000,+0.000,+50.00%,+0.00%,+0.00%,+0.00%,+0.000,+22.91%,0,0,+0.00%,+0.00%,+0.00%,+0.00%,+0.000,0,0,us,long_term_reversal,1,10,250,ok
+43.29%,+7.51%,+17.30%,+0.505,+0.720,+0.238,+86.92%,-31.58%,+39.00%,-2.20%,+0.786,+85.82%,"1,300",330,-1.10%,+0.48%,+133.35%,-82.70%,+1.156,507,770,us,macd_signal_cross,5,15,60,ok
+41.38%,+12.36%,+14.04%,+0.900,+1.302,+0.702,+93.79%,-17.59%,+39.48%,-0.00%,+0.608,+79.06%,808,257,-1.21%,+0.65%,+133.35%,-37.97%,+1.243,319,489,us,macd_signal_cross,3,15,60,ok
+22.82%,+10.94%,+17.53%,+0.680,+0.976,+0.539,+82.90%,-20.29%,+38.14%,-2.04%,+0.656,+48.39%,548,211,-1.27%,+0.44%,+133.35%,-37.97%,+1.150,209,339,us,macd_signal_cross,2,15,60,ok
+7.07%,+7.12%,+19.80%,+0.447,+0.661,+0.412,+67.17%,-17.30%,+35.99%,-9.79%,+0.885,+22.91%,289,147,-1.94%,+0.02%,+133.35%,-37.97%,+1.005,104,185,us,macd_signal_cross,1,15,60,ok
+81.63%,+12.76%,+18.25%,+0.750,+1.097,+0.480,+95.28%,-26.57%,+61.85%,+1.72%,+0.858,+85.82%,"1,135",324,+2.17%,+1.09%,+43.05%,-45.62%,+1.391,702,432,us,stochastic_cross,5,15,20,ok
+68.94%,+19.29%,+15.44%,+1.220,+1.794,+1.048,+98.23%,-18.41%,+62.66%,+3.34%,+0.748,+79.06%,699,241,+2.40%,+1.48%,+30.60%,-36.26%,+1.592,438,261,us,stochastic_cross,3,15,20,ok
+51.86%,+23.49%,+17.89%,+1.269,+1.876,+1.158,+96.30%,-20.29%,+61.03%,+5.65%,+0.807,+48.39%,467,191,+2.17%,+1.67%,+46.04%,-36.26%,+1.643,285,182,us,stochastic_cross,2,15,20,ok
+43.12%,+43.53%,+15.92%,+2.351,+3.749,+4.389,+99.04%,-9.92%,+65.56%,+23.76%,+0.744,+22.91%,241,134,+2.85%,+2.68%,+30.60%,-19.06%,+2.360,158,83,us,stochastic_cross,1,15,20,ok
+67.05%,+10.88%,+16.46%,+0.709,+1.104,+0.498,+94.68%,-21.87%,+63.02%,+2.27%,+0.676,+85.82%,"4,367",489,+0.82%,+0.24%,+25.36%,-43.12%,+1.173,"2,752","1,609",us,connors_rsi2,5,20,20,ok
+39.25%,+11.78%,+16.85%,+0.744,+1.210,+0.733,+91.19%,-16.08%,+62.96%,-1.99%,+0.700,+79.06%,"2,716",472,+0.73%,+0.18%,+25.36%,-43.12%,+1.131,"1,710","1,003",us,connors_rsi2,3,20,20,ok
+25.65%,+12.22%,+20.86%,+0.655,+1.088,+0.685,+83.47%,-17.84%,+61.78%,-2.70%,+0.769,+48.39%,"1,813",446,+0.72%,+0.12%,+23.85%,-32.50%,+1.078,"1,120",693,us,connors_rsi2,2,20,20,ok
+24.86%,+25.08%,+22.01%,+1.124,+2.024,+1.581,+89.35%,-15.86%,+62.03%,+9.39%,+0.729,+22.91%,985,375,+0.84%,+0.20%,+21.41%,-27.31%,+1.130,611,374,us,connors_rsi2,1,20,20,ok
+53.87%,+9.06%,+12.59%,+0.752,+1.155,+0.666,+95.57%,-13.61%,+62.99%,+2.98%,+0.468,+85.82%,"3,561",495,+0.78%,+0.24%,+37.45%,-35.62%,+1.200,"2,243","1,313",us,connors_rsi2_bull,5,20,20,ok
+50.53%,+14.75%,+12.52%,+1.161,+1.920,+1.586,+98.25%,-9.30%,+63.85%,+3.88%,+0.516,+79.06%,"2,335",486,+0.76%,+0.35%,+37.45%,-27.31%,+1.295,"1,491",844,us,connors_rsi2_bull,3,20,20,ok
+32.88%,+15.44%,+15.31%,+1.013,+1.711,+1.447,+93.45%,-10.67%,+62.70%,+3.83%,+0.552,+48.39%,"1,539",462,+0.80%,+0.30%,+37.45%,-27.31%,+1.227,965,574,us,connors_rsi2_bull,2,20,20,ok
+22.25%,+22.44%,+17.00%,+1.275,+2.323,+1.916,+91.70%,-11.71%,+61.24%,+8.44%,+0.627,+22.91%,872,384,+0.88%,+0.28%,+21.41%,-27.31%,+1.200,534,338,us,connors_rsi2_bull,1,20,20,ok
+52.08%,+8.81%,+17.26%,+0.575,+0.836,+0.437,+90.07%,-20.14%,+64.10%,-1.35%,+0.809,+85.82%,"1,794",425,+1.93%,+0.58%,+36.53%,-36.06%,+1.237,"1,150",640,us,bollinger_mean_reversion,5,20,20,ok
+30.72%,+9.43%,+15.97%,+0.644,+0.921,+0.513,+86.69%,-18.38%,+63.33%,-5.94%,+0.790,+79.06%,"1,080",363,+1.82%,+0.58%,+26.29%,-36.06%,+1.233,684,396,us,bollinger_mean_reversion,3,20,20,ok
+23.43%,+11.22%,+17.67%,+0.690,+0.978,+0.573,+83.44%,-19.57%,+63.31%,-4.91%,+0.808,+48.39%,725,312,+1.72%,+0.65%,+26.29%,-35.35%,+1.257,459,266,us,bollinger_mean_reversion,2,20,20,ok
+25.42%,+25.65%,+14.75%,+1.622,+2.549,+3.021,+94.91%,-8.49%,+65.22%,+9.10%,+0.703,+22.91%,391,226,+1.89%,+1.30%,+46.45%,-25.33%,+1.592,255,136,us,bollinger_mean_reversion,1,20,20,ok
+79.38%,+12.48%,+19.04%,+0.713,+1.040,+0.507,+94.41%,-24.61%,+63.49%,+0.80%,+0.916,+85.82%,"1,742",317,+2.17%,+0.84%,+36.29%,-39.36%,+1.309,"1,106",631,us,williams_percent_r,5,20,20,ok
+76.60%,+21.09%,+15.20%,+1.336,+2.018,+1.435,+98.99%,-14.70%,+65.97%,+4.72%,+0.754,+79.06%,"1,055",243,+2.36%,+1.26%,+33.43%,-39.36%,+1.547,696,359,us,williams_percent_r,3,20,20,ok
+58.96%,+26.37%,+18.29%,+1.371,+2.088,+1.491,+97.47%,-17.68%,+66.48%,+7.63%,+0.831,+48.39%,707,200,+2.67%,+1.39%,+33.43%,-39.36%,+1.569,470,237,us,williams_percent_r,2,20,20,ok
+43.12%,+43.53%,+18.83%,+2.013,+3.371,+4.339,+98.25%,-10.03%,+69.25%,+19.35%,+0.935,+22.91%,361,129,+2.45%,+1.84%,+33.43%,-39.36%,+1.825,250,111,us,williams_percent_r,1,20,20,ok
+90.37%,+13.84%,+18.72%,+0.786,+1.169,+0.563,+96.08%,-24.56%,+56.70%,+2.08%,+0.907,+85.82%,"1,365",310,+1.44%,+1.22%,+57.93%,-42.88%,+1.394,774,587,us,cci_reversion,5,20,20,ok
+71.43%,+19.88%,+15.66%,+1.236,+1.914,+1.214,+98.54%,-16.37%,+58.95%,+3.34%,+0.773,+79.06%,816,249,+1.68%,+1.51%,+44.60%,-40.06%,+1.529,481,334,us,cci_reversion,3,20,20,ok
+51.31%,+23.26%,+19.64%,+1.163,+1.820,+1.235,+95.32%,-18.84%,+58.65%,+4.29%,+0.874,+48.39%,549,206,+1.75%,+1.48%,+40.11%,-35.35%,+1.490,322,227,us,cci_reversion,2,20,20,ok
+34.75%,+35.07%,+19.17%,+1.664,+2.830,+3.076,+96.15%,-11.40%,+60.29%,+12.59%,+0.926,+22.91%,277,148,+1.75%,+1.79%,+31.18%,-36.84%,+1.708,167,110,us,cci_reversion,1,20,20,ok
+60.28%,+9.96%,+27.00%,+0.486,+0.728,+0.268,+86.25%,-37.18%,+49.00%,-3.30%,+1.181,+85.82%,"1,200",363,+0.00%,+0.96%,+103.19%,-47.97%,+1.240,588,570,us,short_term_reversal,5,20,20,ok
+75.46%,+20.82%,+21.55%,+0.985,+1.533,+1.012,+95.99%,-20.57%,+54.17%,-0.14%,+1.028,+79.06%,720,297,+1.17%,+2.10%,+91.27%,-51.13%,+1.554,390,327,us,short_term_reversal,3,20,20,ok
+52.33%,+23.68%,+24.06%,+1.002,+1.590,+1.136,+92.81%,-20.85%,+55.62%,+1.61%,+1.056,+48.39%,480,250,+1.23%,+2.18%,+81.17%,-33.18%,+1.600,267,213,us,short_term_reversal,2,20,20,ok
+34.59%,+34.91%,+20.49%,+1.564,+2.539,+2.347,+94.37%,-14.88%,+55.00%,+12.72%,+0.928,+22.91%,240,159,+1.05%,+2.88%,+81.14%,-32.26%,+1.793,132,108,us,short_term_reversal,1,20,20,ok
+17.01%,+3.21%,+12.28%,+0.319,+0.451,+0.155,+76.09%,-20.68%,+51.25%,+0.07%,+0.276,+85.82%,"1,200",101,+0.20%,+0.29%,+54.59%,-24.62%,+1.131,615,582,us,turn_of_month,5,20,20,ok
+10.96%,+3.56%,+13.44%,+0.328,+0.451,+0.170,+71.27%,-20.92%,+48.75%,-2.80%,+0.349,+79.06%,720,76,+0.00%,+0.32%,+54.59%,-22.94%,+1.133,351,353,us,turn_of_month,3,20,20,ok
+10.40%,+5.12%,+15.07%,+0.407,+0.559,+0.308,+71.49%,-16.64%,+47.50%,-1.20%,+0.345,+48.39%,480,57,+0.00%,+0.43%,+54.59%,-22.94%,+1.188,228,232,us,turn_of_month,2,20,20,ok
+21.01%,+21.20%,+15.54%,+1.315,+2.123,+2.225,+91.23%,-9.53%,+56.67%,+12.60%,+0.396,+22.91%,240,44,+1.17%,+1.76%,+54.59%,-22.94%,+1.738,136,103,us,turn_of_month,1,20,20,ok
