effective_date,symbol
2015-06-01,3MINDIA.NS
2015-06-01,ABBOTINDIA.NS
2015-06-01,ADANIENT.NS
2015-06-01,ADANIPOWER.NS
2015-06-01,AIAENG.NS
2015-06-01,AJANTPHARM.NS
2015-06-01,AKZOINDIA.NS
2015-06-01,AMARAJABAT.NS
2015-06-01,APLLTD.NS
2015-06-01,APOLLOHOSP.NS
2015-06-01,APOLLOTYRE.NS
2015-06-01,ARE&M.NS
2015-06-01,ASHOKLEY.NS
2015-06-01,BAJAJCON.NS
2015-06-01,BAJAJFINSV.NS
2015-06-01,BAJAJHLDNG.NS
2015-06-01,BAJFINANCE.NS
2015-06-01,BALKRISIND.NS
2015-06-01,BALLARPUR.NS
2015-06-01,BASF.NS
2015-06-01,BATAINDIA.NS
2015-06-01,BAYERCROP.NS
2015-06-01,BERGEPAINT.NS
2015-06-01,BIOCON.NS
2015-06-01,BLUEDART.NS
2015-06-01,CESC.NS
2015-06-01,CGPOWER.NS
2015-06-01,CHOLAFIN.NS
2015-06-01,CIEINDIA.NS
2015-06-01,COROMANDEL.NS
2015-06-01,CPSEETF.NS
2015-06-01,CRISIL.NS
2015-06-01,CYIENT.NS
2015-06-01,DALBHARAT.NS
2015-06-01,DBCORP.NS
2015-06-01,DHFL.NS
2015-06-01,DIACABS.NS
2015-06-01,DISHTV.NS
2015-06-01,EIHOTEL.NS
2015-06-01,EMAMILTD.NS
2015-06-01,ENGINERSIN.NS
2015-06-01,EXIDEIND.NS
2015-06-01,FEDERALBNK.NS
2015-06-01,FORTIS.NS
2015-06-01,GESHIP.NS
2015-06-01,GET&D.NS
2015-06-01,GILLETTE.NS
2015-06-01,GLENMARK.NS
2015-06-01,GMDCLTD.NS
2015-06-01,GMRAIRPORT.NS
2015-06-01,GMRINFRA.NS
2015-06-01,GODREJIND.NS
2015-06-01,GODREJPROP.NS
2015-06-01,GPPL.NS
2015-06-01,GSPL.NS
2015-06-01,GVT&D.NS
2015-06-01,HATHWAY.NS
2015-06-01,HAVELLS.NS
2015-06-01,HEXAWARE.NS
2015-06-01,HINDCOPPER.NS
2015-06-01,HINDPETRO.NS
2015-06-01,HONAUT.NS
2015-06-01,IBULHSGFIN.NS
2015-06-01,IDFC.NS
2015-06-01,IFCI.NS
2015-06-01,IGL.NS
2015-06-01,IL&FSTRANS.NS
2015-06-01,INDHOTEL.NS
2015-06-01,INDIANB.NS
2015-06-01,IPCALAB.NS
2015-06-01,IRB.NS
2015-06-01,J&KBANK.NS
2015-06-01,JINDALSTEL.NS
2015-06-01,JPASSOCIAT.NS
2015-06-01,JSWDULUX.NS
2015-06-01,JSWENERGY.NS
2015-06-01,JSWISPL.NS
2015-06-01,JUBLFOOD.NS
2015-06-01,JUSTDIAL.NS
2015-06-01,KAJARIACER.NS
2015-06-01,KANSAINER.NS
2015-06-01,KARURVYSYA.NS
2015-06-01,KSCL.NS
2015-06-01,L&TFH.NS
2015-06-01,LICHSGFIN.NS
2015-06-01,LIQUIDBEES.NS
2015-06-01,LTF.NS
2015-06-01,M&MFIN.NS
2015-06-01,MAHINDCIE.NS
2015-06-01,MARICO.NS
2015-06-01,MBECL.NS
2015-06-01,MCX.NS
2015-06-01,MFSL.NS
2015-06-01,MMTC.NS
2015-06-01,MOIL.NS
2015-06-01,MPHASIS.NS
2015-06-01,MRF.NS
2015-06-01,MRPL.NS
2015-06-01,MUTHOOTFIN.NS
2015-06-01,NATCOPHARM.NS
2015-06-01,NATIONALUM.NS
2015-06-01,NAUKRI.NS
2015-06-01,NBCC.NS
2015-06-01,NETWORK18.NS
2015-06-01,NLCINDIA.NS
2015-06-01,OBEROIRLTY.NS
2015-06-01,OIL.NS
2015-06-01,PAGEIND.NS
2015-06-01,PEL.NS
2015-06-01,PERSISTENT.NS
2015-06-01,PETRONET.NS
2015-06-01,PFIZER.NS
2015-06-01,PGHH.NS
2015-06-01,PIIND.NS
2015-06-01,PRESTIGE.NS
2015-06-01,RAJESHEXPO.NS
2015-06-01,RAMCOCEM.NS
2015-06-01,RCOM.NS
2015-06-01,REDINGTON.NS
2015-06-01,RELCAPITAL.NS
2015-06-01,RELIGARE.NS
2015-06-01,RELINFRA.NS
2015-06-01,RPOWER.NS
2015-06-01,SAMMAANCAP.NS
2015-06-01,SCHAEFFLER.NS
2015-06-01,SIEMENS.NS
2015-06-01,SJVN.NS
2015-06-01,SOLARINDS.NS
2015-06-01,SPARC.NS
2015-06-01,SRF.NS
2015-06-01,SUNDARMFIN.NS
2015-06-01,SUNTV.NS
2015-06-01,SUPREMEIND.NS
2015-06-01,SYMPHONY.NS
2015-06-01,TATACOMM.NS
2015-06-01,TATACONSUM.NS
2015-06-01,THERMAX.NS
2015-06-01,TORNTPHARM.NS
2015-06-01,TORNTPOWER.NS
2015-06-01,TV18BRDCST.NS
2015-06-01,TVSMOTOR.NS
2015-06-01,UNITECH.NS
2015-06-01,UPL.NS
2015-06-01,VAKRANGEE.NS
2015-06-01,VHLTD.NS
2015-06-01,VICEROY.NS
2015-06-01,VIDEOIND.NS
2015-06-01,VOLTAS.NS
2015-06-01,WHIRLPOOL.NS
2015-06-01,WOCKPHARMA.NS
2015-09-30,3MINDIA.NS
2015-09-30,ABBOTINDIA.NS
2015-09-30,ADANIENT.NS
2015-09-30,ADANIPOWER.NS
2015-09-30,AIAENG.NS
2015-09-30,AJANTPHARM.NS
2015-09-30,AKZOINDIA.NS
2015-09-30,AMARAJABAT.NS
2015-09-30,APLLTD.NS
2015-09-30,APOLLOHOSP.NS
2015-09-30,APOLLOTYRE.NS
2015-09-30,ARE&M.NS
2015-09-30,ASHOKLEY.NS
2015-09-30,BAJAJCON.NS
2015-09-30,BAJAJHLDNG.NS
2015-09-30,BALKRISIND.NS
2015-09-30,BALLARPUR.NS
2015-09-30,BASF.NS
2015-09-30,BATAINDIA.NS
2015-09-30,BAYERCROP.NS
2015-09-30,BERGEPAINT.NS
2015-09-30,BIOCON.NS
2015-09-30,BLUEDART.NS
2015-09-30,CASTROLIND.NS
2015-09-30,CESC.NS
2015-09-30,CGPOWER.NS
2015-09-30,CHOLAFIN.NS
2015-09-30,CIEINDIA.NS
2015-09-30,COROMANDEL.NS
2015-09-30,CPSEETF.NS
2015-09-30,CRISIL.NS
2015-09-30,CYIENT.NS
2015-09-30,DALBHARAT.NS
2015-09-30,DBCORP.NS
2015-09-30,DHFL.NS
2015-09-30,DIACABS.NS
2015-09-30,DISHTV.NS
2015-09-30,DLF.NS
2015-09-30,EIHOTEL.NS
2015-09-30,ENGINERSIN.NS
2015-09-30,EXIDEIND.NS
2015-09-30,FEDERALBNK.NS
2015-09-30,FORTIS.NS
2015-09-30,GESHIP.NS
2015-09-30,GET&D.NS
2015-09-30,GILLETTE.NS
2015-09-30,GMDCLTD.NS
2015-09-30,GMRAIRPORT.NS
2015-09-30,GMRINFRA.NS
2015-09-30,GODREJIND.NS
2015-09-30,GODREJPROP.NS
2015-09-30,GPPL.NS
2015-09-30,GSPL.NS
2015-09-30,GVT&D.NS
2015-09-30,HATHWAY.NS
2015-09-30,HAVELLS.NS
2015-09-30,HEXAWARE.NS
2015-09-30,HINDALCO.NS
2015-09-30,HINDCOPPER.NS
2015-09-30,HINDPETRO.NS
2015-09-30,HONAUT.NS
2015-09-30,IBULHSGFIN.NS
2015-09-30,IDFC.NS
2015-09-30,IGL.NS
2015-09-30,IMAGICAA.NS
2015-09-30,INDHOTEL.NS
2015-09-30,INDIANB.NS
2015-09-30,INOXWIND.NS
2015-09-30,IPCALAB.NS
2015-09-30,IRB.NS
2015-09-30,JINDALSTEL.NS
2015-09-30,JSWDULUX.NS
2015-09-30,JSWENERGY.NS
2015-09-30,JSWISPL.NS
2015-09-30,JUBLFOOD.NS
2015-09-30,JUSTDIAL.NS
2015-09-30,JYOTHYLAB.NS
2015-09-30,KAJARIACER.NS
2015-09-30,KANSAINER.NS
2015-09-30,KARURVYSYA.NS
2015-09-30,KSCL.NS
2015-09-30,L&TFH.NS
2015-09-30,LICHSGFIN.NS
2015-09-30,LIQUIDBEES.NS
2015-09-30,LTF.NS
2015-09-30,M&MFIN.NS
2015-09-30,MAHABANK.NS
2015-09-30,MAHINDCIE.NS
2015-09-30,MBECL.NS
2015-09-30,MCX.NS
2015-09-30,MFSL.NS
2015-09-30,MPHASIS.NS
2015-09-30,MRF.NS
2015-09-30,MRPL.NS
2015-09-30,MUTHOOTFIN.NS
2015-09-30,NATCOPHARM.NS
2015-09-30,NATIONALUM.NS
2015-09-30,NAUKRI.NS
2015-09-30,NBCC.NS
2015-09-30,NETWORK18.NS
2015-09-30,NHPC.NS
2015-09-30,NLCINDIA.NS
2015-09-30,OBEROIRLTY.NS
2015-09-30,OIL.NS
2015-09-30,PAGEIND.NS
2015-09-30,PCJEWELLER.NS
2015-09-30,PEL.NS
2015-09-30,PERSISTENT.NS
2015-09-30,PETRONET.NS
2015-09-30,PFIZER.NS
2015-09-30,PGHH.NS
2015-09-30,PIIND.NS
2015-09-30,PRESTIGE.NS
2015-09-30,PRSMJOHNSN.NS
2015-09-30,RAJESHEXPO.NS
2015-09-30,RAMCOCEM.NS
2015-09-30,RCOM.NS
2015-09-30,RELAXO.NS
2015-09-30,RELCAPITAL.NS
2015-09-30,RELIGARE.NS
2015-09-30,RELINFRA.NS
2015-09-30,RPOWER.NS
2015-09-30,SAMMAANCAP.NS
2015-09-30,SANOFI.NS
2015-09-30,SCHAEFFLER.NS
2015-09-30,SHRIRAMFIN.NS
2015-09-30,SJVN.NS
2015-09-30,SOLARINDS.NS
2015-09-30,SPARC.NS
2015-09-30,SRF.NS
2015-09-30,SUNDARMFIN.NS
2015-09-30,SUNTV.NS
2015-09-30,SUPREMEIND.NS
2015-09-30,SYMPHONY.NS
2015-09-30,TATACOMM.NS
2015-09-30,TATACONSUM.NS
2015-09-30,THERMAX.NS
2015-09-30,TORNTPHARM.NS
2015-09-30,TORNTPOWER.NS
2015-09-30,TV18BRDCST.NS
2015-09-30,TVSMOTOR.NS
2015-09-30,UEL.NS
2015-09-30,VAKRANGEE.NS
2015-09-30,VHLTD.NS
2015-09-30,VICEROY.NS
2015-09-30,VOLTAS.NS
2015-09-30,WELSPUNIND.NS
2015-09-30,WELSPUNLIV.NS
2015-09-30,WHIRLPOOL.NS
2015-09-30,WOCKPHARMA.NS
2016-03-31,3MINDIA.NS
2016-03-31,ABB.NS
2016-03-31,ABBOTINDIA.NS
2016-03-31,ADANIPOWER.NS
2016-03-31,AIAENG.NS
2016-03-31,AJANTPHARM.NS
2016-03-31,AKZOINDIA.NS
2016-03-31,ALKEM.NS
2016-03-31,AMARAJABAT.NS
2016-03-31,APLLTD.NS
2016-03-31,APOLLOHOSP.NS
2016-03-31,APOLLOTYRE.NS
2016-03-31,ARE&M.NS
2016-03-31,BAJAJCON.NS
2016-03-31,BAJAJHLDNG.NS
2016-03-31,BALKRISIND.NS
2016-03-31,BATAINDIA.NS
2016-03-31,BAYERCROP.NS
2016-03-31,BERGEPAINT.NS
2016-03-31,BHARATFORG.NS
2016-03-31,BIOCON.NS
2016-03-31,BLUEDART.NS
2016-03-31,CASTROLIND.NS
2016-03-31,CHOLAFIN.NS
2016-03-31,CIEINDIA.NS
2016-03-31,COROMANDEL.NS
2016-03-31,CPSEETF.NS
2016-03-31,CRISIL.NS
2016-03-31,DALBHARAT.NS
2016-03-31,DBCORP.NS
2016-03-31,DHFL.NS
2016-03-31,DIACABS.NS
2016-03-31,DISHTV.NS
2016-03-31,DLF.NS
2016-03-31,ECLERX.NS
2016-03-31,EIHOTEL.NS
2016-03-31,EMAMILTD.NS
2016-03-31,ENGINERSIN.NS
2016-03-31,EXIDEIND.NS
2016-03-31,FEDERALBNK.NS
2016-03-31,FEL.NS
2016-03-31,FORTIS.NS
2016-03-31,GET&D.NS
2016-03-31,GILLETTE.NS
2016-03-31,GMRAIRPORT.NS
2016-03-31,GMRINFRA.NS
2016-03-31,GODFRYPHLP.NS
2016-03-31,GODREJIND.NS
2016-03-31,GODREJPROP.NS
2016-03-31,GPPL.NS
2016-03-31,GSPL.NS
2016-03-31,GUJGASLTD.NS
2016-03-31,GVT&D.NS
2016-03-31,HATHWAY.NS
2016-03-31,HAVELLS.NS
2016-03-31,HEXAWARE.NS
2016-03-31,HINDALCO.NS
2016-03-31,HINDPETRO.NS
2016-03-31,HONAUT.NS
2016-03-31,IDFC.NS
2016-03-31,IGL.NS
2016-03-31,IMAGICAA.NS
2016-03-31,INDHOTEL.NS
2016-03-31,INDIANB.NS
2016-03-31,INOXWIND.NS
2016-03-31,IPCALAB.NS
2016-03-31,IRB.NS
2016-03-31,JETAIRWAYS.NS
2016-03-31,JINDALSTEL.NS
2016-03-31,JSWDULUX.NS
2016-03-31,JSWENERGY.NS
2016-03-31,JUBLFOOD.NS
2016-03-31,JUBLPHARMA.NS
2016-03-31,JUSTDIAL.NS
2016-03-31,JYOTHYLAB.NS
2016-03-31,KAJARIACER.NS
2016-03-31,KANSAINER.NS
2016-03-31,L&TFH.NS
2016-03-31,LALPATHLAB.NS
2016-03-31,LIQUIDBEES.NS
2016-03-31,LTF.NS
2016-03-31,M&MFIN.NS
2016-03-31,MAHABANK.NS
2016-03-31,MAHINDCIE.NS
2016-03-31,MBECL.NS
2016-03-31,MFSL.NS
2016-03-31,MPHASIS.NS
2016-03-31,MRF.NS
2016-03-31,MRPL.NS
2016-03-31,MUTHOOTFIN.NS
2016-03-31,NATCOPHARM.NS
2016-03-31,NATIONALUM.NS
2016-03-31,NAUKRI.NS
2016-03-31,NBCC.NS
2016-03-31,NH.NS
2016-03-31,NHPC.NS
2016-03-31,NLCINDIA.NS
2016-03-31,OBEROIRLTY.NS
2016-03-31,OIL.NS
2016-03-31,PAGEIND.NS
2016-03-31,PCJEWELLER.NS
2016-03-31,PEL.NS
2016-03-31,PERSISTENT.NS
2016-03-31,PETRONET.NS
2016-03-31,PFIZER.NS
2016-03-31,PGHH.NS
2016-03-31,PIIND.NS
2016-03-31,PRESTIGE.NS
2016-03-31,RAJESHEXPO.NS
2016-03-31,RAMCOCEM.NS
2016-03-31,RCOM.NS
2016-03-31,RECLTD.NS
2016-03-31,RELAXO.NS
2016-03-31,RELCAPITAL.NS
2016-03-31,RELIGARE.NS
2016-03-31,RELINFRA.NS
2016-03-31,RPOWER.NS
2016-03-31,SAIL.NS
2016-03-31,SANOFI.NS
2016-03-31,SCHAEFFLER.NS
2016-03-31,SHRIRAMFIN.NS
2016-03-31,SIEMENS.NS
2016-03-31,SJVN.NS
2016-03-31,SOLARINDS.NS
2016-03-31,SPARC.NS
2016-03-31,SRF.NS
2016-03-31,SUNDARMFIN.NS
2016-03-31,SUNTV.NS
2016-03-31,SUPREMEIND.NS
2016-03-31,SYMPHONY.NS
2016-03-31,SYNGENE.NS
2016-03-31,TATACOMM.NS
2016-03-31,TATACONSUM.NS
2016-03-31,TATAELXSI.NS
2016-03-31,TATAPOWER.NS
2016-03-31,THERMAX.NS
2016-03-31,TORNTPOWER.NS
2016-03-31,TV18BRDCST.NS
2016-03-31,TVSMOTOR.NS
2016-03-31,UBL.NS
2016-03-31,UPL.NS
2016-03-31,UTISENSETF.NS
2016-03-31,VAKRANGEE.NS
2016-03-31,VHLTD.NS
2016-03-31,VICEROY.NS
2016-03-31,VOLTAS.NS
2016-03-31,WELSPUNIND.NS
2016-03-31,WELSPUNLIV.NS
2016-03-31,WHIRLPOOL.NS
2016-03-31,WOCKPHARMA.NS
2016-09-30,3MINDIA.NS
2016-09-30,ABB.NS
2016-09-30,ABBOTINDIA.NS
2016-09-30,ADANIPOWER.NS
2016-09-30,AIAENG.NS
2016-09-30,AJANTPHARM.NS
2016-09-30,AKZOINDIA.NS
2016-09-30,ALKEM.NS
2016-09-30,AMARAJABAT.NS
2016-09-30,APLLTD.NS
2016-09-30,APOLLOHOSP.NS
2016-09-30,APOLLOTYRE.NS
2016-09-30,ARE&M.NS
2016-09-30,ATUL.NS
2016-09-30,BAJAJCON.NS
2016-09-30,BAJAJHLDNG.NS
2016-09-30,BALKRISIND.NS
2016-09-30,BATAINDIA.NS
2016-09-30,BAYERCROP.NS
2016-09-30,BERGEPAINT.NS
2016-09-30,BHARATFORG.NS
2016-09-30,BIOCON.NS
2016-09-30,BLUEDART.NS
2016-09-30,CASTROLIND.NS
2016-09-30,CESC.NS
2016-09-30,CGPOWER.NS
2016-09-30,CHOLAFIN.NS
2016-09-30,CHOLAHLDNG.NS
2016-09-30,CIEINDIA.NS
2016-09-30,COLPAL.NS
2016-09-30,COROMANDEL.NS
2016-09-30,CPSEETF.NS
2016-09-30,CRISIL.NS
2016-09-30,CROMPTON.NS
2016-09-30,CUMMINSIND.NS
2016-09-30,DALBHARAT.NS
2016-09-30,DBCORP.NS
2016-09-30,DHFL.NS
2016-09-30,DIACABS.NS
2016-09-30,DISHTV.NS
2016-09-30,ECLERX.NS
2016-09-30,EIHOTEL.NS
2016-09-30,EMAMILTD.NS
2016-09-30,ENGINERSIN.NS
2016-09-30,EXIDEIND.NS
2016-09-30,FEDERALBNK.NS
2016-09-30,FORTIS.NS
2016-09-30,GET&D.NS
2016-09-30,GILLETTE.NS
2016-09-30,GLENMARK.NS
2016-09-30,GMRAIRPORT.NS
2016-09-30,GMRINFRA.NS
2016-09-30,GODREJIND.NS
2016-09-30,GODREJPROP.NS
2016-09-30,GPPL.NS
2016-09-30,GSPL.NS
2016-09-30,GUJGASLTD.NS
2016-09-30,GVT&D.NS
2016-09-30,HATHWAY.NS
2016-09-30,HAVELLS.NS
2016-09-30,HEXAWARE.NS
2016-09-30,HINDPETRO.NS
2016-09-30,HONAUT.NS
2016-09-30,IDFC.NS
2016-09-30,IDFCFIRSTB.NS
2016-09-30,IGL.NS
2016-09-30,INDHOTEL.NS
2016-09-30,INDIANB.NS
2016-09-30,INOXWIND.NS
2016-09-30,IPCALAB.NS
2016-09-30,IRB.NS
2016-09-30,JETAIRWAYS.NS
2016-09-30,JINDALSTEL.NS
2016-09-30,JSWDULUX.NS
2016-09-30,JSWENERGY.NS
2016-09-30,JUBLFOOD.NS
2016-09-30,JUBLPHARMA.NS
2016-09-30,KAJARIACER.NS
2016-09-30,KANSAINER.NS
2016-09-30,KRBL.NS
2016-09-30,L&TFH.NS
2016-09-30,LALPATHLAB.NS
2016-09-30,LIQUIDBEES.NS
2016-09-30,LTF.NS
2016-09-30,LTIM.NS
2016-09-30,M&MFIN.NS
2016-09-30,MAHABANK.NS
2016-09-30,MAHINDCIE.NS
2016-09-30,MBECL.NS
2016-09-30,MFSL.NS
2016-09-30,MGL.NS
2016-09-30,MPHASIS.NS
2016-09-30,MRF.NS
2016-09-30,MRPL.NS
2016-09-30,MUTHOOTFIN.NS
2016-09-30,NATCOPHARM.NS
2016-09-30,NATIONALUM.NS
2016-09-30,NAUKRI.NS
2016-09-30,NBCC.NS
2016-09-30,NH.NS
2016-09-30,NLCINDIA.NS
2016-09-30,OBEROIRLTY.NS
2016-09-30,OIL.NS
2016-09-30,PAGEIND.NS
2016-09-30,PCJEWELLER.NS
2016-09-30,PEL.NS
2016-09-30,PETRONET.NS
2016-09-30,PFIZER.NS
2016-09-30,PGHH.NS
2016-09-30,PIIND.NS
2016-09-30,PRESTIGE.NS
2016-09-30,RAJESHEXPO.NS
2016-09-30,RAMCOCEM.NS
2016-09-30,RCOM.NS
2016-09-30,RECLTD.NS
2016-09-30,RELCAPITAL.NS
2016-09-30,RELINFRA.NS
2016-09-30,RPOWER.NS
2016-09-30,SAIL.NS
2016-09-30,SANOFI.NS
2016-09-30,SCHAEFFLER.NS
2016-09-30,SIEMENS.NS
2016-09-30,SJVN.NS
2016-09-30,SOLARINDS.NS
2016-09-30,SPARC.NS
2016-09-30,SRF.NS
2016-09-30,SUNDARMFIN.NS
2016-09-30,SUNTV.NS
2016-09-30,SUPREMEIND.NS
2016-09-30,SUZLON.NS
2016-09-30,SYMPHONY.NS
2016-09-30,SYNGENE.NS
2016-09-30,TATACOMM.NS
2016-09-30,TATACONSUM.NS
2016-09-30,TATAPOWER.NS
2016-09-30,THERMAX.NS
2016-09-30,TORNTPOWER.NS
2016-09-30,TV18BRDCST.NS
2016-09-30,TVSMOTOR.NS
2016-09-30,UBL.NS
2016-09-30,UTISENSETF.NS
2016-09-30,VAKRANGEE.NS
2016-09-30,VHLTD.NS
2016-09-30,VICEROY.NS
2016-09-30,VOLTAS.NS
2016-09-30,VTL.NS
2016-09-30,WELSPUNIND.NS
2016-09-30,WELSPUNLIV.NS
2016-09-30,WHIRLPOOL.NS
2016-09-30,WOCKPHARMA.NS
2017-03-31,3MINDIA.NS
2017-03-31,ABB.NS
2017-03-31,ABBOTINDIA.NS
2017-03-31,ADANIPOWER.NS
2017-03-31,AIAENG.NS
2017-03-31,AJANTPHARM.NS
2017-03-31,AKZOINDIA.NS
2017-03-31,ALKEM.NS
2017-03-31,AMARAJABAT.NS
2017-03-31,APLLTD.NS
2017-03-31,APOLLOHOSP.NS
2017-03-31,APOLLOTYRE.NS
2017-03-31,ARE&M.NS
2017-03-31,ASHOKLEY.NS
2017-03-31,ATUL.NS
2017-03-31,BAJAJHLDNG.NS
2017-03-31,BALKRISIND.NS
2017-03-31,BAYERCROP.NS
2017-03-31,BERGEPAINT.NS
2017-03-31,BHARATFORG.NS
2017-03-31,BIOCON.NS
2017-03-31,BLUEDART.NS
2017-03-31,CASTROLIND.NS
2017-03-31,CESC.NS
2017-03-31,CHOLAFIN.NS
2017-03-31,CHOLAHLDNG.NS
2017-03-31,CIEINDIA.NS
2017-03-31,CONCOR.NS
2017-03-31,COROMANDEL.NS
2017-03-31,CPSEETF.NS
2017-03-31,CRISIL.NS
2017-03-31,CROMPTON.NS
2017-03-31,CUMMINSIND.NS
2017-03-31,DALBHARAT.NS
2017-03-31,DBCORP.NS
2017-03-31,DHFL.NS
2017-03-31,DIACABS.NS
2017-03-31,DISHTV.NS
2017-03-31,DIVISLAB.NS
2017-03-31,DLF.NS
2017-03-31,EMAMILTD.NS
2017-03-31,ENDURANCE.NS
2017-03-31,ENGINERSIN.NS
2017-03-31,EXIDEIND.NS
2017-03-31,FEDERALBNK.NS
2017-03-31,FINCABLES.NS
2017-03-31,FORTIS.NS
2017-03-31,FRETAIL.NS
2017-03-31,GET&D.NS
2017-03-31,GILLETTE.NS
2017-03-31,GLAXO.NS
2017-03-31,GMRAIRPORT.NS
2017-03-31,GMRINFRA.NS
2017-03-31,GODREJIND.NS
2017-03-31,GODREJPROP.NS
2017-03-31,GPPL.NS
2017-03-31,GSPL.NS
2017-03-31,GUJGASLTD.NS
2017-03-31,GVT&D.NS
2017-03-31,HATSUN.NS
2017-03-31,HONAUT.NS
2017-03-31,IDEA.NS
2017-03-31,IDFC.NS
2017-03-31,IDFCFIRSTB.NS
2017-03-31,IGL.NS
2017-03-31,INDHOTEL.NS
2017-03-31,IPCALAB.NS
2017-03-31,IRB.NS
2017-03-31,JINDALSTEL.NS
2017-03-31,JSWDULUX.NS
2017-03-31,JSWENERGY.NS
2017-03-31,JUBLPHARMA.NS
2017-03-31,JYOTHYLAB.NS
2017-03-31,KAJARIACER.NS
2017-03-31,KANSAINER.NS
2017-03-31,KRBL.NS
2017-03-31,L&TFH.NS
2017-03-31,LALPATHLAB.NS
2017-03-31,LIQUIDBEES.NS
2017-03-31,LTF.NS
2017-03-31,LTIM.NS
2017-03-31,LTTS.NS
2017-03-31,M&MFIN.NS
2017-03-31,MAHABANK.NS
2017-03-31,MAHINDCIE.NS
2017-03-31,MANAPPURAM.NS
2017-03-31,MFSL.NS
2017-03-31,MGL.NS
2017-03-31,MOTILALOFS.NS
2017-03-31,MPHASIS.NS
2017-03-31,MRF.NS
2017-03-31,MRPL.NS
2017-03-31,MUTHOOTFIN.NS
2017-03-31,NATCOPHARM.NS
2017-03-31,NATIONALUM.NS
2017-03-31,NAUKRI.NS
2017-03-31,NBCC.NS
2017-03-31,NH.NS
2017-03-31,NLCINDIA.NS
2017-03-31,OBEROIRLTY.NS
2017-03-31,OIL.NS
2017-03-31,PAGEIND.NS
2017-03-31,PCJEWELLER.NS
2017-03-31,PEL.NS
2017-03-31,PFIZER.NS
2017-03-31,PGHH.NS
2017-03-31,PIIND.NS
2017-03-31,PNBHOUSING.NS
2017-03-31,PRESTIGE.NS
2017-03-31,RAJESHEXPO.NS
2017-03-31,RAMCOCEM.NS
2017-03-31,RBLBANK.NS
2017-03-31,RCOM.NS
2017-03-31,RELCAPITAL.NS
2017-03-31,RELINFRA.NS
2017-03-31,RPOWER.NS
2017-03-31,SAIL.NS
2017-03-31,SCHAEFFLER.NS
2017-03-31,SHRIRAMFIN.NS
2017-03-31,SIEMENS.NS
2017-03-31,SJVN.NS
2017-03-31,SPARC.NS
2017-03-31,SRF.NS
2017-03-31,SUNCLAYLTD.NS
2017-03-31,SUNDARMFIN.NS
2017-03-31,SUNDRMFAST.NS
2017-03-31,SUNTV.NS
2017-03-31,SUPREMEIND.NS
2017-03-31,SUZLON.NS
2017-03-31,SYMPHONY.NS
2017-03-31,SYNGENE.NS
2017-03-31,TATACOMM.NS
2017-03-31,TATACONSUM.NS
2017-03-31,THERMAX.NS
2017-03-31,TORNTPHARM.NS
2017-03-31,TORNTPOWER.NS
2017-03-31,TTKPRESTIG.NS
2017-03-31,TV18BRDCST.NS
2017-03-31,TVSMOTOR.NS
2017-03-31,UBL.NS
2017-03-31,UTISENSETF.NS
2017-03-31,VAKRANGEE.NS
2017-03-31,VBL.NS
2017-03-31,VHLTD.NS
2017-03-31,VICEROY.NS
2017-03-31,VOLTAS.NS
2017-03-31,WELSPUNIND.NS
2017-03-31,WELSPUNLIV.NS
2017-03-31,WHIRLPOOL.NS
2017-03-31,WOCKPHARMA.NS
2017-09-30,3MINDIA.NS
2017-09-30,ABB.NS
2017-09-30,ABBOTINDIA.NS
2017-09-30,ADANIENSOL.NS
2017-09-30,ADANIPOWER.NS
2017-09-30,ADANITRANS.NS
2017-09-30,AIAENG.NS
2017-09-30,AJANTPHARM.NS
2017-09-30,AKZOINDIA.NS
2017-09-30,ALKEM.NS
2017-09-30,AMARAJABAT.NS
2017-09-30,APLLTD.NS
2017-09-30,APOLLOHOSP.NS
2017-09-30,APOLLOTYRE.NS
2017-09-30,ARE&M.NS
2017-09-30,ASHOKLEY.NS
2017-09-30,AUBANK.NS
2017-09-30,BAJAJHLDNG.NS
2017-09-30,BALKRISIND.NS
2017-09-30,BAYERCROP.NS
2017-09-30,BERGEPAINT.NS
2017-09-30,BHARATFORG.NS
2017-09-30,BIOCON.NS
2017-09-30,BLUEDART.NS
2017-09-30,CASTROLIND.NS
2017-09-30,CENTRALBK.NS
2017-09-30,CESC.NS
2017-09-30,CHOLAFIN.NS
2017-09-30,CHOLAHLDNG.NS
2017-09-30,CIEINDIA.NS
2017-09-30,COLPAL.NS
2017-09-30,CONCOR.NS
2017-09-30,COROMANDEL.NS
2017-09-30,CPSEETF.NS
2017-09-30,CRISIL.NS
2017-09-30,CROMPTON.NS
2017-09-30,CUMMINSIND.NS
2017-09-30,DALBHARAT.NS
2017-09-30,DHFL.NS
2017-09-30,DISHTV.NS
2017-09-30,DIVISLAB.NS
2017-09-30,EDELWEISS.NS
2017-09-30,EMAMILTD.NS
2017-09-30,ENDURANCE.NS
2017-09-30,ENGINERSIN.NS
2017-09-30,ERIS.NS
2017-09-30,EXIDEIND.NS
2017-09-30,FEDERALBNK.NS
2017-09-30,FINCABLES.NS
2017-09-30,FORTIS.NS
2017-09-30,FRETAIL.NS
2017-09-30,GET&D.NS
2017-09-30,GILLETTE.NS
2017-09-30,GLAXO.NS
2017-09-30,GLENMARK.NS
2017-09-30,GMRAIRPORT.NS
2017-09-30,GMRINFRA.NS
2017-09-30,GODREJIND.NS
2017-09-30,GODREJPROP.NS
2017-09-30,GSPL.NS
2017-09-30,GUJGASLTD.NS
2017-09-30,GVT&D.NS
2017-09-30,HATSUN.NS
2017-09-30,HONAUT.NS
2017-09-30,HUDCO.NS
2017-09-30,IBREALEST.NS
2017-09-30,IDEA.NS
2017-09-30,IDFC.NS
2017-09-30,IDFCFIRSTB.NS
2017-09-30,IGL.NS
2017-09-30,IIFL-RE.NS
2017-09-30,IIFL.NS
2017-09-30,INDHOTEL.NS
2017-09-30,IRB.NS
2017-09-30,JINDALSTEL.NS
2017-09-30,JMFINANCIL.NS
2017-09-30,JSWDULUX.NS
2017-09-30,JSWENERGY.NS
2017-09-30,JUBLPHARMA.NS
2017-09-30,KAJARIACER.NS
2017-09-30,KANSAINER.NS
2017-09-30,KRBL.NS
2017-09-30,LIQUIDBEES.NS
2017-09-30,LTF.NS
2017-09-30,LTIM.NS
2017-09-30,LTTS.NS
2017-09-30,M&MFIN.NS
2017-09-30,MAHABANK.NS
2017-09-30,MAHINDCIE.NS
2017-09-30,MANAPPURAM.NS
2017-09-30,MFSL.NS
2017-09-30,MGL.NS
2017-09-30,MOTILALOFS.NS
2017-09-30,MPHASIS.NS
2017-09-30,MRF.NS
2017-09-30,MRPL.NS
2017-09-30,MUTHOOTFIN.NS
2017-09-30,NATCOPHARM.NS
2017-09-30,NATIONALUM.NS
2017-09-30,NAUKRI.NS
2017-09-30,NBCC.NS
2017-09-30,NLCINDIA.NS
2017-09-30,OBEROIRLTY.NS
2017-09-30,OIL.NS
2017-09-30,PAGEIND.NS
2017-09-30,PCJEWELLER.NS
2017-09-30,PEL.NS
2017-09-30,PFIZER.NS
2017-09-30,PGHH.NS
2017-09-30,PIIND.NS
2017-09-30,PNBHOUSING.NS
2017-09-30,PRESTIGE.NS
2017-09-30,RAJESHEXPO.NS
2017-09-30,RAMCOCEM.NS
2017-09-30,RBLBANK.NS
2017-09-30,RELCAPITAL.NS
2017-09-30,RELINFRA.NS
2017-09-30,RPOWER.NS
2017-09-30,SAIL.NS
2017-09-30,SCHAEFFLER.NS
2017-09-30,SHRIRAMFIN.NS
2017-09-30,SIEMENS.NS
2017-09-30,SJVN.NS
2017-09-30,SPARC.NS
2017-09-30,SRF.NS
2017-09-30,SUNCLAYLTD.NS
2017-09-30,SUNDARMFIN.NS
2017-09-30,SUNDRMFAST.NS
2017-09-30,SUPREMEIND.NS
2017-09-30,SUZLON.NS
2017-09-30,SYMPHONY.NS
2017-09-30,SYNGENE.NS
2017-09-30,TATACOMM.NS
2017-09-30,TATACONSUM.NS
2017-09-30,TATAPOWER.NS
2017-09-30,THERMAX.NS
2017-09-30,TORNTPHARM.NS
2017-09-30,TORNTPOWER.NS
2017-09-30,TRENT.NS
2017-09-30,TVSMOTOR.NS
2017-09-30,UBL.NS
2017-09-30,UTISENSETF.NS
2017-09-30,VAKRANGEE.NS
2017-09-30,VBL.NS
2017-09-30,VHLTD.NS
2017-09-30,VICEROY.NS
2017-09-30,VOLTAS.NS
2017-09-30,WELSPUNIND.NS
2017-09-30,WELSPUNLIV.NS
2017-09-30,WHIRLPOOL.NS
2018-03-31,3MINDIA.NS
2018-03-31,ABB.NS
2018-03-31,ABBOTINDIA.NS
2018-03-31,ACC.NS
2018-03-31,ADANIENSOL.NS
2018-03-31,ADANIENT.NS
2018-03-31,ADANIPOWER.NS
2018-03-31,ADANITRANS.NS
2018-03-31,AIAENG.NS
2018-03-31,AJANTPHARM.NS
2018-03-31,ALKEM.NS
2018-03-31,AMARAJABAT.NS
2018-03-31,APOLLOHOSP.NS
2018-03-31,APOLLOTYRE.NS
2018-03-31,ARE&M.NS
2018-03-31,AUBANK.NS
2018-03-31,AVANTIFEED.NS
2018-03-31,BAJAJHLDNG.NS
2018-03-31,BALKRISIND.NS
2018-03-31,BAYERCROP.NS
2018-03-31,BBTC.NS
2018-03-31,BERGEPAINT.NS
2018-03-31,BIOCON.NS
2018-03-31,CASTROLIND.NS
2018-03-31,CENTRALBK.NS
2018-03-31,CESC.NS
2018-03-31,CHOLAFIN.NS
2018-03-31,CHOLAHLDNG.NS
2018-03-31,COLPAL.NS
2018-03-31,CONCOR.NS
2018-03-31,COROMANDEL.NS
2018-03-31,CPSEETF.NS
2018-03-31,CRISIL.NS
2018-03-31,CROMPTON.NS
2018-03-31,CUMMINSIND.NS
2018-03-31,DALBHARAT.NS
2018-03-31,DBL.NS
2018-03-31,DHANI.NS
2018-03-31,DHFL.NS
2018-03-31,DIVISLAB.NS
2018-03-31,EDELWEISS.NS
2018-03-31,EMAMILTD.NS
2018-03-31,ENDURANCE.NS
2018-03-31,ENGINERSIN.NS
2018-03-31,ERIS.NS
2018-03-31,EXIDEIND.NS
2018-03-31,FCONSUMER.NS
2018-03-31,FEDERALBNK.NS
2018-03-31,FINCABLES.NS
2018-03-31,FORTIS.NS
2018-03-31,FRETAIL.NS
2018-03-31,GET&D.NS
2018-03-31,GILLETTE.NS
2018-03-31,GLAXO.NS
2018-03-31,GLENMARK.NS
2018-03-31,GMRAIRPORT.NS
2018-03-31,GMRINFRA.NS
2018-03-31,GODREJAGRO.NS
2018-03-31,GODREJIND.NS
2018-03-31,GODREJPROP.NS
2018-03-31,GRAPHITE.NS
2018-03-31,GSPL.NS
2018-03-31,GUJGASLTD.NS
2018-03-31,GVT&D.NS
2018-03-31,HATSUN.NS
2018-03-31,HAVELLS.NS
2018-03-31,HONAUT.NS
2018-03-31,HUDCO.NS
2018-03-31,IDEA.NS
2018-03-31,IDFCFIRSTB.NS
2018-03-31,IGL.NS
2018-03-31,IIFL-RE.NS
2018-03-31,IIFL.NS
2018-03-31,INDHOTEL.NS
2018-03-31,IOB.NS
2018-03-31,JINDALSTEL.NS
2018-03-31,JMFINANCIL.NS
2018-03-31,JSWENERGY.NS
2018-03-31,JUBLFOOD.NS
2018-03-31,JUBLPHARMA.NS
2018-03-31,KAJARIACER.NS
2018-03-31,KANSAINER.NS
2018-03-31,KIOCL.NS
2018-03-31,KRBL.NS
2018-03-31,LICHSGFIN.NS
2018-03-31,LIQUIDBEES.NS
2018-03-31,LTF.NS
2018-03-31,LTIM.NS
2018-03-31,LTTS.NS
2018-03-31,M&MFIN.NS
2018-03-31,MAHABANK.NS
2018-03-31,MFSL.NS
2018-03-31,MGL.NS
2018-03-31,MOTILALOFS.NS
2018-03-31,MPHASIS.NS
2018-03-31,MRF.NS
2018-03-31,MRPL.NS
2018-03-31,MUTHOOTFIN.NS
2018-03-31,NAM-INDIA.NS
2018-03-31,NATCOPHARM.NS
2018-03-31,NATIONALUM.NS
2018-03-31,NAUKRI.NS
2018-03-31,NBCC.NS
2018-03-31,NHPC.NS
2018-03-31,NLCINDIA.NS
2018-03-31,OBEROIRLTY.NS
2018-03-31,OFSS.NS
2018-03-31,OIL.NS
2018-03-31,PAGEIND.NS
2018-03-31,PCJEWELLER.NS
2018-03-31,PEL.NS
2018-03-31,PFC.NS
2018-03-31,PGHH.NS
2018-03-31,PIIND.NS
2018-03-31,PNBHOUSING.NS
2018-03-31,PRESTIGE.NS
2018-03-31,PSB.NS
2018-03-31,RAIN.NS
2018-03-31,RAJESHEXPO.NS
2018-03-31,RAMCOCEM.NS
2018-03-31,RBLBANK.NS
2018-03-31,RECLTD.NS
2018-03-31,RELCAPITAL.NS
2018-03-31,RPOWER.NS
2018-03-31,SHRIRAMFIN.NS
2018-03-31,SIEMENS.NS
2018-03-31,SJVN.NS
2018-03-31,SPARC.NS
2018-03-31,SRF.NS
2018-03-31,SUNCLAYLTD.NS
2018-03-31,SUNDARMFIN.NS
2018-03-31,SUNDRMFAST.NS
2018-03-31,SUPREMEIND.NS
2018-03-31,SUZLON.NS
2018-03-31,SYMPHONY.NS
2018-03-31,SYNGENE.NS
2018-03-31,TATACOMM.NS
2018-03-31,TATACONSUM.NS
2018-03-31,TATAPOWER.NS
2018-03-31,THERMAX.NS
2018-03-31,TORNTPHARM.NS
2018-03-31,TORNTPOWER.NS
2018-03-31,TRENT.NS
2018-03-31,UBL.NS
2018-03-31,UCOBANK.NS
2018-03-31,UTISENSETF.NS
2018-03-31,VAKRANGEE.NS
2018-03-31,VBL.NS
2018-03-31,VOLTAS.NS
2018-03-31,WHIRLPOOL.NS
2018-09-30,3MINDIA.NS
2018-09-30,ABB.NS
2018-09-30,ABBOTINDIA.NS
2018-09-30,ABCAPITAL.NS
2018-09-30,ACC.NS
2018-09-30,ADANIENSOL.NS
2018-09-30,ADANIENT.NS
2018-09-30,ADANIPOWER.NS
2018-09-30,ADANITRANS.NS
2018-09-30,AIAENG.NS
2018-09-30,AJANTPHARM.NS
2018-09-30,ALKEM.NS
2018-09-30,AMARAJABAT.NS
2018-09-30,APLLTD.NS
2018-09-30,APOLLOHOSP.NS
2018-09-30,APOLLOTYRE.NS
2018-09-30,ARE&M.NS
2018-09-30,ASTRAL.NS
2018-09-30,AUBANK.NS
2018-09-30,BALKRISIND.NS
2018-09-30,BANKINDIA.NS
2018-09-30,BATAINDIA.NS
2018-09-30,BAYERCROP.NS
2018-09-30,BBTC.NS
2018-09-30,BEL.NS
2018-09-30,BERGEPAINT.NS
2018-09-30,BHARATFORG.NS
2018-09-30,BHEL.NS
2018-09-30,CASTROLIND.NS
2018-09-30,CESC.NS
2018-09-30,CHOLAFIN.NS
2018-09-30,CHOLAHLDNG.NS
2018-09-30,COLPAL.NS
2018-09-30,COROMANDEL.NS
2018-09-30,CPSEETF.NS
2018-09-30,CRISIL.NS
2018-09-30,CROMPTON.NS
2018-09-30,CUMMINSIND.NS
2018-09-30,DALBHARAT.NS
2018-09-30,DBL.NS
2018-09-30,DHANI.NS
2018-09-30,DHFL.NS
2018-09-30,DISHTV.NS
2018-09-30,DIVISLAB.NS
2018-09-30,EDELWEISS.NS
2018-09-30,EIHOTEL.NS
2018-09-30,EMAMILTD.NS
2018-09-30,ENDURANCE.NS
2018-09-30,ERIS.NS
2018-09-30,EXIDEIND.NS
2018-09-30,FEDERALBNK.NS
2018-09-30,FRETAIL.NS
2018-09-30,GILLETTE.NS
2018-09-30,GLAXO.NS
2018-09-30,GLENMARK.NS
2018-09-30,GMRAIRPORT.NS
2018-09-30,GMRINFRA.NS
2018-09-30,GODREJAGRO.NS
2018-09-30,GODREJIND.NS
2018-09-30,GODREJPROP.NS
2018-09-30,GRAPHITE.NS
2018-09-30,GSPL.NS
2018-09-30,GUJGASLTD.NS
2018-09-30,HATSUN.NS
2018-09-30,HEG.NS
2018-09-30,HEXAWARE.NS
2018-09-30,HINDPETRO.NS
2018-09-30,HONAUT.NS
2018-09-30,HUDCO.NS
2018-09-30,IDEA.NS
2018-09-30,IDFCFIRSTB.NS
2018-09-30,IGL.NS
2018-09-30,IIFL-RE.NS
2018-09-30,IIFL.NS
2018-09-30,INDHOTEL.NS
2018-09-30,IOB.NS
2018-09-30,ISEC.NS
2018-09-30,JINDALSTEL.NS
2018-09-30,JMFINANCIL.NS
2018-09-30,JSWENERGY.NS
2018-09-30,JUBLFOOD.NS
2018-09-30,JUBLPHARMA.NS
2018-09-30,KANSAINER.NS
2018-09-30,KIOCL.NS
2018-09-30,LICHSGFIN.NS
2018-09-30,LIQUIDBEES.NS
2018-09-30,LTIM.NS
2018-09-30,LTTS.NS
2018-09-30,M&MFIN.NS
2018-09-30,MBECL.NS
2018-09-30,MFSL.NS
2018-09-30,MOTILALOFS.NS
2018-09-30,MPHASIS.NS
2018-09-30,MRPL.NS
2018-09-30,MUTHOOTFIN.NS
2018-09-30,NAM-INDIA.NS
2018-09-30,NATCOPHARM.NS
2018-09-30,NATIONALUM.NS
2018-09-30,NAUKRI.NS
2018-09-30,NBCC.NS
2018-09-30,NHPC.NS
2018-09-30,NLCINDIA.NS
2018-09-30,NMDC.NS
2018-09-30,OBEROIRLTY.NS
2018-09-30,OIL.NS
2018-09-30,PAGEIND.NS
2018-09-30,PEL.NS
2018-09-30,PFC.NS
2018-09-30,PFIZER.NS
2018-09-30,PHOENIXLTD.NS
2018-09-30,PIIND.NS
2018-09-30,PNBHOUSING.NS
2018-09-30,PRESTIGE.NS
2018-09-30,PSB.NS
2018-09-30,RAJESHEXPO.NS
2018-09-30,RAMCOCEM.NS
2018-09-30,RBLBANK.NS
2018-09-30,RECLTD.NS
2018-09-30,SAIL.NS
2018-09-30,SCHAEFFLER.NS
2018-09-30,SEQUENT.NS
2018-09-30,SHRIRAMFIN.NS
2018-09-30,SIEMENS.NS
2018-09-30,SJVN.NS
2018-09-30,SOLARINDS.NS
2018-09-30,SPARC.NS
2018-09-30,SRF.NS
2018-09-30,STLTECH.NS
2018-09-30,SUNDARMFIN.NS
2018-09-30,SUNDRMFAST.NS
2018-09-30,SUNTV.NS
2018-09-30,SUPREMEIND.NS
2018-09-30,SUZLON.NS
2018-09-30,SYMPHONY.NS
2018-09-30,SYNGENE.NS
2018-09-30,TATACOMM.NS
2018-09-30,TATACONSUM.NS
2018-09-30,TATAPOWER.NS
2018-09-30,THERMAX.NS
2018-09-30,TORNTPHARM.NS
2018-09-30,TORNTPOWER.NS
2018-09-30,TVSMOTOR.NS
2018-09-30,UCOBANK.NS
2018-09-30,UEL.NS
2018-09-30,UNOMINDA.NS
2018-09-30,UTISENSETF.NS
2018-09-30,VARROC.NS
2018-09-30,VBL.NS
2018-09-30,VOLTAS.NS
2018-09-30,WHIRLPOOL.NS
2019-03-31,3MINDIA.NS
2019-03-31,AARTIIND.NS
2019-03-31,ABB.NS
2019-03-31,ABBOTINDIA.NS
2019-03-31,ABCAPITAL.NS
2019-03-31,ACC.NS
2019-03-31,ADANIENSOL.NS
2019-03-31,ADANIENT.NS
2019-03-31,ADANIPOWER.NS
2019-03-31,ADANITRANS.NS
2019-03-31,AIAENG.NS
2019-03-31,AJANTPHARM.NS
2019-03-31,ALKEM.NS
2019-03-31,AMARAJABAT.NS
2019-03-31,APLLTD.NS
2019-03-31,APOLLOHOSP.NS
2019-03-31,APOLLOTYRE.NS
2019-03-31,ARE&M.NS
2019-03-31,ASHOKLEY.NS
2019-03-31,ASTRAL.NS
2019-03-31,ATGL.NS
2019-03-31,ATUL.NS
2019-03-31,AUBANK.NS
2019-03-31,BALKRISIND.NS
2019-03-31,BATAINDIA.NS
2019-03-31,BAYERCROP.NS
2019-03-31,BBTC.NS
2019-03-31,BEL.NS
2019-03-31,BHARATFORG.NS
2019-03-31,BHEL.NS
2019-03-31,CASTROLIND.NS
2019-03-31,CENTRALBK.NS
2019-03-31,CESC.NS
2019-03-31,CHOLAFIN.NS
2019-03-31,CHOLAHLDNG.NS
2019-03-31,CIEINDIA.NS
2019-03-31,COROMANDEL.NS
2019-03-31,CPSEETF.NS
2019-03-31,CRISIL.NS
2019-03-31,CROMPTON.NS
2019-03-31,CUB.NS
2019-03-31,CUMMINSIND.NS
2019-03-31,DALBHARAT.NS
2019-03-31,DHANI.NS
2019-03-31,DHFL.NS
2019-03-31,EDELWEISS.NS
2019-03-31,EIHOTEL.NS
2019-03-31,EMAMILTD.NS
2019-03-31,ENDURANCE.NS
2019-03-31,ERIS.NS
2019-03-31,EXIDEIND.NS
2019-03-31,FEDERALBNK.NS
2019-03-31,FORTIS.NS
2019-03-31,FRETAIL.NS
2019-03-31,GILLETTE.NS
2019-03-31,GLAXO.NS
2019-03-31,GLENMARK.NS
2019-03-31,GMRAIRPORT.NS
2019-03-31,GMRINFRA.NS
2019-03-31,GODREJAGRO.NS
2019-03-31,GODREJIND.NS
2019-03-31,GODREJPROP.NS
2019-03-31,GRAPHITE.NS
2019-03-31,GSPL.NS
2019-03-31,GUJGASLTD.NS
2019-03-31,HAL.NS
2019-03-31,HATSUN.NS
2019-03-31,HDFCAMC.NS
2019-03-31,HEG.NS
2019-03-31,HEXAWARE.NS
2019-03-31,HINDPETRO.NS
2019-03-31,HONAUT.NS
2019-03-31,IBULHSGFIN.NS
2019-03-31,IDEA.NS
2019-03-31,IDFCFIRSTB.NS
2019-03-31,IGL.NS
2019-03-31,INDHOTEL.NS
2019-03-31,INDIANB.NS
2019-03-31,IOB.NS
2019-03-31,IPCALAB.NS
2019-03-31,ITI.NS
2019-03-31,JINDALSTEL.NS
2019-03-31,JSWENERGY.NS
2019-03-31,JUBLFOOD.NS
2019-03-31,JUBLPHARMA.NS
2019-03-31,KANSAINER.NS
2019-03-31,KIOCL.NS
2019-03-31,LICHSGFIN.NS
2019-03-31,LIQUIDBEES.NS
2019-03-31,LTF.NS
2019-03-31,LTTS.NS
2019-03-31,MAHINDCIE.NS
2019-03-31,MFSL.NS
2019-03-31,MGL.NS
2019-03-31,MOTILALOFS.NS
2019-03-31,MPHASIS.NS
2019-03-31,MRF.NS
2019-03-31,MRPL.NS
2019-03-31,MUTHOOTFIN.NS
2019-03-31,NAM-INDIA.NS
2019-03-31,NATCOPHARM.NS
2019-03-31,NATIONALUM.NS
2019-03-31,NAUKRI.NS
2019-03-31,NBCC.NS
2019-03-31,NHPC.NS
2019-03-31,NLCINDIA.NS
2019-03-31,NMDC.NS
2019-03-31,OBEROIRLTY.NS
2019-03-31,OIL.NS
2019-03-31,PAGEIND.NS
2019-03-31,PEL.NS
2019-03-31,PFC.NS
2019-03-31,PFIZER.NS
2019-03-31,PHOENIXLTD.NS
2019-03-31,PIIND.NS
2019-03-31,PNBHOUSING.NS
2019-03-31,PSB.NS
2019-03-31,RAJESHEXPO.NS
2019-03-31,RAMCOCEM.NS
2019-03-31,RBLBANK.NS
2019-03-31,RECLTD.NS
2019-03-31,RELAXO.NS
2019-03-31,RELINFRA.NS
2019-03-31,SAIL.NS
2019-03-31,SAMMAANCAP.NS
2019-03-31,SCHAEFFLER.NS
2019-03-31,SHRIRAMFIN.NS
2019-03-31,SIEMENS.NS
2019-03-31,SJVN.NS
2019-03-31,SOLARINDS.NS
2019-03-31,SRF.NS
2019-03-31,SUNDARMFIN.NS
2019-03-31,SUNDRMFAST.NS
2019-03-31,SUNTV.NS
2019-03-31,SUPREMEIND.NS
2019-03-31,SYNGENE.NS
2019-03-31,TATACOMM.NS
2019-03-31,TATACONSUM.NS
2019-03-31,TATAPOWER.NS
2019-03-31,THERMAX.NS
2019-03-31,TORNTPOWER.NS
2019-03-31,TVSMOTOR.NS
2019-03-31,UCOBANK.NS
2019-03-31,UEL.NS
2019-03-31,UTISENSETF.NS
2019-03-31,VARROC.NS
2019-03-31,VBL.NS
2019-03-31,VGUARD.NS
2019-03-31,VOLTAS.NS
2019-03-31,WHIRLPOOL.NS
2019-09-30,3MINDIA.NS
2019-09-30,AARTIIND.NS
2019-09-30,AAVAS.NS
2019-09-30,ABBOTINDIA.NS
2019-09-30,ABCAPITAL.NS
2019-09-30,ADANIENSOL.NS
2019-09-30,ADANIENT.NS
2019-09-30,ADANIPOWER.NS
2019-09-30,ADANITRANS.NS
2019-09-30,AIAENG.NS
2019-09-30,AJANTPHARM.NS
2019-09-30,ALKEM.NS
2019-09-30,AMARAJABAT.NS
2019-09-30,APLLTD.NS
2019-09-30,APOLLOHOSP.NS
2019-09-30,APOLLOTYRE.NS
2019-09-30,ARE&M.NS
2019-09-30,ASHOKLEY.NS
2019-09-30,ASTRAL.NS
2019-09-30,ATGL.NS
2019-09-30,ATUL.NS
2019-09-30,AUBANK.NS
2019-09-30,BALKRISIND.NS
2019-09-30,BANKINDIA.NS
2019-09-30,BATAINDIA.NS
2019-09-30,BAYERCROP.NS
2019-09-30,BEL.NS
2019-09-30,BHARATFORG.NS
2019-09-30,BHEL.NS
2019-09-30,CASTROLIND.NS
2019-09-30,CENTRALBK.NS
2019-09-30,CESC.NS
2019-09-30,CHOLAFIN.NS
2019-09-30,CHOLAHLDNG.NS
2019-09-30,COROMANDEL.NS
2019-09-30,CPSEETF.NS
2019-09-30,CRISIL.NS
2019-09-30,CROMPTON.NS
2019-09-30,CUB.NS
2019-09-30,CUMMINSIND.NS
2019-09-30,DALBHARAT.NS
2019-09-30,DHANI.NS
2019-09-30,DHFL.NS
2019-09-30,EIHOTEL.NS
2019-09-30,EMAMILTD.NS
2019-09-30,ENDURANCE.NS
2019-09-30,EXIDEIND.NS
2019-09-30,FEDERALBNK.NS
2019-09-30,FLFL.NS
2019-09-30,FORTIS.NS
2019-09-30,FRETAIL.NS
2019-09-30,GILLETTE.NS
2019-09-30,GLAXO.NS
2019-09-30,GLENMARK.NS
2019-09-30,GODREJAGRO.NS
2019-09-30,GODREJIND.NS
2019-09-30,GODREJPROP.NS
2019-09-30,GSPL.NS
2019-09-30,GUJGASLTD.NS
2019-09-30,HAL.NS
2019-09-30,HATSUN.NS
2019-09-30,HDFCAMC.NS
2019-09-30,HEXAWARE.NS
2019-09-30,HONAUT.NS
2019-09-30,IBULHSGFIN.NS
2019-09-30,IDEA.NS
2019-09-30,IDFCFIRSTB.NS
2019-09-30,IGL.NS
2019-09-30,INDHOTEL.NS
2019-09-30,INDIANB.NS
2019-09-30,IOB.NS
2019-09-30,IPCALAB.NS
2019-09-30,JINDALSTEL.NS
2019-09-30,JSWENERGY.NS
2019-09-30,JUBLFOOD.NS
2019-09-30,KAJARIACER.NS
2019-09-30,KANSAINER.NS
2019-09-30,KNRCON.NS
2019-09-30,L&TFH.NS
2019-09-30,LALPATHLAB.NS
2019-09-30,LICHSGFIN.NS
2019-09-30,LIQUIDBEES.NS
2019-09-30,LTF.NS
2019-09-30,LTTS.NS
2019-09-30,M&MFIN.NS
2019-09-30,MANAPPURAM.NS
2019-09-30,MFSL.NS
2019-09-30,MGL.NS
2019-09-30,MOTILALOFS.NS
2019-09-30,MPHASIS.NS
2019-09-30,MRF.NS
2019-09-30,MRPL.NS
2019-09-30,MUTHOOTFIN.NS
2019-09-30,NAM-INDIA.NS
2019-09-30,NATCOPHARM.NS
2019-09-30,NATIONALUM.NS
2019-09-30,NAUKRI.NS
2019-09-30,NBCC.NS
2019-09-30,NHPC.NS
2019-09-30,NIACL.NS
2019-09-30,NLCINDIA.NS
2019-09-30,NMDC.NS
2019-09-30,OBEROIRLTY.NS
2019-09-30,OIL.NS
2019-09-30,PAGEIND.NS
2019-09-30,PEL.NS
2019-09-30,PFIZER.NS
2019-09-30,PHOENIXLTD.NS
2019-09-30,PIIND.NS
2019-09-30,PNBHOUSING.NS
2019-09-30,POLYCAB.NS
2019-09-30,PRESTIGE.NS
2019-09-30,PSB.NS
2019-09-30,RAJESHEXPO.NS
2019-09-30,RAMCOCEM.NS
2019-09-30,RBLBANK.NS
2019-09-30,RELAXO.NS
2019-09-30,SAIL.NS
2019-09-30,SAMMAANCAP.NS
2019-09-30,SCHAEFFLER.NS
2019-09-30,SHRIRAMFIN.NS
2019-09-30,SIEMENS.NS
2019-09-30,SJVN.NS
2019-09-30,SOLARINDS.NS
2019-09-30,SRF.NS
2019-09-30,SUNDARMFIN.NS
2019-09-30,SUNDRMFAST.NS
2019-09-30,SUNTV.NS
2019-09-30,SUPREMEIND.NS
2019-09-30,SYMPHONY.NS
2019-09-30,SYNGENE.NS
2019-09-30,TATACOMM.NS
2019-09-30,TATACONSUM.NS
2019-09-30,TATAMTRDVR.NS
2019-09-30,TATAPOWER.NS
2019-09-30,THERMAX.NS
2019-09-30,TORNTPOWER.NS
2019-09-30,TRENT.NS
2019-09-30,TTKPRESTIG.NS
2019-09-30,TVSMOTOR.NS
2019-09-30,UCOBANK.NS
2019-09-30,UEL.NS
2019-09-30,UNOMINDA.NS
2019-09-30,UTISENSETF.NS
2019-09-30,VBL.NS
2019-09-30,VGUARD.NS
2019-09-30,VINATIORGA.NS
2019-09-30,VOLTAS.NS
2019-09-30,WHIRLPOOL.NS
2019-09-30,ZYDUSLIFE.NS
2020-03-31,360ONE.NS
2020-03-31,3MINDIA.NS
2020-03-31,AARTIIND.NS
2020-03-31,AAVAS.NS
2020-03-31,ABB.NS
2020-03-31,ABCAPITAL.NS
2020-03-31,ACC.NS
2020-03-31,ADANIENT.NS
2020-03-31,ADANIGREEN.NS
2020-03-31,ADANIPOWER.NS
2020-03-31,AIAENG.NS
2020-03-31,AJANTPHARM.NS
2020-03-31,AKZOINDIA.NS
2020-03-31,ALKEM.NS
2020-03-31,AMARAJABAT.NS
2020-03-31,APLLTD.NS
2020-03-31,APOLLOHOSP.NS
2020-03-31,ARE&M.NS
2020-03-31,ASHOKLEY.NS
2020-03-31,ASTRAL.NS
2020-03-31,ATGL.NS
2020-03-31,ATUL.NS
2020-03-31,AUBANK.NS
2020-03-31,AUROPHARMA.NS
2020-03-31,BALKRISIND.NS
2020-03-31,BANKINDIA.NS
2020-03-31,BATAINDIA.NS
2020-03-31,BAYERCROP.NS
2020-03-31,BEL.NS
2020-03-31,BHARATFORG.NS
2020-03-31,BHEL.NS
2020-03-31,CASTROLIND.NS
2020-03-31,CENTRALBK.NS
2020-03-31,CESC.NS
2020-03-31,CHOLAFIN.NS
2020-03-31,COFORGE.NS
2020-03-31,COROMANDEL.NS
2020-03-31,CPSEETF.NS
2020-03-31,CREDITACC.NS
2020-03-31,CRISIL.NS
2020-03-31,CROMPTON.NS
2020-03-31,CUB.NS
2020-03-31,CUMMINSIND.NS
2020-03-31,DALBHARAT.NS
2020-03-31,DHANI.NS
2020-03-31,DHFL.NS
2020-03-31,EMAMILTD.NS
2020-03-31,ENDURANCE.NS
2020-03-31,EXIDEIND.NS
2020-03-31,FEDERALBNK.NS
2020-03-31,FORTIS.NS
2020-03-31,FRETAIL.NS
2020-03-31,GILLETTE.NS
2020-03-31,GLAXO.NS
2020-03-31,GMRAIRPORT.NS
2020-03-31,GMRINFRA.NS
2020-03-31,GODREJAGRO.NS
2020-03-31,GODREJIND.NS
2020-03-31,GODREJPROP.NS
2020-03-31,GSPL.NS
2020-03-31,GUJGASLTD.NS
2020-03-31,HAL.NS
2020-03-31,HATSUN.NS
2020-03-31,HEXAWARE.NS
2020-03-31,HINDPETRO.NS
2020-03-31,HONAUT.NS
2020-03-31,IBULHSGFIN.NS
2020-03-31,IDEA.NS
2020-03-31,IDFCFIRSTB.NS
2020-03-31,IIFLWAM.NS
2020-03-31,INDHOTEL.NS
2020-03-31,INDIANB.NS
2020-03-31,IOB.NS
2020-03-31,IPCALAB.NS
2020-03-31,IRCTC.NS
2020-03-31,ISEC.NS
2020-03-31,JINDALSTEL.NS
2020-03-31,JKCEMENT.NS
2020-03-31,JSWDULUX.NS
2020-03-31,JSWENERGY.NS
2020-03-31,JUBLFOOD.NS
2020-03-31,KANSAINER.NS
2020-03-31,L&TFH.NS
2020-03-31,LALPATHLAB.NS
2020-03-31,LICHSGFIN.NS
2020-03-31,LIQUIDBEES.NS
2020-03-31,LTF.NS
2020-03-31,LTTS.NS
2020-03-31,M&MFIN.NS
2020-03-31,MANAPPURAM.NS
2020-03-31,MFSL.NS
2020-03-31,MGL.NS
2020-03-31,MOTHERSON.NS
2020-03-31,MOTILALOFS.NS
2020-03-31,MPHASIS.NS
2020-03-31,MRF.NS
2020-03-31,NAM-INDIA.NS
2020-03-31,NATCOPHARM.NS
2020-03-31,NHPC.NS
2020-03-31,NIACL.NS
2020-03-31,NMDC.NS
2020-03-31,OBEROIRLTY.NS
2020-03-31,OFSS.NS
2020-03-31,OIL.NS
2020-03-31,PAGEIND.NS
2020-03-31,PEL.NS
2020-03-31,PFIZER.NS
2020-03-31,PHOENIXLTD.NS
2020-03-31,PIIND.NS
2020-03-31,POLYCAB.NS
2020-03-31,PRESTIGE.NS
2020-03-31,PSB.NS
2020-03-31,PVR.NS
2020-03-31,RAJESHEXPO.NS
2020-03-31,RAMCOCEM.NS
2020-03-31,RBLBANK.NS
2020-03-31,RECLTD.NS
2020-03-31,RELAXO.NS
2020-03-31,SAIL.NS
2020-03-31,SAMMAANCAP.NS
2020-03-31,SANOFI.NS
2020-03-31,SCHAEFFLER.NS
2020-03-31,SHRIRAMFIN.NS
2020-03-31,SIEMENS.NS
2020-03-31,SJVN.NS
2020-03-31,SOLARINDS.NS
2020-03-31,SRF.NS
2020-03-31,SUMICHEM.NS
2020-03-31,SUNDARMFIN.NS
2020-03-31,SUNDRMFAST.NS
2020-03-31,SUNTV.NS
2020-03-31,SUPREMEIND.NS
2020-03-31,SYNGENE.NS
2020-03-31,TATACOMM.NS
2020-03-31,TATAMTRDVR.NS
2020-03-31,TATAPOWER.NS
2020-03-31,THERMAX.NS
2020-03-31,TORNTPOWER.NS
2020-03-31,TRENT.NS
2020-03-31,TVSMOTOR.NS
2020-03-31,UCOBANK.NS
2020-03-31,UNOMINDA.NS
2020-03-31,UTISENSETF.NS
2020-03-31,VBL.NS
2020-03-31,VGUARD.NS
2020-03-31,VINATIORGA.NS
2020-03-31,VOLTAS.NS
2020-03-31,WHIRLPOOL.NS
2020-03-31,ZEEL.NS
2020-03-31,ZYDUSLIFE.NS
2020-09-30,360ONE.NS
2020-09-30,3MINDIA.NS
2020-09-30,AARTIIND.NS
2020-09-30,AAVAS.NS
2020-09-30,ABB.NS
2020-09-30,ABCAPITAL.NS
2020-09-30,ACC.NS
2020-09-30,ADANIENT.NS
2020-09-30,ADANIPOWER.NS
2020-09-30,AIAENG.NS
2020-09-30,AJANTPHARM.NS
2020-09-30,AKZOINDIA.NS
2020-09-30,AMARAJABAT.NS
2020-09-30,APLLTD.NS
2020-09-30,APOLLOHOSP.NS
2020-09-30,ARE&M.NS
2020-09-30,ASHOKLEY.NS
2020-09-30,ASTRAL.NS
2020-09-30,ASTRAZEN.NS
2020-09-30,ATGL.NS
2020-09-30,ATUL.NS
2020-09-30,AUBANK.NS
2020-09-30,BALKRISIND.NS
2020-09-30,BANKBARODA.NS
2020-09-30,BANKINDIA.NS
2020-09-30,BATAINDIA.NS
2020-09-30,BAYERCROP.NS
2020-09-30,BEL.NS
2020-09-30,BHARATFORG.NS
2020-09-30,BHEL.NS
2020-09-30,CANBK.NS
2020-09-30,CASTROLIND.NS
2020-09-30,CENTRALBK.NS
2020-09-30,CHOLAFIN.NS
2020-09-30,COFORGE.NS
2020-09-30,CONCOR.NS
2020-09-30,COROMANDEL.NS
2020-09-30,CPSEETF.NS
2020-09-30,CRISIL.NS
2020-09-30,CROMPTON.NS
2020-09-30,CUMMINSIND.NS
2020-09-30,DALBHARAT.NS
2020-09-30,DEEPAKNTR.NS
2020-09-30,DHFL.NS
2020-09-30,EMAMILTD.NS
2020-09-30,ENDURANCE.NS
2020-09-30,ESCORTS.NS
2020-09-30,EXIDEIND.NS
2020-09-30,FEDERALBNK.NS
2020-09-30,FORTIS.NS
2020-09-30,GICRE.NS
2020-09-30,GILLETTE.NS
2020-09-30,GLAXO.NS
2020-09-30,GLENMARK.NS
2020-09-30,GMRAIRPORT.NS
2020-09-30,GMRINFRA.NS
2020-09-30,GODREJAGRO.NS
2020-09-30,GODREJIND.NS
2020-09-30,GODREJPROP.NS
2020-09-30,GSPL.NS
2020-09-30,GUJGASLTD.NS
2020-09-30,HAL.NS
2020-09-30,HATSUN.NS
2020-09-30,HEXAWARE.NS
2020-09-30,HINDPETRO.NS
2020-09-30,IDEA.NS
2020-09-30,IDFCFIRSTB.NS
2020-09-30,IIFLWAM.NS
2020-09-30,INDHOTEL.NS
2020-09-30,INDIAMART.NS
2020-09-30,IOB.NS
2020-09-30,IPCALAB.NS
2020-09-30,IRCTC.NS
2020-09-30,ISEC.NS
2020-09-30,ITI.NS
2020-09-30,JINDALSTEL.NS
2020-09-30,JKCEMENT.NS
2020-09-30,JSWDULUX.NS
2020-09-30,JSWENERGY.NS
2020-09-30,JUBLFOOD.NS
2020-09-30,JUBLPHARMA.NS
2020-09-30,KANSAINER.NS
2020-09-30,L&TFH.NS
2020-09-30,LALPATHLAB.NS
2020-09-30,LAURUSLABS.NS
2020-09-30,LICHSGFIN.NS
2020-09-30,LIQUIDBEES.NS
2020-09-30,LTF.NS
2020-09-30,LTTS.NS
2020-09-30,M&MFIN.NS
2020-09-30,MANAPPURAM.NS
2020-09-30,MFSL.NS
2020-09-30,MGL.NS
2020-09-30,MOTHERSON.NS
2020-09-30,MOTILALOFS.NS
2020-09-30,MPHASIS.NS
2020-09-30,NAM-INDIA.NS
2020-09-30,NATCOPHARM.NS
2020-09-30,NAVINFLUOR.NS
2020-09-30,NHPC.NS
2020-09-30,NIACL.NS
2020-09-30,NMDC.NS
2020-09-30,OBEROIRLTY.NS
2020-09-30,OFSS.NS
2020-09-30,PAGEIND.NS
2020-09-30,PATANJALI.NS
2020-09-30,PEL.NS
2020-09-30,PFC.NS
2020-09-30,PFIZER.NS
2020-09-30,PHOENIXLTD.NS
2020-09-30,PIIND.NS
2020-09-30,POLYCAB.NS
2020-09-30,PRESTIGE.NS
2020-09-30,PSB.NS
2020-09-30,RAJESHEXPO.NS
2020-09-30,RAMCOCEM.NS
2020-09-30,RBLBANK.NS
2020-09-30,RECLTD.NS
2020-09-30,RELAXO.NS
2020-09-30,SAIL.NS
2020-09-30,SANOFI.NS
2020-09-30,SCHAEFFLER.NS
2020-09-30,SHRIRAMFIN.NS
2020-09-30,SIEMENS.NS
2020-09-30,SJVN.NS
2020-09-30,SOLARINDS.NS
2020-09-30,SRF.NS
2020-09-30,SUMICHEM.NS
2020-09-30,SUNDARMFIN.NS
2020-09-30,SUNTV.NS
2020-09-30,SUPREMEIND.NS
2020-09-30,SYNGENE.NS
2020-09-30,TATACOMM.NS
2020-09-30,TATAMOTORS.NS
2020-09-30,TATAMTRDVR.NS
2020-09-30,TATAPOWER.NS
2020-09-30,THERMAX.NS
2020-09-30,TIINDIA.NS
2020-09-30,TMPV.NS
2020-09-30,TORNTPOWER.NS
2020-09-30,TRENT.NS
2020-09-30,TVSMOTOR.NS
2020-09-30,UCOBANK.NS
2020-09-30,UNIONBANK.NS
2020-09-30,UNOMINDA.NS
2020-09-30,UTISENSETF.NS
2020-09-30,VBL.NS
2020-09-30,VINATIORGA.NS
2020-09-30,VOLTAS.NS
2020-09-30,ZEEL.NS
2021-03-31,3MINDIA.NS
2021-03-31,AARTIIND.NS
2021-03-31,AAVAS.NS
2021-03-31,ABB.NS
2021-03-31,ABBOTINDIA.NS
2021-03-31,ABCAPITAL.NS
2021-03-31,AEGISCHEM.NS
2021-03-31,AFFLE.NS
2021-03-31,AIAENG.NS
2021-03-31,AJANTPHARM.NS
2021-03-31,ALOKINDS.NS
2021-03-31,AMARAJABAT.NS
2021-03-31,APLAPOLLO.NS
2021-03-31,APLLTD.NS
2021-03-31,APOLLOTYRE.NS
2021-03-31,ASHOKLEY.NS
2021-03-31,ASTRAL.NS
2021-03-31,ASTRAZEN.NS
2021-03-31,ATUL.NS
2021-03-31,AUBANK.NS
2021-03-31,BALKRISIND.NS
2021-03-31,BANKBARODA.NS
2021-03-31,BANKINDIA.NS
2021-03-31,BATAINDIA.NS
2021-03-31,BAYERCROP.NS
2021-03-31,BEL.NS
2021-03-31,BHARATFORG.NS
2021-03-31,BHEL.NS
2021-03-31,BLUEDART.NS
2021-03-31,CANBK.NS
2021-03-31,CASTROLIND.NS
2021-03-31,CENTRALBK.NS
2021-03-31,CHOLAHLDNG.NS
2021-03-31,COFORGE.NS
2021-03-31,CONCOR.NS
2021-03-31,COROMANDEL.NS
2021-03-31,CREDITACC.NS
2021-03-31,CRISIL.NS
2021-03-31,CROMPTON.NS
2021-03-31,CUB.NS
2021-03-31,CUMMINSIND.NS
2021-03-31,DALBHARAT.NS
2021-03-31,DEEPAKNTR.NS
2021-03-31,DHANI.NS
2021-03-31,DIXON.NS
2021-03-31,EMAMILTD.NS
2021-03-31,ENDURANCE.NS
2021-03-31,ESCORTS.NS
2021-03-31,EXIDEIND.NS
2021-03-31,FEDERALBNK.NS
2021-03-31,FORTIS.NS
2021-03-31,GICRE.NS
2021-03-31,GLAXO.NS
2021-03-31,GLENMARK.NS
2021-03-31,GODREJAGRO.NS
2021-03-31,GODREJIND.NS
2021-03-31,GSPL.NS
2021-03-31,GUJGASLTD.NS
2021-03-31,HAL.NS
2021-03-31,HATSUN.NS
2021-03-31,HDFCAMC.NS
2021-03-31,HINDPETRO.NS
2021-03-31,IDEA.NS
2021-03-31,IDFCFIRSTB.NS
2021-03-31,IIFLWAM.NS
2021-03-31,INDHOTEL.NS
2021-03-31,INDIAMART.NS
2021-03-31,INDIANB.NS
2021-03-31,IOB.NS
2021-03-31,IPCALAB.NS
2021-03-31,IRCTC.NS
2021-03-31,IRFC.NS
2021-03-31,ISEC.NS
2021-03-31,ITI.NS
2021-03-31,JINDALSTEL.NS
2021-03-31,JKCEMENT.NS
2021-03-31,JSWENERGY.NS
2021-03-31,JUBLPHARMA.NS
2021-03-31,KAJARIACER.NS
2021-03-31,KANSAINER.NS
2021-03-31,KEC.NS
2021-03-31,KNRCON.NS
2021-03-31,L&TFH.NS
2021-03-31,LALPATHLAB.NS
2021-03-31,LAURUSLABS.NS
2021-03-31,LICHSGFIN.NS
2021-03-31,LINDEINDIA.NS
2021-03-31,LTTS.NS
2021-03-31,M&MFIN.NS
2021-03-31,MAHABANK.NS
2021-03-31,MANAPPURAM.NS
2021-03-31,MAXHEALTH.NS
2021-03-31,METROPOLIS.NS
2021-03-31,MFSL.NS
2021-03-31,MGL.NS
2021-03-31,MPHASIS.NS
2021-03-31,NAM-INDIA.NS
2021-03-31,NATCOPHARM.NS
2021-03-31,NAVINFLUOR.NS
2021-03-31,NHPC.NS
2021-03-31,NIACL.NS
2021-03-31,NMDC.NS
2021-03-31,OBEROIRLTY.NS
2021-03-31,OFSS.NS
2021-03-31,PAGEIND.NS
2021-03-31,PEL.NS
2021-03-31,PERSISTENT.NS
2021-03-31,PFC.NS
2021-03-31,PFIZER.NS
2021-03-31,PGHL.NS
2021-03-31,PHOENIXLTD.NS
2021-03-31,POLYCAB.NS
2021-03-31,PRESTIGE.NS
2021-03-31,RAJESHEXPO.NS
2021-03-31,RAMCOCEM.NS
2021-03-31,RBLBANK.NS
2021-03-31,RECLTD.NS
2021-03-31,RELAXO.NS
2021-03-31,SAIL.NS
2021-03-31,SANOFI.NS
2021-03-31,SCHAEFFLER.NS
2021-03-31,SIEMENS.NS
2021-03-31,SJVN.NS
2021-03-31,SOLARINDS.NS
2021-03-31,SRF.NS
2021-03-31,SUMICHEM.NS
2021-03-31,SUNDARMFIN.NS
2021-03-31,SUNDRMFAST.NS
2021-03-31,SUNTV.NS
2021-03-31,SUPREMEIND.NS
2021-03-31,SUVENPHAR.NS
2021-03-31,SYNGENE.NS
2021-03-31,TATACHEM.NS
2021-03-31,TATACOMM.NS
2021-03-31,TATAELXSI.NS
2021-03-31,TATAPOWER.NS
2021-03-31,THERMAX.NS
2021-03-31,TIINDIA.NS
2021-03-31,TIMKEN.NS
2021-03-31,TORNTPOWER.NS
2021-03-31,TRENT.NS
2021-03-31,TVSMOTOR.NS
2021-03-31,UBL.NS
2021-03-31,UCOBANK.NS
2021-03-31,UNIONBANK.NS
2021-03-31,VBL.NS
2021-03-31,VINATIORGA.NS
2021-03-31,VOLTAS.NS
2021-03-31,WHIRLPOOL.NS
2021-03-31,ZEEL.NS
2021-09-30,3MINDIA.NS
2021-09-30,AARTIIND.NS
2021-09-30,AAVAS.NS
2021-09-30,ABB.NS
2021-09-30,ABBOTINDIA.NS
2021-09-30,ABCAPITAL.NS
2021-09-30,ACC.NS
2021-09-30,AFFLE.NS
2021-09-30,AIAENG.NS
2021-09-30,AJANTPHARM.NS
2021-09-30,ALKEM.NS
2021-09-30,ALKYLAMINE.NS
2021-09-30,AMARAJABAT.NS
2021-09-30,APLAPOLLO.NS
2021-09-30,APLLTD.NS
2021-09-30,APOLLOTYRE.NS
2021-09-30,ASHOKLEY.NS
2021-09-30,ASTRAL.NS
2021-09-30,ATUL.NS
2021-09-30,AUBANK.NS
2021-09-30,BANKBARODA.NS
2021-09-30,BANKINDIA.NS
2021-09-30,BATAINDIA.NS
2021-09-30,BAYERCROP.NS
2021-09-30,BEL.NS
2021-09-30,BHARATFORG.NS
2021-09-30,BHEL.NS
2021-09-30,BLUEDART.NS
2021-09-30,CANBK.NS
2021-09-30,CARBORUNIV.NS
2021-09-30,CASTROLIND.NS
2021-09-30,CENTRALBK.NS
2021-09-30,CHAMBLFERT.NS
2021-09-30,CHOLAHLDNG.NS
2021-09-30,CLEAN.NS
2021-09-30,COFORGE.NS
2021-09-30,CONCOR.NS
2021-09-30,COROMANDEL.NS
2021-09-30,CRISIL.NS
2021-09-30,CROMPTON.NS
2021-09-30,CUMMINSIND.NS
2021-09-30,DALBHARAT.NS
2021-09-30,DCMSHRIRAM.NS
2021-09-30,DEEPAKNTR.NS
2021-09-30,DIXON.NS
2021-09-30,EMAMILTD.NS
2021-09-30,ENDURANCE.NS
2021-09-30,ESCORTS.NS
2021-09-30,EXIDEIND.NS
2021-09-30,FEDERALBNK.NS
2021-09-30,FLUOROCHEM.NS
2021-09-30,FORTIS.NS
2021-09-30,GICRE.NS
2021-09-30,GLAXO.NS
2021-09-30,GLENMARK.NS
2021-09-30,GODREJIND.NS
2021-09-30,GRAPHITE.NS
2021-09-30,GRINDWELL.NS
2021-09-30,GRINFRA.NS
2021-09-30,GSPL.NS
2021-09-30,HAL.NS
2021-09-30,HAPPSTMNDS.NS
2021-09-30,HATSUN.NS
2021-09-30,HDFCAMC.NS
2021-09-30,HINDCOPPER.NS
2021-09-30,HINDPETRO.NS
2021-09-30,HONAUT.NS
2021-09-30,IDEA.NS
2021-09-30,IDFCFIRSTB.NS
2021-09-30,IEX.NS
2021-09-30,IGL.NS
2021-09-30,INDHOTEL.NS
2021-09-30,INDIAMART.NS
2021-09-30,INDIANB.NS
2021-09-30,IOB.NS
2021-09-30,IPCALAB.NS
2021-09-30,IRCTC.NS
2021-09-30,IRFC.NS
2021-09-30,ISEC.NS
2021-09-30,JKCEMENT.NS
2021-09-30,JSWENERGY.NS
2021-09-30,KAJARIACER.NS
2021-09-30,KANSAINER.NS
2021-09-30,KNRCON.NS
2021-09-30,L&TFH.NS
2021-09-30,LALPATHLAB.NS
2021-09-30,LAURUSLABS.NS
2021-09-30,LICHSGFIN.NS
2021-09-30,LINDEINDIA.NS
2021-09-30,LODHA.NS
2021-09-30,LTTS.NS
2021-09-30,M&MFIN.NS
2021-09-30,MAHABANK.NS
2021-09-30,MANAPPURAM.NS
2021-09-30,MAXHEALTH.NS
2021-09-30,METROPOLIS.NS
2021-09-30,MFSL.NS
2021-09-30,MRF.NS
2021-09-30,NAM-INDIA.NS
2021-09-30,NATCOPHARM.NS
2021-09-30,NATIONALUM.NS
2021-09-30,NAVINFLUOR.NS
2021-09-30,NHPC.NS
2021-09-30,NIACL.NS
2021-09-30,NMDC.NS
2021-09-30,OBEROIRLTY.NS
2021-09-30,OFSS.NS
2021-09-30,PAGEIND.NS
2021-09-30,PEL.NS
2021-09-30,PERSISTENT.NS
2021-09-30,PETRONET.NS
2021-09-30,PFC.NS
2021-09-30,PFIZER.NS
2021-09-30,PHOENIXLTD.NS
2021-09-30,POLYCAB.NS
2021-09-30,PRESTIGE.NS
2021-09-30,RAJESHEXPO.NS
2021-09-30,RAMCOCEM.NS
2021-09-30,RECLTD.NS
2021-09-30,RELAXO.NS
2021-09-30,SCHAEFFLER.NS
2021-09-30,SIEMENS.NS
2021-09-30,SOLARINDS.NS
2021-09-30,SONACOMS.NS
2021-09-30,SUMICHEM.NS
2021-09-30,SUNDARMFIN.NS
2021-09-30,SUNDRMFAST.NS
2021-09-30,SUNTV.NS
2021-09-30,SUPREMEIND.NS
2021-09-30,SUVENPHAR.NS
2021-09-30,SYNGENE.NS
2021-09-30,TATACHEM.NS
2021-09-30,TATACOMM.NS
2021-09-30,TATAELXSI.NS
2021-09-30,TATAPOWER.NS
2021-09-30,THERMAX.NS
2021-09-30,TIINDIA.NS
2021-09-30,TORNTPOWER.NS
2021-09-30,TRENT.NS
2021-09-30,TVSMOTOR.NS
2021-09-30,UBL.NS
2021-09-30,UCOBANK.NS
2021-09-30,UNIONBANK.NS
2021-09-30,VAIBHAVGBL.NS
2021-09-30,VBL.NS
2021-09-30,VINATIORGA.NS
2021-09-30,VOLTAS.NS
2021-09-30,WHIRLPOOL.NS
2021-09-30,YESBANK.NS
2021-09-30,ZEEL.NS
2022-03-31,3MINDIA.NS
2022-03-31,AARTIIND.NS
2022-03-31,AAVAS.NS
2022-03-31,ABBOTINDIA.NS
2022-03-31,ABCAPITAL.NS
2022-03-31,ABSLAMC.NS
2022-03-31,ACC.NS
2022-03-31,AFFLE.NS
2022-03-31,AIAENG.NS
2022-03-31,AJANTPHARM.NS
2022-03-31,ALKEM.NS
2022-03-31,ALKYLAMINE.NS
2022-03-31,APLAPOLLO.NS
2022-03-31,APTUS.NS
2022-03-31,ASHOKLEY.NS
2022-03-31,ASTRAL.NS
2022-03-31,ATUL.NS
2022-03-31,AUBANK.NS
2022-03-31,AUROPHARMA.NS
2022-03-31,BALKRISIND.NS
2022-03-31,BANKINDIA.NS
2022-03-31,BATAINDIA.NS
2022-03-31,BAYERCROP.NS
2022-03-31,BCG.NS
2022-03-31,BHARATFORG.NS
2022-03-31,BHEL.NS
2022-03-31,BIOCON.NS
2022-03-31,BLUEDART.NS
2022-03-31,CANBK.NS
2022-03-31,CARBORUNIV.NS
2022-03-31,CENTRALBK.NS
2022-03-31,CGPOWER.NS
2022-03-31,CHAMBLFERT.NS
2022-03-31,CLEAN.NS
2022-03-31,COFORGE.NS
2022-03-31,COLPAL.NS
2022-03-31,CONCOR.NS
2022-03-31,COROMANDEL.NS
2022-03-31,CRISIL.NS
2022-03-31,CROMPTON.NS
2022-03-31,CUMMINSIND.NS
2022-03-31,DALBHARAT.NS
2022-03-31,DCMSHRIRAM.NS
2022-03-31,DEEPAKNTR.NS
2022-03-31,DEVYANI.NS
2022-03-31,DIXON.NS
2022-03-31,EMAMILTD.NS
2022-03-31,ENDURANCE.NS
2022-03-31,ESCORTS.NS
2022-03-31,FEDERALBNK.NS
2022-03-31,FLUOROCHEM.NS
2022-03-31,FORTIS.NS
2022-03-31,GICRE.NS
2022-03-31,GLAXO.NS
2022-03-31,GODREJIND.NS
2022-03-31,GRINDWELL.NS
2022-03-31,GRINFRA.NS
2022-03-31,GSPL.NS
2022-03-31,GUJGASLTD.NS
2022-03-31,HAPPSTMNDS.NS
2022-03-31,HATSUN.NS
2022-03-31,HDFCAMC.NS
2022-03-31,HINDPETRO.NS
2022-03-31,HONAUT.NS
2022-03-31,IDEA.NS
2022-03-31,IDFCFIRSTB.NS
2022-03-31,IEX.NS
2022-03-31,IGL.NS
2022-03-31,INDHOTEL.NS
2022-03-31,INDIAMART.NS
2022-03-31,INDIANB.NS
2022-03-31,IOB.NS
2022-03-31,IPCALAB.NS
2022-03-31,IRFC.NS
2022-03-31,ISEC.NS
2022-03-31,JINDALSTEL.NS
2022-03-31,JKCEMENT.NS
2022-03-31,JUBLFOOD.NS
2022-03-31,KAJARIACER.NS
2022-03-31,KANSAINER.NS
2022-03-31,KNRCON.NS
2022-03-31,KPRMILL.NS
2022-03-31,L&TFH.NS
2022-03-31,LALPATHLAB.NS
2022-03-31,LAURUSLABS.NS
2022-03-31,LICHSGFIN.NS
2022-03-31,LINDEINDIA.NS
2022-03-31,LUPIN.NS
2022-03-31,M&MFIN.NS
2022-03-31,MAXHEALTH.NS
2022-03-31,MFSL.NS
2022-03-31,MRF.NS
2022-03-31,NAM-INDIA.NS
2022-03-31,NATIONALUM.NS
2022-03-31,NAVINFLUOR.NS
2022-03-31,NHPC.NS
2022-03-31,NIACL.NS
2022-03-31,NMDC.NS
2022-03-31,NUVOCO.NS
2022-03-31,OBEROIRLTY.NS
2022-03-31,OFSS.NS
2022-03-31,OIL.NS
2022-03-31,PEL.NS
2022-03-31,PERSISTENT.NS
2022-03-31,PETRONET.NS
2022-03-31,PFC.NS
2022-03-31,PFIZER.NS
2022-03-31,PHOENIXLTD.NS
2022-03-31,PIIND.NS
2022-03-31,PNB.NS
2022-03-31,POLICYBZR.NS
2022-03-31,POLYCAB.NS
2022-03-31,POONAWALLA.NS
2022-03-31,PRESTIGE.NS
2022-03-31,RAJESHEXPO.NS
2022-03-31,RAMCOCEM.NS
2022-03-31,RECLTD.NS
2022-03-31,RELAXO.NS
2022-03-31,SAIL.NS
2022-03-31,SCHAEFFLER.NS
2022-03-31,SIEMENS.NS
2022-03-31,SOLARINDS.NS
2022-03-31,SONACOMS.NS
2022-03-31,STARHEALTH.NS
2022-03-31,SUMICHEM.NS
2022-03-31,SUNDARMFIN.NS
2022-03-31,SUNDRMFAST.NS
2022-03-31,SUNTV.NS
2022-03-31,SUPREMEIND.NS
2022-03-31,SYNGENE.NS
2022-03-31,TANLA.NS
2022-03-31,TATACHEM.NS
2022-03-31,TATACOMM.NS
2022-03-31,TATAELXSI.NS
2022-03-31,THERMAX.NS
2022-03-31,TIINDIA.NS
2022-03-31,TORNTPOWER.NS
2022-03-31,TRENT.NS
2022-03-31,TRIDENT.NS
2022-03-31,TTML.NS
2022-03-31,TVSMOTOR.NS
2022-03-31,UBL.NS
2022-03-31,UNIONBANK.NS
2022-03-31,VBL.NS
2022-03-31,VINATIORGA.NS
2022-03-31,VOLTAS.NS
2022-03-31,WHIRLPOOL.NS
2022-03-31,YESBANK.NS
2022-03-31,ZEEL.NS
2022-03-31,ZYDUSLIFE.NS
2022-09-30,3MINDIA.NS
2022-09-30,AARTIIND.NS
2022-09-30,AAVAS.NS
2022-09-30,ABBOTINDIA.NS
2022-09-30,ABCAPITAL.NS
2022-09-30,ACC.NS
2022-09-30,AFFLE.NS
2022-09-30,AIAENG.NS
2022-09-30,AJANTPHARM.NS
2022-09-30,ALKEM.NS
2022-09-30,ALKYLAMINE.NS
2022-09-30,APLAPOLLO.NS
2022-09-30,APTUS.NS
2022-09-30,ASHOKLEY.NS
2022-09-30,ASTRAL.NS
2022-09-30,ATUL.NS
2022-09-30,AUBANK.NS
2022-09-30,AUROPHARMA.NS
2022-09-30,BALKRISIND.NS
2022-09-30,BANKINDIA.NS
2022-09-30,BATAINDIA.NS
2022-09-30,BAYERCROP.NS
2022-09-30,BHARATFORG.NS
2022-09-30,BHEL.NS
2022-09-30,BIOCON.NS
2022-09-30,BLUEDART.NS
2022-09-30,CANBK.NS
2022-09-30,CARBORUNIV.NS
2022-09-30,CENTRALBK.NS
2022-09-30,CGPOWER.NS
2022-09-30,CHAMBLFERT.NS
2022-09-30,CLEAN.NS
2022-09-30,COFORGE.NS
2022-09-30,COLPAL.NS
2022-09-30,CONCOR.NS
2022-09-30,COROMANDEL.NS
2022-09-30,CREDITACC.NS
2022-09-30,CRISIL.NS
2022-09-30,CROMPTON.NS
2022-09-30,CUMMINSIND.NS
2022-09-30,DALBHARAT.NS
2022-09-30,DCMSHRIRAM.NS
2022-09-30,DEEPAKNTR.NS
2022-09-30,DEVYANI.NS
2022-09-30,DIXON.NS
2022-09-30,EMAMILTD.NS
2022-09-30,ENDURANCE.NS
2022-09-30,ESCORTS.NS
2022-09-30,FEDERALBNK.NS
2022-09-30,FINEORG.NS
2022-09-30,FLUOROCHEM.NS
2022-09-30,FORTIS.NS
2022-09-30,GICRE.NS
2022-09-30,GLAXO.NS
2022-09-30,GODREJIND.NS
2022-09-30,GODREJPROP.NS
2022-09-30,GRINDWELL.NS
2022-09-30,GUJGASLTD.NS
2022-09-30,HATSUN.NS
2022-09-30,HDFCAMC.NS
2022-09-30,HINDPETRO.NS
2022-09-30,HONAUT.NS
2022-09-30,IDBI.NS
2022-09-30,IDEA.NS
2022-09-30,IDFCFIRSTB.NS
2022-09-30,IEX.NS
2022-09-30,IGL.NS
2022-09-30,IIFLWAM.NS
2022-09-30,INDHOTEL.NS
2022-09-30,INDIANB.NS
2022-09-30,IOB.NS
2022-09-30,IPCALAB.NS
2022-09-30,IRFC.NS
2022-09-30,ISEC.NS
2022-09-30,JINDALSTEL.NS
2022-09-30,JKCEMENT.NS
2022-09-30,JUBLFOOD.NS
2022-09-30,KAJARIACER.NS
2022-09-30,KANSAINER.NS
2022-09-30,KNRCON.NS
2022-09-30,KPITTECH.NS
2022-09-30,KPRMILL.NS
2022-09-30,L&TFH.NS
2022-09-30,LALPATHLAB.NS
2022-09-30,LAURUSLABS.NS
2022-09-30,LICHSGFIN.NS
2022-09-30,LINDEINDIA.NS
2022-09-30,LTTS.NS
2022-09-30,LUPIN.NS
2022-09-30,M&MFIN.NS
2022-09-30,MAXHEALTH.NS
2022-09-30,METROBRAND.NS
2022-09-30,MFSL.NS
2022-09-30,MRF.NS
2022-09-30,NAM-INDIA.NS
2022-09-30,NATIONALUM.NS
2022-09-30,NAVINFLUOR.NS
2022-09-30,NHPC.NS
2022-09-30,NIACL.NS
2022-09-30,NMDC.NS
2022-09-30,OBEROIRLTY.NS
2022-09-30,OFSS.NS
2022-09-30,OIL.NS
2022-09-30,PAYTM.NS
2022-09-30,PEL.NS
2022-09-30,PERSISTENT.NS
2022-09-30,PETRONET.NS
2022-09-30,PFC.NS
2022-09-30,PFIZER.NS
2022-09-30,PHOENIXLTD.NS
2022-09-30,PNB.NS
2022-09-30,POLICYBZR.NS
2022-09-30,POLYCAB.NS
2022-09-30,POONAWALLA.NS
2022-09-30,PRESTIGE.NS
2022-09-30,RAJESHEXPO.NS
2022-09-30,RAMCOCEM.NS
2022-09-30,RECLTD.NS
2022-09-30,RELAXO.NS
2022-09-30,SAIL.NS
2022-09-30,SCHAEFFLER.NS
2022-09-30,SFL.NS
2022-09-30,SOLARINDS.NS
2022-09-30,SONACOMS.NS
2022-09-30,STARHEALTH.NS
2022-09-30,SUMICHEM.NS
2022-09-30,SUNDARMFIN.NS
2022-09-30,SUNDRMFAST.NS
2022-09-30,SUNTV.NS
2022-09-30,SUPREMEIND.NS
2022-09-30,SYNGENE.NS
2022-09-30,TANLA.NS
2022-09-30,TATACHEM.NS
2022-09-30,TATACOMM.NS
2022-09-30,THERMAX.NS
2022-09-30,TIINDIA.NS
2022-09-30,TIMKEN.NS
2022-09-30,TORNTPOWER.NS
2022-09-30,TRENT.NS
2022-09-30,TRIDENT.NS
2022-09-30,TTML.NS
2022-09-30,TVSMOTOR.NS
2022-09-30,UBL.NS
2022-09-30,UNIONBANK.NS
2022-09-30,VINATIORGA.NS
2022-09-30,VOLTAS.NS
2022-09-30,WHIRLPOOL.NS
2022-09-30,YESBANK.NS
2022-09-30,ZEEL.NS
2022-09-30,ZYDUSLIFE.NS
2023-03-31,3MINDIA.NS
2023-03-31,ABBOTINDIA.NS
2023-03-31,ABCAPITAL.NS
2023-03-31,ACC.NS
2023-03-31,AIAENG.NS
2023-03-31,AJANTPHARM.NS
2023-03-31,ALKEM.NS
2023-03-31,APLAPOLLO.NS
2023-03-31,APOLLOTYRE.NS
2023-03-31,ASHOKLEY.NS
2023-03-31,ASTRAL.NS
2023-03-31,ATUL.NS
2023-03-31,AUBANK.NS
2023-03-31,AUROPHARMA.NS
2023-03-31,BALKRISIND.NS
2023-03-31,BANDHANBNK.NS
2023-03-31,BANKINDIA.NS
2023-03-31,BATAINDIA.NS
2023-03-31,BAYERCROP.NS
2023-03-31,BDL.NS
2023-03-31,BHARATFORG.NS
2023-03-31,BHEL.NS
2023-03-31,BIOCON.NS
2023-03-31,BLUEDART.NS
2023-03-31,CARBORUNIV.NS
2023-03-31,CENTRALBK.NS
2023-03-31,CGPOWER.NS
2023-03-31,COFORGE.NS
2023-03-31,COLPAL.NS
2023-03-31,CONCOR.NS
2023-03-31,COROMANDEL.NS
2023-03-31,CRISIL.NS
2023-03-31,CROMPTON.NS
2023-03-31,CUMMINSIND.NS
2023-03-31,DALBHARAT.NS
2023-03-31,DEEPAKNTR.NS
2023-03-31,DELHIVERY.NS
2023-03-31,DEVYANI.NS
2023-03-31,DIXON.NS
2023-03-31,EMAMILTD.NS
2023-03-31,ENDURANCE.NS
2023-03-31,ESCORTS.NS
2023-03-31,FEDERALBNK.NS
2023-03-31,FINEORG.NS
2023-03-31,FLUOROCHEM.NS
2023-03-31,FORTIS.NS
2023-03-31,GICRE.NS
2023-03-31,GLAND.NS
2023-03-31,GLAXO.NS
2023-03-31,GMRINFRA.NS
2023-03-31,GODREJPROP.NS
2023-03-31,GRINDWELL.NS
2023-03-31,GUJGASLTD.NS
2023-03-31,HATSUN.NS
2023-03-31,HDFCAMC.NS
2023-03-31,HINDPETRO.NS
2023-03-31,HONAUT.NS
2023-03-31,IDEA.NS
2023-03-31,IDFCFIRSTB.NS
2023-03-31,IGL.NS
2023-03-31,IIFL.NS
2023-03-31,IIFLWAM.NS
2023-03-31,INDHOTEL.NS
2023-03-31,INDIANB.NS
2023-03-31,INDUSTOWER.NS
2023-03-31,IOB.NS
2023-03-31,IPCALAB.NS
2023-03-31,IRB.NS
2023-03-31,IRFC.NS
2023-03-31,ISEC.NS
2023-03-31,JBCHEPHARM.NS
2023-03-31,JKCEMENT.NS
2023-03-31,JSL.NS
2023-03-31,JSWENERGY.NS
2023-03-31,JUBLFOOD.NS
2023-03-31,KAJARIACER.NS
2023-03-31,KANSAINER.NS
2023-03-31,KNRCON.NS
2023-03-31,KPITTECH.NS
2023-03-31,KPRMILL.NS
2023-03-31,L&TFH.NS
2023-03-31,LALPATHLAB.NS
2023-03-31,LAURUSLABS.NS
2023-03-31,LICHSGFIN.NS
2023-03-31,LINDEINDIA.NS
2023-03-31,LODHA.NS
2023-03-31,LTTS.NS
2023-03-31,LUPIN.NS
2023-03-31,M&MFIN.NS
2023-03-31,MAHABANK.NS
2023-03-31,MANYAVAR.NS
2023-03-31,MAXHEALTH.NS
2023-03-31,METROBRAND.NS
2023-03-31,MFSL.NS
2023-03-31,MPHASIS.NS
2023-03-31,MRF.NS
2023-03-31,MSUMI.NS
2023-03-31,MUTHOOTFIN.NS
2023-03-31,NAVINFLUOR.NS
2023-03-31,NH.NS
2023-03-31,NHPC.NS
2023-03-31,NIACL.NS
2023-03-31,OBEROIRLTY.NS
2023-03-31,OFSS.NS
2023-03-31,OIL.NS
2023-03-31,PAGEIND.NS
2023-03-31,PATANJALI.NS
2023-03-31,PAYTM.NS
2023-03-31,PERSISTENT.NS
2023-03-31,PETRONET.NS
2023-03-31,PFC.NS
2023-03-31,PFIZER.NS
2023-03-31,PGHH.NS
2023-03-31,PHOENIXLTD.NS
2023-03-31,POLICYBZR.NS
2023-03-31,POLYCAB.NS
2023-03-31,POONAWALLA.NS
2023-03-31,PRESTIGE.NS
2023-03-31,RAJESHEXPO.NS
2023-03-31,RAMCOCEM.NS
2023-03-31,RECLTD.NS
2023-03-31,RELAXO.NS
2023-03-31,SAIL.NS
2023-03-31,SCHAEFFLER.NS
2023-03-31,SOLARINDS.NS
2023-03-31,SONACOMS.NS
2023-03-31,STARHEALTH.NS
2023-03-31,SUMICHEM.NS
2023-03-31,SUNDARMFIN.NS
2023-03-31,SUNDRMFAST.NS
2023-03-31,SUNTV.NS
2023-03-31,SUPREMEIND.NS
2023-03-31,SYNGENE.NS
2023-03-31,TATACHEM.NS
2023-03-31,TATACOMM.NS
2023-03-31,TATAELXSI.NS
2023-03-31,THERMAX.NS
2023-03-31,TIMKEN.NS
2023-03-31,TORNTPOWER.NS
2023-03-31,TRENT.NS
2023-03-31,TRIDENT.NS
2023-03-31,TTML.NS
2023-03-31,UBL.NS
2023-03-31,UNOMINDA.NS
2023-03-31,VINATIORGA.NS
2023-03-31,VOLTAS.NS
2023-03-31,WHIRLPOOL.NS
2023-03-31,ZEEL.NS
2023-03-31,ZOMATO.NS
2023-03-31,ZYDUSLIFE.NS
2023-09-30,3MINDIA.NS
2023-09-30,ABBOTINDIA.NS
2023-09-30,ABCAPITAL.NS
2023-09-30,ACC.NS
2023-09-30,AIAENG.NS
2023-09-30,AJANTPHARM.NS
2023-09-30,ALKEM.NS
2023-09-30,APLAPOLLO.NS
2023-09-30,APOLLOTYRE.NS
2023-09-30,ASHOKLEY.NS
2023-09-30,ASTRAL.NS
2023-09-30,ATUL.NS
2023-09-30,AUBANK.NS
2023-09-30,AUROPHARMA.NS
2023-09-30,AWL.NS
2023-09-30,BALKRISIND.NS
2023-09-30,BANDHANBNK.NS
2023-09-30,BANKINDIA.NS
2023-09-30,BATAINDIA.NS
2023-09-30,BAYERCROP.NS
2023-09-30,BDL.NS
2023-09-30,BHARATFORG.NS
2023-09-30,BHEL.NS
2023-09-30,BIOCON.NS
2023-09-30,CARBORUNIV.NS
2023-09-30,CENTRALBK.NS
2023-09-30,COFORGE.NS
2023-09-30,COLPAL.NS
2023-09-30,CONCOR.NS
2023-09-30,COROMANDEL.NS
2023-09-30,CREDITACC.NS
2023-09-30,CRISIL.NS
2023-09-30,CUMMINSIND.NS
2023-09-30,DALBHARAT.NS
2023-09-30,DEEPAKNTR.NS
2023-09-30,DELHIVERY.NS
2023-09-30,DEVYANI.NS
2023-09-30,DIXON.NS
2023-09-30,EMAMILTD.NS
2023-09-30,ENDURANCE.NS
2023-09-30,ESCORTS.NS
2023-09-30,EXIDEIND.NS
2023-09-30,FACT.NS
2023-09-30,FEDERALBNK.NS
2023-09-30,FLUOROCHEM.NS
2023-09-30,FORTIS.NS
2023-09-30,GICRE.NS
2023-09-30,GLAND.NS
2023-09-30,GLAXO.NS
2023-09-30,GLENMARK.NS
2023-09-30,GMRINFRA.NS
2023-09-30,GODREJPROP.NS
2023-09-30,GRINDWELL.NS
2023-09-30,GUJGASLTD.NS
2023-09-30,HDFCAMC.NS
2023-09-30,HINDPETRO.NS
2023-09-30,HONAUT.NS
2023-09-30,IDEA.NS
2023-09-30,IDFCFIRSTB.NS
2023-09-30,IGL.NS
2023-09-30,IIFL.NS
2023-09-30,INDHOTEL.NS
2023-09-30,INDIANB.NS
2023-09-30,INDUSTOWER.NS
2023-09-30,IOB.NS
2023-09-30,IPCALAB.NS
2023-09-30,IRCTC.NS
2023-09-30,IRFC.NS
2023-09-30,JKCEMENT.NS
2023-09-30,JSL.NS
2023-09-30,JSWENERGY.NS
2023-09-30,JUBLFOOD.NS
2023-09-30,KAJARIACER.NS
2023-09-30,KANSAINER.NS
2023-09-30,KEI.NS
2023-09-30,KPITTECH.NS
2023-09-30,KPRMILL.NS
2023-09-30,L&TFH.NS
2023-09-30,LAURUSLABS.NS
2023-09-30,LICHSGFIN.NS
2023-09-30,LINDEINDIA.NS
2023-09-30,LTTS.NS
2023-09-30,LUPIN.NS
2023-09-30,M&MFIN.NS
2023-09-30,MAHABANK.NS
2023-09-30,MANYAVAR.NS
2023-09-30,MAXHEALTH.NS
2023-09-30,MAZDOCK.NS
2023-09-30,METROBRAND.NS
2023-09-30,MFSL.NS
2023-09-30,MPHASIS.NS
2023-09-30,MRF.NS
2023-09-30,MSUMI.NS
2023-09-30,MUTHOOTFIN.NS
2023-09-30,NAUKRI.NS
2023-09-30,NAVINFLUOR.NS
2023-09-30,NH.NS
2023-09-30,NHPC.NS
2023-09-30,NIACL.NS
2023-09-30,NMDC.NS
2023-09-30,NYKAA.NS
2023-09-30,OBEROIRLTY.NS
2023-09-30,OFSS.NS
2023-09-30,OIL.NS
2023-09-30,PAGEIND.NS
2023-09-30,PATANJALI.NS
2023-09-30,PAYTM.NS
2023-09-30,PEL.NS
2023-09-30,PERSISTENT.NS
2023-09-30,PETRONET.NS
2023-09-30,PGHH.NS
2023-09-30,PHOENIXLTD.NS
2023-09-30,PIIND.NS
2023-09-30,POLICYBZR.NS
2023-09-30,POONAWALLA.NS
2023-09-30,PRESTIGE.NS
2023-09-30,RAMCOCEM.NS
2023-09-30,RECLTD.NS
2023-09-30,RELAXO.NS
2023-09-30,RVNL.NS
2023-09-30,SAIL.NS
2023-09-30,SCHAEFFLER.NS
2023-09-30,SJVN.NS
2023-09-30,SOLARINDS.NS
2023-09-30,SONACOMS.NS
2023-09-30,STARHEALTH.NS
2023-09-30,SUMICHEM.NS
2023-09-30,SUNDARMFIN.NS
2023-09-30,SUNDRMFAST.NS
2023-09-30,SUNTV.NS
2023-09-30,SUPREMEIND.NS
2023-09-30,SUZLON.NS
2023-09-30,SYNGENE.NS
2023-09-30,TATACHEM.NS
2023-09-30,TATACOMM.NS
2023-09-30,TATAELXSI.NS
2023-09-30,THERMAX.NS
2023-09-30,TIINDIA.NS
2023-09-30,TIMKEN.NS
2023-09-30,TORNTPOWER.NS
2023-09-30,TRENT.NS
2023-09-30,UBL.NS
2023-09-30,UCOBANK.NS
2023-09-30,UNIONBANK.NS
2023-09-30,UNOMINDA.NS
2023-09-30,UPL.NS
2023-09-30,VINATIORGA.NS
2023-09-30,VOLTAS.NS
2023-09-30,YESBANK.NS
2023-09-30,ZEEL.NS
2024-03-31,3MINDIA.NS
2024-03-31,ABBOTINDIA.NS
2024-03-31,ABCAPITAL.NS
2024-03-31,ACC.NS
2024-03-31,AIAENG.NS
2024-03-31,AJANTPHARM.NS
2024-03-31,ALKEM.NS
2024-03-31,ANGELONE.NS
2024-03-31,APARINDS.NS
2024-03-31,APLAPOLLO.NS
2024-03-31,APOLLOTYRE.NS
2024-03-31,ASHOKLEY.NS
2024-03-31,ASTRAL.NS
2024-03-31,AUBANK.NS
2024-03-31,AUROPHARMA.NS
2024-03-31,AWL.NS
2024-03-31,BALKRISIND.NS
2024-03-31,BANDHANBNK.NS
2024-03-31,BANKINDIA.NS
2024-03-31,BAYERCROP.NS
2024-03-31,BDL.NS
2024-03-31,BERGEPAINT.NS
2024-03-31,BHARATFORG.NS
2024-03-31,BHEL.NS
2024-03-31,BIOCON.NS
2024-03-31,BOSCHLTD.NS
2024-03-31,CENTRALBK.NS
2024-03-31,CGPOWER.NS
2024-03-31,COFORGE.NS
2024-03-31,COLPAL.NS
2024-03-31,CONCOR.NS
2024-03-31,COROMANDEL.NS
2024-03-31,CREDITACC.NS
2024-03-31,CRISIL.NS
2024-03-31,CUMMINSIND.NS
2024-03-31,DALBHARAT.NS
2024-03-31,DEEPAKNTR.NS
2024-03-31,DELHIVERY.NS
2024-03-31,DIXON.NS
2024-03-31,ENDURANCE.NS
2024-03-31,ESCORTS.NS
2024-03-31,EXIDEIND.NS
2024-03-31,FACT.NS
2024-03-31,FEDERALBNK.NS
2024-03-31,FLUOROCHEM.NS
2024-03-31,FORTIS.NS
2024-03-31,GICRE.NS
2024-03-31,GLAND.NS
2024-03-31,GLAXO.NS
2024-03-31,GLENMARK.NS
2024-03-31,GMRINFRA.NS
2024-03-31,GODREJIND.NS
2024-03-31,GODREJPROP.NS
2024-03-31,GRINDWELL.NS
2024-03-31,GUJGASLTD.NS
2024-03-31,HDFCAMC.NS
2024-03-31,HINDCOPPER.NS
2024-03-31,HINDPETRO.NS
2024-03-31,HONAUT.NS
2024-03-31,HUDCO.NS
2024-03-31,IDEA.NS
2024-03-31,IDFCFIRSTB.NS
2024-03-31,IGL.NS
2024-03-31,INDHOTEL.NS
2024-03-31,INDIANB.NS
2024-03-31,INDUSTOWER.NS
2024-03-31,IPCALAB.NS
2024-03-31,IRB.NS
2024-03-31,IRCTC.NS
2024-03-31,ISEC.NS
2024-03-31,ITI.NS
2024-03-31,JBCHEPHARM.NS
2024-03-31,JKCEMENT.NS
2024-03-31,JSL.NS
2024-03-31,JUBLFOOD.NS
2024-03-31,KALYANKJIL.NS
2024-03-31,KANSAINER.NS
2024-03-31,KEI.NS
2024-03-31,KPITTECH.NS
2024-03-31,KPRMILL.NS
2024-03-31,L&TFH.NS
2024-03-31,LICHSGFIN.NS
2024-03-31,LINDEINDIA.NS
2024-03-31,LTTS.NS
2024-03-31,LUPIN.NS
2024-03-31,M&MFIN.NS
2024-03-31,MAHABANK.NS
2024-03-31,MANYAVAR.NS
2024-03-31,MARICO.NS
2024-03-31,MAXHEALTH.NS
2024-03-31,MAZDOCK.NS
2024-03-31,MEDANTA.NS
2024-03-31,METROBRAND.NS
2024-03-31,MFSL.NS
2024-03-31,MOTHERSON.NS
2024-03-31,MPHASIS.NS
2024-03-31,MRF.NS
2024-03-31,MRPL.NS
2024-03-31,MSUMI.NS
2024-03-31,MUTHOOTFIN.NS
2024-03-31,NAM-INDIA.NS
2024-03-31,NATIONALUM.NS
2024-03-31,NAUKRI.NS
2024-03-31,NH.NS
2024-03-31,NIACL.NS
2024-03-31,NLCINDIA.NS
2024-03-31,NMDC.NS
2024-03-31,NYKAA.NS
2024-03-31,OBEROIRLTY.NS
2024-03-31,OFSS.NS
2024-03-31,OIL.NS
2024-03-31,PAGEIND.NS
2024-03-31,PATANJALI.NS
2024-03-31,PAYTM.NS
2024-03-31,PERSISTENT.NS
2024-03-31,PETRONET.NS
2024-03-31,PGHH.NS
2024-03-31,PHOENIXLTD.NS
2024-03-31,PIIND.NS
2024-03-31,POLICYBZR.NS
2024-03-31,POONAWALLA.NS
2024-03-31,POWERINDIA.NS
2024-03-31,PRESTIGE.NS
2024-03-31,RVNL.NS
2024-03-31,SAIL.NS
2024-03-31,SBICARD.NS
2024-03-31,SCHAEFFLER.NS
2024-03-31,SJVN.NS
2024-03-31,SOLARINDS.NS
2024-03-31,SONACOMS.NS
2024-03-31,SRF.NS
2024-03-31,STARHEALTH.NS
2024-03-31,SUNDARMFIN.NS
2024-03-31,SUNDRMFAST.NS
2024-03-31,SUNTV.NS
2024-03-31,SUPREMEIND.NS
2024-03-31,SUZLON.NS
2024-03-31,SYNGENE.NS
2024-03-31,TATACHEM.NS
2024-03-31,TATACOMM.NS
2024-03-31,TATAELXSI.NS
2024-03-31,THERMAX.NS
2024-03-31,TIINDIA.NS
2024-03-31,TORNTPOWER.NS
2024-03-31,UBL.NS
2024-03-31,UCOBANK.NS
2024-03-31,UNOMINDA.NS
2024-03-31,UPL.NS
2024-03-31,VOLTAS.NS
2024-03-31,YESBANK.NS
2024-09-30,360ONE.NS
2024-09-30,3MINDIA.NS
2024-09-30,ABBOTINDIA.NS
2024-09-30,ABCAPITAL.NS
2024-09-30,ACC.NS
2024-09-30,AIAENG.NS
2024-09-30,AJANTPHARM.NS
2024-09-30,ALKEM.NS
2024-09-30,APARINDS.NS
2024-09-30,APLAPOLLO.NS
2024-09-30,APOLLOHOSP.NS
2024-09-30,APOLLOTYRE.NS
2024-09-30,ASHOKLEY.NS
2024-09-30,ASTRAL.NS
2024-09-30,AUBANK.NS
2024-09-30,AUROPHARMA.NS
2024-09-30,AWL.NS
2024-09-30,BALKRISIND.NS
2024-09-30,BANDHANBNK.NS
2024-09-30,BANKINDIA.NS
2024-09-30,BAYERCROP.NS
2024-09-30,BDL.NS
2024-09-30,BERGEPAINT.NS
2024-09-30,BHARATFORG.NS
2024-09-30,BIOCON.NS
2024-09-30,BLUESTARCO.NS
2024-09-30,CARBORUNIV.NS
2024-09-30,CENTRALBK.NS
2024-09-30,COCHINSHIP.NS
2024-09-30,COFORGE.NS
2024-09-30,COLPAL.NS
2024-09-30,CONCOR.NS
2024-09-30,COROMANDEL.NS
2024-09-30,CRISIL.NS
2024-09-30,DALBHARAT.NS
2024-09-30,DEEPAKNTR.NS
2024-09-30,DELHIVERY.NS
2024-09-30,DIXON.NS
2024-09-30,EMAMILTD.NS
2024-09-30,ENDURANCE.NS
2024-09-30,ESCORTS.NS
2024-09-30,EXIDEIND.NS
2024-09-30,FACT.NS
2024-09-30,FEDERALBNK.NS
2024-09-30,FLUOROCHEM.NS
2024-09-30,FORTIS.NS
2024-09-30,GICRE.NS
2024-09-30,GLAND.NS
2024-09-30,GLAXO.NS
2024-09-30,GLENMARK.NS
2024-09-30,GMRINFRA.NS
2024-09-30,GODREJIND.NS
2024-09-30,GODREJPROP.NS
2024-09-30,GUJGASLTD.NS
2024-09-30,HDFCAMC.NS
2024-09-30,HINDCOPPER.NS
2024-09-30,HINDPETRO.NS
2024-09-30,HONAUT.NS
2024-09-30,HUDCO.NS
2024-09-30,ICICIGI.NS
2024-09-30,ICICIPRULI.NS
2024-09-30,IDEA.NS
2024-09-30,IDFCFIRSTB.NS
2024-09-30,IGL.NS
2024-09-30,INDHOTEL.NS
2024-09-30,INDIANB.NS
2024-09-30,IPCALAB.NS
2024-09-30,IRB.NS
2024-09-30,IRCTC.NS
2024-09-30,ITI.NS
2024-09-30,JBCHEPHARM.NS
2024-09-30,JKCEMENT.NS
2024-09-30,JSL.NS
2024-09-30,JUBLFOOD.NS
2024-09-30,KALYANKJIL.NS
2024-09-30,KEI.NS
2024-09-30,KPITTECH.NS
2024-09-30,KPRMILL.NS
2024-09-30,L&TFH.NS
2024-09-30,LICHSGFIN.NS
2024-09-30,LINDEINDIA.NS
2024-09-30,LTTS.NS
2024-09-30,LUPIN.NS
2024-09-30,M&MFIN.NS
2024-09-30,MAHABANK.NS
2024-09-30,MANKIND.NS
2024-09-30,MARICO.NS
2024-09-30,MAXHEALTH.NS
2024-09-30,MAZDOCK.NS
2024-09-30,MCDOWELL-N.NS
2024-09-30,MEDANTA.NS
2024-09-30,METROBRAND.NS
2024-09-30,MFSL.NS
2024-09-30,MOTILALOFS.NS
2024-09-30,MPHASIS.NS
2024-09-30,MRF.NS
2024-09-30,MRPL.NS
2024-09-30,MSUMI.NS
2024-09-30,MUTHOOTFIN.NS
2024-09-30,NAM-INDIA.NS
2024-09-30,NATIONALUM.NS
2024-09-30,NAUKRI.NS
2024-09-30,NBCC.NS
2024-09-30,NIACL.NS
2024-09-30,NLCINDIA.NS
2024-09-30,NMDC.NS
2024-09-30,NYKAA.NS
2024-09-30,OBEROIRLTY.NS
2024-09-30,OFSS.NS
2024-09-30,OIL.NS
2024-09-30,PAGEIND.NS
2024-09-30,PATANJALI.NS
2024-09-30,PAYTM.NS
2024-09-30,PERSISTENT.NS
2024-09-30,PETRONET.NS
2024-09-30,PGHH.NS
2024-09-30,PHOENIXLTD.NS
2024-09-30,PIIND.NS
2024-09-30,POLICYBZR.NS
2024-09-30,POONAWALLA.NS
2024-09-30,POWERINDIA.NS
2024-09-30,PRESTIGE.NS
2024-09-30,RVNL.NS
2024-09-30,SAIL.NS
2024-09-30,SBICARD.NS
2024-09-30,SCHAEFFLER.NS
2024-09-30,SHREECEM.NS
2024-09-30,SJVN.NS
2024-09-30,SOLARINDS.NS
2024-09-30,SONACOMS.NS
2024-09-30,SRF.NS
2024-09-30,STARHEALTH.NS
2024-09-30,SUNDARMFIN.NS
2024-09-30,SUNTV.NS
2024-09-30,SUPREMEIND.NS
2024-09-30,SUZLON.NS
2024-09-30,SYNGENE.NS
2024-09-30,TATACHEM.NS
2024-09-30,TATACOMM.NS
2024-09-30,TATAELXSI.NS
2024-09-30,THERMAX.NS
2024-09-30,TIINDIA.NS
2024-09-30,TIMKEN.NS
2024-09-30,TORNTPOWER.NS
2024-09-30,UBL.NS
2024-09-30,UCOBANK.NS
2024-09-30,UNOMINDA.NS
2024-09-30,UPL.NS
2024-09-30,VOLTAS.NS
2024-09-30,YESBANK.NS
2025-03-31,360ONE.NS
2025-03-31,3MINDIA.NS
2025-03-31,ABBOTINDIA.NS
2025-03-31,ABCAPITAL.NS
2025-03-31,ACC.NS
2025-03-31,AIAENG.NS
2025-03-31,AJANTPHARM.NS
2025-03-31,ALKEM.NS
2025-03-31,APARINDS.NS
2025-03-31,APLAPOLLO.NS
2025-03-31,APOLLOTYRE.NS
2025-03-31,ASHOKLEY.NS
2025-03-31,ASTRAL.NS
2025-03-31,ATGL.NS
2025-03-31,AUBANK.NS
2025-03-31,AUROPHARMA.NS
2025-03-31,AWL.NS
2025-03-31,BALKRISIND.NS
2025-03-31,BANKINDIA.NS
2025-03-31,BDL.NS
2025-03-31,BERGEPAINT.NS
2025-03-31,BHARATFORG.NS
2025-03-31,BHEL.NS
2025-03-31,BIOCON.NS
2025-03-31,BLUESTARCO.NS
2025-03-31,BSE.NS
2025-03-31,CANBK.NS
2025-03-31,CDSL.NS
2025-03-31,CENTRALBK.NS
2025-03-31,CHOLAHLDNG.NS
2025-03-31,COCHINSHIP.NS
2025-03-31,COFORGE.NS
2025-03-31,COLPAL.NS
2025-03-31,CONCOR.NS
2025-03-31,COROMANDEL.NS
2025-03-31,CRISIL.NS
2025-03-31,CUMMINSIND.NS
2025-03-31,DALBHARAT.NS
2025-03-31,DEEPAKNTR.NS
2025-03-31,DIXON.NS
2025-03-31,EMAMILTD.NS
2025-03-31,ENDURANCE.NS
2025-03-31,ESCORTS.NS
2025-03-31,EXIDEIND.NS
2025-03-31,FACT.NS
2025-03-31,FEDERALBNK.NS
2025-03-31,FLUOROCHEM.NS
2025-03-31,FORTIS.NS
2025-03-31,GICRE.NS
2025-03-31,GILLETTE.NS
2025-03-31,GLAND.NS
2025-03-31,GLAXO.NS
2025-03-31,GLENMARK.NS
2025-03-31,GMRINFRA.NS
2025-03-31,GODFRYPHLP.NS
2025-03-31,GODREJIND.NS
2025-03-31,GODREJPROP.NS
2025-03-31,GUJGASLTD.NS
2025-03-31,HDFCAMC.NS
2025-03-31,HEROMOTOCO.NS
2025-03-31,HINDPETRO.NS
2025-03-31,HONAUT.NS
2025-03-31,HUDCO.NS
2025-03-31,IDBI.NS
2025-03-31,IDEA.NS
2025-03-31,IDFCFIRSTB.NS
2025-03-31,IGL.NS
2025-03-31,INDIANB.NS
2025-03-31,INDUSINDBK.NS
2025-03-31,INDUSTOWER.NS
2025-03-31,IPCALAB.NS
2025-03-31,IRB.NS
2025-03-31,IRCTC.NS
2025-03-31,ISEC.NS
2025-03-31,ITI.NS
2025-03-31,JBCHEPHARM.NS
2025-03-31,JINDALSTEL.NS
2025-03-31,JKCEMENT.NS
2025-03-31,JSL.NS
2025-03-31,JUBLFOOD.NS
2025-03-31,KALYANKJIL.NS
2025-03-31,KAYNES.NS
2025-03-31,KEI.NS
2025-03-31,KPITTECH.NS
2025-03-31,KPRMILL.NS
2025-03-31,LAURUSLABS.NS
2025-03-31,LICHSGFIN.NS
2025-03-31,LINDEINDIA.NS
2025-03-31,LTTS.NS
2025-03-31,M&MFIN.NS
2025-03-31,MAHABANK.NS
2025-03-31,MANYAVAR.NS
2025-03-31,MARICO.NS
2025-03-31,MCX.NS
2025-03-31,MEDANTA.NS
2025-03-31,METROBRAND.NS
2025-03-31,MFSL.NS
2025-03-31,MOTILALOFS.NS
2025-03-31,MPHASIS.NS
2025-03-31,MRF.NS
2025-03-31,MUTHOOTFIN.NS
2025-03-31,NAM-INDIA.NS
2025-03-31,NATIONALUM.NS
2025-03-31,NH.NS
2025-03-31,NHPC.NS
2025-03-31,NIACL.NS
2025-03-31,NLCINDIA.NS
2025-03-31,NMDC.NS
2025-03-31,NYKAA.NS
2025-03-31,OBEROIRLTY.NS
2025-03-31,OFSS.NS
2025-03-31,OIL.NS
2025-03-31,PAGEIND.NS
2025-03-31,PATANJALI.NS
2025-03-31,PAYTM.NS
2025-03-31,PERSISTENT.NS
2025-03-31,PETRONET.NS
2025-03-31,PGHH.NS
2025-03-31,PHOENIXLTD.NS
2025-03-31,PIIND.NS
2025-03-31,POLICYBZR.NS
2025-03-31,POWERINDIA.NS
2025-03-31,PPLPHARMA.NS
2025-03-31,PRESTIGE.NS
2025-03-31,RADICO.NS
2025-03-31,RVNL.NS
2025-03-31,SAIL.NS
2025-03-31,SBICARD.NS
2025-03-31,SCHAEFFLER.NS
2025-03-31,SJVN.NS
2025-03-31,SONACOMS.NS
2025-03-31,SRF.NS
2025-03-31,SUMICHEM.NS
2025-03-31,SUNDARMFIN.NS
2025-03-31,SUPREMEIND.NS
2025-03-31,SUVENPHAR.NS
2025-03-31,SUZLON.NS
2025-03-31,SYNGENE.NS
2025-03-31,TATACOMM.NS
2025-03-31,TATAELXSI.NS
2025-03-31,THERMAX.NS
2025-03-31,TIINDIA.NS
2025-03-31,TORNTPOWER.NS
2025-03-31,UBL.NS
2025-03-31,UCOBANK.NS
2025-03-31,UNIONBANK.NS
2025-03-31,UNOMINDA.NS
2025-03-31,UPL.NS
2025-03-31,VOLTAS.NS
2025-03-31,YESBANK.NS
2025-09-30,360ONE.NS
2025-09-30,3MINDIA.NS
2025-09-30,ABBOTINDIA.NS
2025-09-30,ABCAPITAL.NS
2025-09-30,ACC.NS
2025-09-30,AIAENG.NS
2025-09-30,AIIL.NS
2025-09-30,AJANTPHARM.NS
2025-09-30,ALKEM.NS
2025-09-30,APARINDS.NS
2025-09-30,APLAPOLLO.NS
2025-09-30,ASHOKLEY.NS
2025-09-30,ASTRAL.NS
2025-09-30,ATGL.NS
2025-09-30,AUBANK.NS
2025-09-30,AUROPHARMA.NS
2025-09-30,AWL.NS
2025-09-30,BALKRISIND.NS
2025-09-30,BANKINDIA.NS
2025-09-30,BDL.NS
2025-09-30,BERGEPAINT.NS
2025-09-30,BHARATFORG.NS
2025-09-30,BHARTIHEXA.NS
2025-09-30,BHEL.NS
2025-09-30,BIOCON.NS
2025-09-30,BLUESTARCO.NS
2025-09-30,BSE.NS
2025-09-30,CDSL.NS
2025-09-30,CENTRALBK.NS
2025-09-30,CHOLAHLDNG.NS
2025-09-30,COCHINSHIP.NS
2025-09-30,COFORGE.NS
2025-09-30,COLPAL.NS
2025-09-30,CONCOR.NS
2025-09-30,COROMANDEL.NS
2025-09-30,CRISIL.NS
2025-09-30,CUMMINSIND.NS
2025-09-30,DABUR.NS
2025-09-30,DALBHARAT.NS
2025-09-30,DIXON.NS
2025-09-30,ENDURANCE.NS
2025-09-30,ESCORTS.NS
2025-09-30,EXIDEIND.NS
2025-09-30,FACT.NS
2025-09-30,FEDERALBNK.NS
2025-09-30,FLUOROCHEM.NS
2025-09-30,FORTIS.NS
2025-09-30,GICRE.NS
2025-09-30,GILLETTE.NS
2025-09-30,GLAXO.NS
2025-09-30,GLENMARK.NS
2025-09-30,GMRAIRPORT.NS
2025-09-30,GODFRYPHLP.NS
2025-09-30,GODIGIT.NS
2025-09-30,GODREJIND.NS
2025-09-30,GODREJPROP.NS
2025-09-30,GUJGASLTD.NS
2025-09-30,GVT&D.NS
2025-09-30,HDFCAMC.NS
2025-09-30,HEROMOTOCO.NS
2025-09-30,HINDPETRO.NS
2025-09-30,HONAUT.NS
2025-09-30,HUDCO.NS
2025-09-30,ICICIGI.NS
2025-09-30,ICICIPRULI.NS
2025-09-30,IDEA.NS
2025-09-30,IDFCFIRSTB.NS
2025-09-30,INDIANB.NS
2025-09-30,INDUSINDBK.NS
2025-09-30,IOB.NS
2025-09-30,IPCALAB.NS
2025-09-30,IRCTC.NS
2025-09-30,IREDA.NS
2025-09-30,JKCEMENT.NS
2025-09-30,JSL.NS
2025-09-30,JSWENERGY.NS
2025-09-30,JSWINFRA.NS
2025-09-30,JUBLFOOD.NS
2025-09-30,KALYANKJIL.NS
2025-09-30,KAYNES.NS
2025-09-30,KEI.NS
2025-09-30,KPITTECH.NS
2025-09-30,KPRMILL.NS
2025-09-30,LAURUSLABS.NS
2025-09-30,LICHSGFIN.NS
2025-09-30,LINDEINDIA.NS
2025-09-30,LLOYDSME.NS
2025-09-30,LTF.NS
2025-09-30,LTTS.NS
2025-09-30,LUPIN.NS
2025-09-30,M&MFIN.NS
2025-09-30,MAHABANK.NS
2025-09-30,MARICO.NS
2025-09-30,MCX.NS
2025-09-30,MEDANTA.NS
2025-09-30,MFSL.NS
2025-09-30,MOTILALOFS.NS
2025-09-30,MPHASIS.NS
2025-09-30,MRF.NS
2025-09-30,NAM-INDIA.NS
2025-09-30,NATIONALUM.NS
2025-09-30,NAUKRI.NS
2025-09-30,NH.NS
2025-09-30,NHPC.NS
2025-09-30,NIACL.NS
2025-09-30,NLCINDIA.NS
2025-09-30,NMDC.NS
2025-09-30,NTPCGREEN.NS
2025-09-30,NYKAA.NS
2025-09-30,OBEROIRLTY.NS
2025-09-30,OFSS.NS
2025-09-30,OIL.NS
2025-09-30,PAGEIND.NS
2025-09-30,PATANJALI.NS
2025-09-30,PAYTM.NS
2025-09-30,PERSISTENT.NS
2025-09-30,PETRONET.NS
2025-09-30,PHOENIXLTD.NS
2025-09-30,PIIND.NS
2025-09-30,POLICYBZR.NS
2025-09-30,POLYCAB.NS
2025-09-30,POONAWALLA.NS
2025-09-30,POWERINDIA.NS
2025-09-30,PREMIERENE.NS
2025-09-30,PRESTIGE.NS
2025-09-30,RADICO.NS
2025-09-30,RVNL.NS
2025-09-30,SAIL.NS
2025-09-30,SBICARD.NS
2025-09-30,SCHAEFFLER.NS
2025-09-30,SJVN.NS
2025-09-30,SRF.NS
2025-09-30,SUNDARMFIN.NS
2025-09-30,SUPREMEIND.NS
2025-09-30,SUZLON.NS
2025-09-30,SWIGGY.NS
2025-09-30,TATACOMM.NS
2025-09-30,TATAELXSI.NS
2025-09-30,THERMAX.NS
2025-09-30,TIINDIA.NS
2025-09-30,TORNTPOWER.NS
2025-09-30,UBL.NS
2025-09-30,UCOBANK.NS
2025-09-30,UNOMINDA.NS
2025-09-30,UPL.NS
2025-09-30,VMM.NS
2025-09-30,VOLTAS.NS
2025-09-30,WAAREEENER.NS
2025-09-30,YESBANK.NS
2025-09-30,ZYDUSLIFE.NS
2026-03-31,360ONE.NS
2026-03-31,3MINDIA.NS
2026-03-31,ABBOTINDIA.NS
2026-03-31,ABCAPITAL.NS
2026-03-31,ACC.NS
2026-03-31,AIAENG.NS
2026-03-31,AIIL.NS
2026-03-31,AJANTPHARM.NS
2026-03-31,ALKEM.NS
2026-03-31,APARINDS.NS
2026-03-31,APLAPOLLO.NS
2026-03-31,ASTERDM.NS
2026-03-31,ASTRAL.NS
2026-03-31,ATGL.NS
2026-03-31,AUBANK.NS
2026-03-31,AUROPHARMA.NS
2026-03-31,BAJAJHFL.NS
2026-03-31,BALKRISIND.NS
2026-03-31,BANKINDIA.NS
2026-03-31,BDL.NS
2026-03-31,BERGEPAINT.NS
2026-03-31,BHARATFORG.NS
2026-03-31,BHARTIHEXA.NS
2026-03-31,BHEL.NS
2026-03-31,BIOCON.NS
2026-03-31,BLUESTARCO.NS
2026-03-31,CENTRALBK.NS
2026-03-31,CHOLAHLDNG.NS
2026-03-31,COCHINSHIP.NS
2026-03-31,COFORGE.NS
2026-03-31,COLPAL.NS
2026-03-31,CONCOR.NS
2026-03-31,COROMANDEL.NS
2026-03-31,CRISIL.NS
2026-03-31,DABUR.NS
2026-03-31,DALBHARAT.NS
2026-03-31,DELHIVERY.NS
2026-03-31,DIXON.NS
2026-03-31,ENDURANCE.NS
2026-03-31,ESCORTS.NS
2026-03-31,FACT.NS
2026-03-31,FEDERALBNK.NS
2026-03-31,FLUOROCHEM.NS
2026-03-31,FORTIS.NS
2026-03-31,GICRE.NS
2026-03-31,GLAXO.NS
2026-03-31,GLENMARK.NS
2026-03-31,GODFRYPHLP.NS
2026-03-31,GODIGIT.NS
2026-03-31,GODREJIND.NS
2026-03-31,GODREJPROP.NS
2026-03-31,GUJGASLTD.NS
2026-03-31,GVT&D.NS
2026-03-31,HAVELLS.NS
2026-03-31,HEXT.NS
2026-03-31,HINDCOPPER.NS
2026-03-31,HINDPETRO.NS
2026-03-31,HUDCO.NS
2026-03-31,ICICIGI.NS
2026-03-31,ICICIPRULI.NS
2026-03-31,IDEA.NS
2026-03-31,IDFCFIRSTB.NS
2026-03-31,INDHOTEL.NS
2026-03-31,INDUSINDBK.NS
2026-03-31,IOB.NS
2026-03-31,IPCALAB.NS
2026-03-31,IRCTC.NS
2026-03-31,IREDA.NS
2026-03-31,ITCHOTELS.NS
2026-03-31,JKCEMENT.NS
2026-03-31,JSL.NS
2026-03-31,JSWENERGY.NS
2026-03-31,JSWINFRA.NS
2026-03-31,JUBLFOOD.NS
2026-03-31,KALYANKJIL.NS
2026-03-31,KEI.NS
2026-03-31,KPRMILL.NS
2026-03-31,LAURUSLABS.NS
2026-03-31,LINDEINDIA.NS
2026-03-31,LLOYDSME.NS
2026-03-31,LTF.NS
2026-03-31,LTTS.NS
2026-03-31,LUPIN.NS
2026-03-31,M&MFIN.NS
2026-03-31,MAHABANK.NS
2026-03-31,MANKIND.NS
2026-03-31,MARICO.NS
2026-03-31,MAZDOCK.NS
2026-03-31,MCX.NS
2026-03-31,MEDANTA.NS
2026-03-31,MFSL.NS
2026-03-31,MOTILALOFS.NS
2026-03-31,MPHASIS.NS
2026-03-31,MRF.NS
2026-03-31,NAM-INDIA.NS
2026-03-31,NATIONALUM.NS
2026-03-31,NAUKRI.NS
2026-03-31,NAVINFLUOR.NS
2026-03-31,NH.NS
2026-03-31,NHPC.NS
2026-03-31,NLCINDIA.NS
2026-03-31,NMDC.NS
2026-03-31,NTPCGREEN.NS
2026-03-31,NYKAA.NS
2026-03-31,OBEROIRLTY.NS
2026-03-31,OFSS.NS
2026-03-31,OIL.NS
2026-03-31,PAGEIND.NS
2026-03-31,PATANJALI.NS
2026-03-31,PAYTM.NS
2026-03-31,PERSISTENT.NS
2026-03-31,PETRONET.NS
2026-03-31,PGHH.NS
2026-03-31,PHOENIXLTD.NS
2026-03-31,PIIND.NS
2026-03-31,POLICYBZR.NS
2026-03-31,POONAWALLA.NS
2026-03-31,POWERINDIA.NS
2026-03-31,PREMIERENE.NS
2026-03-31,PRESTIGE.NS
2026-03-31,RADICO.NS
2026-03-31,RECLTD.NS
2026-03-31,RVNL.NS
2026-03-31,SAIL.NS
2026-03-31,SBICARD.NS
2026-03-31,SCHAEFFLER.NS
2026-03-31,SHREECEM.NS
2026-03-31,SONACOMS.NS
2026-03-31,SRF.NS
2026-03-31,SUNDARMFIN.NS
2026-03-31,SUPREMEIND.NS
2026-03-31,SUZLON.NS
2026-03-31,SWIGGY.NS
2026-03-31,TATACOMM.NS
2026-03-31,TATAELXSI.NS
2026-03-31,TATAINVEST.NS
2026-03-31,THERMAX.NS
2026-03-31,TIINDIA.NS
2026-03-31,TORNTPOWER.NS
2026-03-31,TRENT.NS
2026-03-31,UBL.NS
2026-03-31,UCOBANK.NS
2026-03-31,UNITDSPR.NS
2026-03-31,UNOMINDA.NS
2026-03-31,UPL.NS
2026-03-31,VMM.NS
2026-03-31,VOLTAS.NS
2026-03-31,WAAREEENER.NS
2026-03-31,YESBANK.NS
2026-03-31,ZYDUSLIFE.NS
