market,strategy,years,hold,variant,Starting Capital,Final Equity,Total Return,Invested Return,CAGR,Volatility (ann.),Sharpe,Sortino,Calmar,Probabilistic Sharpe,Deflated Sharpe,Max Drawdown,Hit Rate,Alpha (ann.),Beta,Avg Exposure,Benchmark Return,Trades,Unique Tickers,Median Trade Return,Avg Trade Return,Best Trade,Worst Trade,Profit Factor,Expectancy,Winning Trades,Losing Trades,Regime Bull Trades,Regime Bull Win Rate,Regime Bull Avg Return,Regime Bear Trades,Regime Bear Win Rate,Regime Bear Avg Return,Total Fees,Fee Stt,Fee Stamp Duty,Fee Exchange Txn,Fee Sebi,Fee Gst,Fee Ipft,Fees Pct Capital,Fees Pct Net Pnl,Regime Pullback Trades,Regime Pullback Win Rate,Regime Pullback Avg Return,Fee Commission,sharpe
india,cmf_flow_factor,1,63,base,"100,000.00","101,054.62",+1.05%,+0.28%,+1.07%,+18.98%,+0.151,+0.213,+0.042,+55.95%,+55.95%,-25.63%,+42.50%,+2.87%,+1.006,+99.60%,-0.82%,40,37,-1.49%,+0.87%,+39.67%,-37.89%,+1.045,+0.87%,17,22,30,+30.00%,-2.88%,10,+80.00%,+12.13%,845.69,760.49,56.89,22.59,0.76,4.20,0.76,+0.85%,+80.19%,,,,,0.151
india,deep_value,1,126,base,"100,000.00","106,955.86",+6.96%,+23.19%,+7.04%,+5.68%,+1.226,+2.028,+1.794,+89.29%,+89.29%,-3.92%,+66.67%,+7.21%,+0.050,+12.36%,-0.82%,3,2,+29.87%,+23.19%,+46.74%,-7.05%,+10.870,+23.19%,2,1,1,+100.00%,+29.87%,2,+50.00%,+19.85%,73.95,66.96,4.49,1.99,0.07,0.37,0.07,+0.07%,+1.06%,,,,,1.226
india,delivery_accumulation,1,63,base,"100,000.00","119,670.16",+19.67%,+1.94%,+19.93%,+18.67%,+1.067,+1.599,+1.808,+85.61%,+85.61%,-11.03%,+47.06%,+21.99%,+0.843,+99.60%,-0.82%,51,39,-0.67%,+1.93%,+54.54%,-58.97%,+1.403,+1.93%,24,27,30,+53.33%,+3.09%,19,+42.11%,+1.22%,"1,133.11","1,019.51",75.64,30.28,1.02,5.63,1.02,+1.13%,+11.54%,2,+0.00%,-8.76%,,1.067
india,garp,1,126,base,"100,000.00","101,257.16",+1.26%,+1.14%,+1.27%,+12.77%,+0.164,+0.209,+0.116,+56.35%,+56.35%,-11.00%,+72.73%,+2.10%,+0.419,+36.12%,-0.82%,11,11,+9.84%,+1.14%,+21.01%,-59.28%,+1.134,+1.14%,8,3,2,+0.00%,-17.14%,9,+88.89%,+5.21%,245.96,221.24,16.48,6.57,0.22,1.22,0.22,+0.25%,+19.56%,,,,,0.164
india,keltner_squeeze_breakout,1,250,base,"100,000.00","97,774.32",-2.23%,-0.14%,-2.25%,+18.89%,-0.026,-0.034,-0.098,+48.99%,+48.99%,-22.88%,+33.33%,-0.51%,+0.768,+98.28%,-0.82%,165,130,-3.00%,-0.09%,+59.11%,-15.75%,+0.961,-0.09%,55,110,82,+35.37%,+0.88%,67,+37.31%,+0.22%,"3,446.46","3,098.79",232.32,92.03,3.10,17.12,3.10,+3.45%,-154.85%,16,+6.25%,-6.33%,,-0.026
india,momentum_quality_pe60,1,63,base,"100,000.00","106,118.31",+6.12%,+2.92%,+6.19%,+12.44%,+0.546,+0.698,+0.548,+69.59%,+69.59%,-11.31%,+71.43%,+7.02%,+0.352,+48.08%,-0.82%,21,16,+5.93%,+2.93%,+29.08%,-58.96%,+1.532,+2.93%,15,6,7,+42.86%,-0.39%,14,+85.71%,+4.59%,472.80,425.54,31.42,12.64,0.43,2.35,0.43,+0.47%,+7.73%,,,,,0.546
india,nifty_momentum,1,126,base,"100,000.00","94,122.80",-5.88%,-2.96%,-5.95%,+23.15%,-0.149,-0.208,-0.299,+44.13%,+44.13%,-19.86%,+35.00%,-3.44%,+1.352,+98.80%,-0.82%,20,20,-3.07%,-2.95%,+28.48%,-40.13%,+0.638,-2.95%,7,13,20,+35.00%,-2.95%,,,,436.16,391.78,29.79,11.64,0.39,2.16,0.39,+0.44%,-7.42%,,,,,-0.149
india,nov_apr_trend,1,63,base,"100,000.00","99,566.01",-0.43%,-0.10%,-0.44%,+8.30%,-0.011,-0.015,-0.039,+49.55%,+49.55%,-11.21%,+29.55%,-0.11%,+0.382,+48.40%,-0.82%,44,28,-1.58%,-0.06%,+17.20%,-10.17%,+0.956,-0.06%,13,31,32,+18.75%,-0.82%,6,+50.00%,+3.62%,957.15,860.61,64.51,25.56,0.86,4.76,0.86,+0.96%,-220.55%,6,+66.67%,+0.36%,,-0.011
india,obv_flow_trend,1,63,base,"100,000.00","104,335.03",+4.34%,+0.82%,+4.39%,+21.08%,+0.309,+0.444,+0.200,+62.05%,+62.05%,-21.93%,+46.30%,+6.69%,+1.108,+99.60%,-0.82%,54,48,-0.84%,+0.86%,+49.85%,-39.69%,+1.150,+0.86%,25,29,33,+42.42%,-0.56%,18,+55.56%,+4.10%,"1,181.09","1,062.29",79.26,31.55,1.06,5.87,1.06,+1.18%,+27.25%,3,+33.33%,-2.88%,,0.309
india,pre_holiday_trend,1,10,base,"100,000.00","101,830.70",+1.83%,+0.44%,+1.85%,+2.86%,+0.656,+1.137,+1.160,+75.56%,+75.56%,-1.60%,+54.76%,+1.89%,+0.030,+3.84%,-0.82%,42,36,+0.28%,+0.44%,+8.90%,-4.03%,+1.698,+0.44%,23,19,10,+90.00%,+2.02%,22,+54.55%,+0.37%,936.03,841.77,62.93,25.00,0.84,4.65,0.84,+0.94%,+51.13%,10,+20.00%,-1.01%,,0.656
india,quality_lowbeta,1,126,base,"100,000.00","112,059.57",+12.06%,+6.13%,+12.21%,+12.55%,+0.981,+1.405,+1.300,+83.23%,+83.23%,-9.40%,+55.00%,+13.07%,+0.651,+86.68%,-0.82%,20,15,+3.19%,+6.51%,+44.97%,-17.61%,+2.485,+6.51%,11,9,10,+30.00%,-2.65%,10,+80.00%,+15.67%,450.18,405.60,29.48,12.05,0.41,2.24,0.41,+0.45%,+3.73%,,,,,0.981
india,quality_lowvol,1,126,base,"100,000.00","102,002.43",+2.00%,+1.06%,+2.03%,+12.47%,+0.223,+0.303,+0.135,+58.74%,+58.74%,-14.96%,+50.00%,+2.80%,+0.713,+86.72%,-0.82%,20,16,+0.15%,+3.88%,+66.76%,-35.44%,+1.163,+3.88%,10,10,10,+20.00%,-9.95%,10,+80.00%,+17.71%,423.51,380.94,28.39,11.31,0.38,2.11,0.38,+0.42%,+21.15%,,,,,0.223
india,quality_stability,1,126,base,"100,000.00","118,181.49",+18.18%,+9.25%,+18.42%,+15.52%,+1.167,+1.783,+1.353,+87.78%,+87.78%,-13.62%,+65.00%,+19.81%,+0.810,+86.28%,-0.82%,20,18,+7.17%,+9.47%,+66.76%,-35.44%,+2.930,+9.47%,13,7,10,+40.00%,+2.11%,10,+90.00%,+16.83%,456.20,411.42,29.46,12.22,0.41,2.27,0.41,+0.46%,+2.51%,,,,,1.167
india,quality_value,1,126,base,"100,000.00","120,355.37",+20.36%,+17.91%,+20.62%,+13.08%,+1.500,+2.181,+2.809,+92.26%,+92.26%,-7.34%,+66.67%,+21.64%,+0.430,+46.96%,-0.82%,12,12,+15.42%,+20.14%,+116.41%,-59.28%,+2.651,+20.14%,8,4,2,+0.00%,-31.79%,10,+80.00%,+30.53%,273.89,247.64,17.03,7.35,0.25,1.37,0.25,+0.27%,+1.35%,,,,,1.5
india,seasonal_strong_trend,1,63,base,"100,000.00","112,678.38",+12.68%,+3.35%,+12.84%,+4.97%,+2.458,+4.482,+5.788,+99.47%,+99.47%,-2.22%,+73.68%,+12.97%,+0.118,+33.60%,-0.82%,38,24,+3.40%,+3.34%,+17.20%,-4.59%,+7.652,+3.34%,28,10,14,+64.29%,+2.08%,24,+79.17%,+4.08%,855.28,769.89,56.73,22.87,0.77,4.25,0.77,+0.86%,+6.75%,,,,,2.458
india,tom_window_trend,1,21,base,"100,000.00","105,481.51",+5.48%,+0.40%,+5.55%,+5.24%,+1.056,+1.507,+1.435,+84.11%,+84.11%,-3.87%,+53.68%,+5.69%,+0.046,+20.00%,-0.82%,136,45,+0.21%,+0.40%,+14.30%,-5.70%,+1.447,+0.40%,73,63,52,+51.92%,+0.22%,62,+50.00%,+0.23%,"3,030.29","2,725.10",203.74,80.94,2.73,15.06,2.73,+3.03%,+55.28%,22,+68.18%,+1.30%,,1.056
india,value_momentum_harness,1,126,base,"100,000.00","113,849.90",+13.85%,+46.17%,+14.03%,+6.88%,+1.943,+3.343,+3.054,+97.74%,+97.74%,-4.59%,+100.00%,+14.29%,+0.071,+10.48%,-0.82%,3,3,+44.97%,+46.17%,+85.98%,+7.55%,,+46.17%,3,0,,,,3,+100.00%,+46.17%,81.10,73.86,4.49,2.19,0.07,0.41,0.07,+0.08%,+0.59%,,,,,1.943
india,value_rank,1,126,base,"100,000.00","120,618.06",+20.62%,+51.55%,+20.89%,+8.37%,+2.308,+4.157,+4.115,+99.24%,+99.24%,-5.08%,+100.00%,+21.31%,+0.186,+15.16%,-0.82%,4,4,+28.70%,+51.55%,+136.38%,+12.40%,,+51.55%,4,0,,,,4,+100.00%,+51.55%,110.37,100.63,5.99,2.99,0.10,0.56,0.10,+0.11%,+0.54%,,,,,2.308
india,vcp_breakout,1,250,base,"100,000.00","105,452.17",+5.45%,+0.95%,+5.52%,+18.30%,+0.385,+0.538,+0.343,+64.84%,+64.84%,-16.10%,+37.70%,+7.28%,+0.670,+91.92%,-0.82%,61,57,-4.07%,+0.71%,+90.44%,-21.46%,+1.174,+0.71%,23,38,37,+29.73%,-0.61%,24,+50.00%,+2.74%,"1,276.06","1,147.76",85.58,34.09,1.15,6.34,1.15,+1.28%,+23.40%,,,,,0.385
india,vol_expansion_breakout,1,250,base,"100,000.00","97,307.49",-2.69%,-0.52%,-2.72%,+18.13%,-0.061,-0.082,-0.144,+47.57%,+47.57%,-18.94%,+32.76%,-1.13%,+0.593,+95.80%,-0.82%,58,57,-3.19%,+0.29%,+77.96%,-27.55%,+0.916,+0.29%,19,39,34,+26.47%,-2.93%,18,+44.44%,+5.06%,"1,147.48","1,031.59",77.49,30.64,1.03,5.70,1.03,+1.15%,-42.62%,6,+33.33%,+4.23%,,-0.061
india,vol_target_lowvol,1,63,base,"100,000.00","97,610.17",-2.39%,-0.60%,-2.42%,+8.85%,-0.232,-0.311,-0.279,+40.86%,+40.86%,-8.67%,+42.50%,-2.05%,+0.323,+78.04%,-0.82%,40,29,-1.68%,-0.62%,+23.61%,-21.76%,+0.868,-0.62%,17,23,20,+40.00%,-0.10%,20,+45.00%,-1.14%,883.29,794.06,59.67,23.58,0.79,4.39,0.79,+0.88%,-36.96%,,,,,-0.232
india,volume_surge,1,21,base,"100,000.00","121,881.82",+21.88%,+1.84%,+22.17%,+19.35%,+1.132,+1.640,+1.318,+86.70%,+86.70%,-16.82%,+51.67%,+24.44%,+0.928,+99.16%,-0.82%,120,104,+0.67%,+1.92%,+57.59%,-22.40%,+1.523,+1.92%,62,58,63,+36.51%,-1.51%,50,+70.00%,+6.37%,"2,666.75","2,399.32",178.11,71.26,2.40,13.26,2.40,+2.67%,+12.19%,7,+57.14%,+1.00%,,1.132
us,cmf_flow_factor,1,63,base,"100,000.00","137,848.26",+37.85%,+9.46%,+38.20%,+17.81%,+1.906,+3.187,+5.291,+97.42%,+97.42%,-7.22%,+45.00%,+22.42%,+0.678,+99.60%,+21.22%,40,39,-0.86%,+9.46%,+130.43%,-21.10%,+3.026,+9.46%,18,22,40,+45.00%,+9.46%,,,,83.79,,,,,,,+0.08%,+0.22%,,,,83.79,1.906
us,deep_value,1,126,base,"100,000.00","113,626.10",+13.63%,+19.47%,+13.74%,+6.98%,+1.880,+3.081,+3.732,+97.21%,+97.21%,-3.68%,+85.71%,+14.58%,-0.024,+27.25%,+21.22%,7,6,+19.60%,+19.47%,+46.77%,-9.67%,+15.090,+19.47%,6,1,7,+85.71%,+19.47%,,,,15.36,,,,,,,+0.02%,+0.11%,,,,15.36,1.88
us,delivery_accumulation,1,63,base,"100,000.00","155,832.65",+55.83%,+11.02%,+56.39%,+28.38%,+1.719,+2.569,+3.517,+95.51%,+95.51%,-16.03%,+61.90%,+16.51%,+1.656,+99.56%,+21.22%,42,22,+3.21%,+11.04%,+137.40%,-35.73%,+3.075,+11.04%,26,16,42,+61.90%,+11.04%,,,,88.19,,,,,,,+0.09%,+0.19%,,,,88.19,1.719
us,garp,1,126,base,"100,000.00","106,566.21",+6.57%,+3.35%,+6.62%,+16.00%,+0.481,+0.669,+0.722,+68.32%,+68.32%,-9.17%,+50.00%,-9.41%,+0.868,+86.57%,+21.22%,20,19,+1.88%,+2.85%,+72.62%,-44.08%,+1.393,+2.85%,10,10,19,+52.63%,+3.18%,,,,39.82,,,,,,,+0.04%,+0.61%,1,+0.00%,-3.37%,39.82,0.481
us,keltner_squeeze_breakout,1,250,base,"100,000.00","133,209.58",+33.21%,+1.45%,+33.52%,+27.60%,+1.186,+1.791,+2.426,+88.03%,+88.03%,-13.82%,+34.71%,+12.83%,+1.021,+99.08%,+21.22%,170,131,-2.51%,+1.47%,+164.42%,-17.79%,+1.436,+1.47%,59,111,162,+34.57%,+0.67%,,,,321.00,,,,,,,+0.32%,+1.39%,8,+37.50%,+17.69%,321.00,1.186
us,momentum_quality_pe60,1,63,base,"100,000.00","112,309.96",+12.31%,+3.11%,+12.41%,+18.38%,+0.729,+1.069,+1.016,+76.58%,+76.58%,-12.22%,+45.00%,-8.57%,+1.105,+95.14%,+21.22%,40,27,-0.63%,+2.94%,+52.97%,-19.30%,+1.720,+2.94%,18,22,39,+46.15%,+3.17%,,,,80.51,,,,,,,+0.08%,+0.65%,1,+0.00%,-6.12%,80.51,0.729
us,nifty_momentum,1,126,base,"100,000.00","170,823.95",+70.82%,+35.41%,+71.56%,+48.42%,+1.358,+1.984,+2.047,+91.06%,+91.06%,-34.95%,+85.00%,+21.42%,+2.290,+98.76%,+21.22%,20,20,+29.56%,+35.41%,+117.27%,-31.95%,+13.576,+35.41%,17,3,20,+85.00%,+35.41%,,,,47.08,,,,,,,+0.05%,+0.07%,,,,47.08,1.358
us,nov_apr_trend,1,63,base,"100,000.00","106,530.87",+6.53%,+1.95%,+6.58%,+8.59%,+0.785,+1.099,+1.174,+77.90%,+77.90%,-5.61%,+47.06%,+7.23%,-0.012,+49.00%,+21.22%,34,20,-0.29%,+1.99%,+20.90%,-7.89%,+2.404,+1.99%,16,18,33,+45.45%,+1.88%,,,,67.49,,,,,,,+0.07%,+1.03%,1,+100.00%,+5.67%,67.49,0.785
us,obv_flow_trend,1,63,base,"100,000.00","140,751.86",+40.75%,+6.33%,+41.14%,+32.98%,+1.211,+1.701,+1.762,+88.07%,+88.07%,-23.35%,+44.62%,+5.79%,+1.697,+99.60%,+21.22%,65,36,-2.38%,+6.28%,+113.25%,-38.46%,+2.077,+6.28%,29,36,65,+44.62%,+6.28%,,,,132.86,,,,,,,+0.13%,+0.33%,,,,132.86,1.211
us,pre_holiday_trend,1,10,base,"100,000.00","102,536.59",+2.54%,+0.36%,+2.56%,+3.71%,+0.699,+1.337,+1.540,+77.53%,+77.53%,-1.66%,+64.29%,+2.83%,-0.010,+5.58%,+21.22%,70,17,+0.33%,+0.36%,+2.49%,-1.01%,+3.066,+0.36%,45,25,60,+66.67%,+0.42%,,,,140.24,,,,,,,+0.14%,+5.53%,10,+50.00%,+0.05%,140.24,0.699
us,quality_lowbeta,1,126,base,"100,000.00","109,641.27",+9.64%,+4.90%,+9.72%,+14.89%,+0.698,+1.063,+0.802,+75.75%,+75.75%,-12.12%,+65.00%,+5.72%,+0.238,+98.41%,+21.22%,20,16,+8.04%,+4.94%,+47.12%,-32.81%,+1.728,+4.94%,13,7,20,+65.00%,+4.94%,,,,40.32,,,,,,,+0.04%,+0.42%,,,,40.32,0.698
us,quality_lowvol,1,126,base,"100,000.00","105,307.21",+5.31%,+2.72%,+5.35%,+14.63%,+0.429,+0.661,+0.394,+66.62%,+66.62%,-13.58%,+65.00%,+2.10%,+0.208,+98.41%,+21.22%,20,15,+6.35%,+2.79%,+26.71%,-31.17%,+1.473,+2.79%,13,7,20,+65.00%,+2.79%,,,,39.52,,,,,,,+0.04%,+0.74%,,,,39.52,0.429
us,quality_stability,1,126,base,"100,000.00","95,170.07",-4.83%,-2.55%,-4.87%,+15.85%,-0.236,-0.337,-0.255,+40.76%,+40.76%,-19.11%,+50.00%,-13.39%,+0.525,+95.98%,+21.22%,20,19,+0.89%,-2.41%,+26.71%,-45.54%,+0.688,-2.41%,10,9,18,+50.00%,-3.38%,,,,37.43,,,,,,,+0.04%,-0.77%,2,+50.00%,+6.28%,37.43,-0.236
us,quality_value,1,126,base,"100,000.00","108,247.18",+8.25%,+4.12%,+8.32%,+17.27%,+0.549,+0.807,+0.621,+70.77%,+70.77%,-13.39%,+65.00%,-3.77%,+0.658,+89.64%,+21.22%,20,20,+3.23%,+4.12%,+42.71%,-47.40%,+1.839,+4.12%,13,7,18,+66.67%,+4.01%,,,,40.82,,,,,,,+0.04%,+0.50%,2,+50.00%,+5.14%,40.82,0.549
us,seasonal_strong_trend,1,63,base,"100,000.00","95,159.58",-4.84%,-1.17%,-4.88%,+7.82%,-0.601,-0.824,-0.638,+27.56%,+27.56%,-7.64%,+33.33%,-4.27%,-0.017,+33.47%,+21.22%,42,21,-1.26%,-1.18%,+10.54%,-8.29%,+0.381,-1.18%,14,28,32,+28.12%,-1.31%,,,,81.96,,,,,,,+0.08%,-1.69%,10,+50.00%,-0.77%,81.96,-0.601
us,tom_window_trend,1,21,base,"100,000.00","93,654.40",-6.35%,-0.49%,-6.39%,+6.18%,-1.038,-1.390,-0.789,+15.50%,+15.50%,-8.10%,+50.75%,-5.71%,-0.026,+19.28%,+21.22%,134,22,+0.01%,-0.49%,+2.98%,-6.18%,+0.523,-0.49%,68,66,124,+47.58%,-0.63%,,,,259.19,,,,,,,+0.26%,-4.08%,10,+90.00%,+1.32%,259.19,-1.038
us,value_momentum_harness,1,126,base,"100,000.00","130,463.22",+30.46%,+16.03%,+30.74%,+14.10%,+1.972,+3.502,+3.482,+98.04%,+98.04%,-8.83%,+63.16%,+19.64%,+0.488,+60.40%,+21.22%,19,17,+0.96%,+16.03%,+272.73%,-26.85%,+4.770,+16.03%,12,7,19,+63.16%,+16.03%,,,,41.05,,,,,,,+0.04%,+0.13%,,,,41.05,1.972
us,value_rank,1,126,base,"100,000.00","130,819.45",+30.82%,+16.22%,+31.10%,+14.14%,+1.986,+3.449,+3.687,+98.07%,+98.07%,-8.44%,+63.16%,+20.32%,+0.473,+67.53%,+21.22%,19,18,+2.90%,+16.22%,+272.73%,-23.81%,+5.287,+16.22%,12,7,18,+61.11%,+16.45%,,,,41.08,,,,,,,+0.04%,+0.13%,1,+100.00%,+12.04%,41.08,1.986
us,vcp_breakout,1,250,base,"100,000.00","122,642.30",+22.64%,+1.93%,+22.84%,+31.96%,+0.804,+1.146,+1.005,+78.74%,+78.74%,-22.73%,+46.97%,+1.96%,+1.174,+98.21%,+21.22%,66,61,-0.23%,+1.92%,+99.31%,-32.11%,+1.348,+1.92%,31,35,62,+50.00%,+2.64%,,,,132.12,,,,,,,+0.13%,+1.04%,4,+0.00%,-9.26%,132.12,0.804
us,vol_expansion_breakout,1,250,base,"100,000.00","170,899.69",+70.90%,+16.40%,+71.63%,+27.82%,+2.083,+3.071,+6.225,+97.84%,+97.84%,-11.51%,+54.55%,+36.83%,+1.314,+92.51%,+21.22%,44,41,+3.40%,+16.19%,+320.87%,-22.19%,+5.687,+16.19%,24,20,41,+53.66%,+10.91%,,,,93.55,,,,,,,+0.09%,+0.13%,3,+66.67%,+88.42%,93.55,2.083
us,vol_target_lowvol,1,63,base,"100,000.00","104,836.85",+4.84%,+0.97%,+4.88%,+10.28%,+0.515,+0.738,+0.782,+69.51%,+69.51%,-6.23%,+50.00%,+6.84%,-0.066,+90.04%,+21.22%,50,30,+0.03%,+0.97%,+26.01%,-15.82%,+1.509,+0.97%,25,25,50,+50.00%,+0.97%,,,,100.48,,,,,,,+0.10%,+2.08%,,,,100.48,0.515
us,volume_surge,1,21,base,"100,000.00","128,098.57",+28.10%,+2.46%,+28.35%,+18.70%,+1.429,+2.190,+1.888,+92.25%,+92.25%,-15.01%,+55.26%,+9.44%,+0.875,+96.06%,+21.22%,114,97,+1.01%,+2.46%,+112.11%,-32.74%,+1.667,+2.46%,63,51,110,+53.64%,+2.33%,,,,230.81,,,,,,,+0.23%,+0.82%,4,+100.00%,+6.12%,230.81,1.429
india,cmf_flow_factor,2,63,base,"100,000.00","104,979.15",+4.98%,+0.62%,+2.48%,+20.81%,+0.222,+0.316,+0.106,+62.26%,+62.26%,-23.42%,+46.25%,+3.98%,+0.962,+96.38%,-0.24%,80,71,-1.27%,+0.62%,+51.99%,-29.83%,+1.110,+0.62%,37,43,49,+36.73%,-1.31%,20,+65.00%,+4.24%,"1,784.47","1,604.87",119.86,47.66,1.60,8.87,1.60,+1.78%,+35.84%,11,+54.55%,+2.68%,,0.222
india,cmf_flow_factor,3,63,base,"100,000.00","160,487.26",+60.49%,+5.04%,+17.45%,+14.07%,+1.214,+1.744,+0.715,+97.95%,+97.95%,-24.39%,+50.00%,+12.50%,+0.627,+99.45%,+24.97%,120,103,-0.09%,+5.04%,+135.35%,-41.86%,+1.812,+5.04%,60,60,90,+42.22%,+3.30%,30,+73.33%,+10.26%,"2,731.75","2,460.37",179.79,73.07,2.46,13.60,2.46,+2.73%,+4.52%,,,,,1.214
india,cmf_flow_factor,5,63,base,"100,000.00","256,358.14",+156.36%,+7.82%,+21.14%,+12.66%,+1.579,+2.303,+1.505,+99.97%,+99.97%,-14.05%,+59.50%,+16.83%,+0.504,+98.93%,+46.94%,200,149,+3.65%,+7.82%,+171.84%,-49.52%,+2.629,+7.82%,119,81,140,+56.43%,+8.60%,32,+75.00%,+11.58%,"4,610.59","4,156.23",299.64,123.44,4.16,22.97,4.16,+4.61%,+2.95%,28,+57.14%,-0.38%,,1.579
india,deep_value,2,126,base,"100,000.00","104,860.59",+4.86%,+12.15%,+2.43%,+4.69%,+0.534,+0.851,+0.606,+77.62%,+77.62%,-4.01%,+50.00%,+2.50%,+0.055,+8.72%,-0.24%,4,3,+11.41%,+12.15%,+46.74%,-20.95%,+2.736,+12.15%,2,2,2,+50.00%,+4.46%,2,+50.00%,+19.85%,94.01,84.86,5.99,2.52,0.08,0.47,0.08,+0.09%,+1.93%,,,,,0.534
india,deep_value,3,126,base,"100,000.00","147,502.24",+47.50%,+52.78%,+14.13%,+10.06%,+1.364,+2.317,+1.186,+99.28%,+99.28%,-11.92%,+77.78%,+13.31%,+0.145,+14.43%,+24.97%,9,7,+46.74%,+52.78%,+134.60%,-20.95%,+17.965,+52.78%,7,2,7,+85.71%,+62.19%,2,+50.00%,+19.85%,249.49,227.54,13.48,6.76,0.23,1.26,0.23,+0.25%,+0.53%,,,,,1.364
india,deep_value,5,126,base,"100,000.00","165,789.80",+65.79%,+32.89%,+10.85%,+9.55%,+1.126,+1.777,+0.889,+99.45%,+99.45%,-12.21%,+70.00%,+9.11%,+0.231,+19.94%,+46.94%,20,14,+30.86%,+32.89%,+134.60%,-41.20%,+6.311,+32.89%,14,6,15,+66.67%,+37.33%,2,+50.00%,+19.85%,513.13,465.83,29.96,13.84,0.47,2.57,0.47,+0.51%,+0.78%,3,+100.00%,+19.41%,,1.126
india,delivery_accumulation,2,63,base,"100,000.00","99,293.94",-0.71%,-0.08%,-0.36%,+18.14%,+0.071,+0.098,-0.020,+53.99%,+53.99%,-17.66%,+38.54%,+0.50%,+1.077,+99.74%,-0.24%,96,62,-3.31%,+0.32%,+85.34%,-64.87%,+0.988,+0.32%,37,59,54,+27.78%,-2.89%,31,+48.39%,+3.08%,"2,049.70","1,842.98",138.12,54.74,1.84,10.18,1.84,+2.05%,-290.30%,11,+63.64%,+8.28%,,0.071
india,delivery_accumulation,3,63,base,"100,000.00","161,855.31",+61.86%,+4.76%,+17.79%,+15.24%,+1.152,+1.610,+0.983,+97.18%,+97.18%,-18.10%,+51.54%,+10.77%,+0.866,+99.81%,+24.97%,130,60,+0.73%,+4.76%,+78.64%,-29.62%,+2.211,+4.76%,67,63,94,+51.06%,+4.52%,31,+58.06%,+6.76%,"2,954.21","2,660.49",194.68,79.02,2.66,14.70,2.66,+2.95%,+4.78%,5,+20.00%,-3.07%,,1.152
india,delivery_accumulation,5,63,base,"100,000.00","147,316.79",+47.32%,+2.21%,+8.21%,+16.22%,+0.568,+0.783,+0.357,+89.27%,+89.27%,-23.02%,+46.76%,+0.88%,+0.948,+99.90%,+46.94%,216,79,-0.91%,+2.25%,+91.41%,-66.39%,+1.439,+2.25%,101,115,149,+42.95%,+1.64%,40,+67.50%,+5.31%,"4,801.94","4,320.92",320.16,128.33,4.32,23.88,4.32,+4.80%,+10.15%,27,+37.04%,+1.06%,,0.568
india,garp,2,126,base,"100,000.00","112,312.84",+12.31%,+7.24%,+6.04%,+10.87%,+0.594,+0.815,+0.605,+78.93%,+78.93%,-9.97%,+70.59%,+6.37%,+0.382,+33.30%,-0.24%,17,14,+10.17%,+7.24%,+85.23%,-59.28%,+1.998,+7.24%,12,5,5,+40.00%,-3.15%,12,+83.33%,+11.57%,390.89,352.30,25.47,10.46,0.35,1.95,0.35,+0.39%,+3.17%,,,,,0.594
india,garp,3,126,base,"100,000.00","128,695.56",+28.70%,+13.66%,+8.96%,+8.84%,+1.015,+1.406,+1.023,+94.76%,+94.76%,-8.76%,+76.19%,+6.37%,+0.331,+29.29%,+24.97%,21,18,+13.28%,+13.66%,+85.23%,-59.28%,+3.347,+13.66%,16,5,9,+66.67%,+16.45%,12,+83.33%,+11.57%,496.86,448.69,31.46,13.33,0.45,2.48,0.45,+0.50%,+1.73%,,,,,1.015
india,garp,5,126,base,"100,000.00","185,546.11",+85.55%,+21.93%,+13.42%,+8.76%,+1.481,+2.208,+1.075,+99.93%,+99.93%,-12.48%,+76.92%,+10.98%,+0.291,+36.02%,+46.94%,39,31,+13.02%,+21.93%,+280.25%,-59.28%,+5.287,+21.93%,30,9,19,+63.16%,+10.77%,13,+84.62%,+15.69%,956.23,865.58,58.43,25.71,0.87,4.78,0.87,+0.96%,+1.12%,7,+100.00%,+63.84%,,1.481
india,keltner_squeeze_breakout,2,250,base,"100,000.00","79,587.94",-20.41%,-0.77%,-10.89%,+19.58%,-0.490,-0.644,-0.307,+24.35%,+24.35%,-35.49%,+29.36%,-9.68%,+0.777,+97.78%,-0.24%,327,227,-3.00%,-0.58%,+65.35%,-19.52%,+0.807,-0.58%,96,221,167,+29.34%,-0.09%,114,+33.33%,-0.55%,"5,888.74","5,293.58",398.11,157.22,5.29,29.25,5.29,+5.89%,-28.85%,46,+19.57%,-2.47%,,-0.49
india,keltner_squeeze_breakout,3,250,base,"100,000.00","135,164.09",+35.16%,+0.80%,+10.79%,+16.11%,+0.717,+0.973,+0.407,+88.63%,+88.63%,-26.49%,+34.55%,+6.00%,+0.677,+98.18%,+24.97%,440,271,-2.62%,+0.80%,+83.52%,-19.52%,+1.222,+0.80%,152,288,280,+36.43%,+1.96%,114,+35.96%,-0.68%,"9,819.94","8,832.12",659.03,262.31,8.83,48.81,8.83,+9.82%,+27.93%,46,+19.57%,-2.56%,,0.717
india,keltner_squeeze_breakout,5,250,base,"100,000.00","137,847.28",+37.85%,+0.57%,+6.76%,+18.06%,+0.453,+0.624,+0.155,+84.05%,+84.05%,-43.65%,+33.01%,+2.19%,+0.683,+97.34%,+46.94%,727,341,-2.93%,+0.56%,+286.69%,-19.52%,+1.152,+0.56%,240,473,460,+35.22%,+1.28%,163,+31.29%,-0.46%,"14,791.01","13,302.12",993.71,395.07,13.30,73.51,13.30,+14.79%,+39.08%,104,+25.96%,-1.07%,,0.453
india,momentum_quality_pe60,2,63,base,"100,000.00","120,842.13",+20.84%,+5.34%,+10.03%,+11.64%,+0.880,+1.213,+1.001,+88.24%,+88.24%,-10.02%,+69.23%,+10.44%,+0.417,+47.08%,-0.24%,39,26,+5.12%,+5.34%,+62.29%,-58.96%,+2.253,+5.34%,27,12,18,+50.00%,-0.51%,21,+85.71%,+10.36%,889.05,800.81,58.43,23.78,0.80,4.43,0.80,+0.89%,+4.27%,,,,,0.88
india,momentum_quality_pe60,3,63,base,"100,000.00","157,938.99",+57.94%,+10.93%,+16.82%,+8.82%,+1.807,+2.627,+2.158,+99.78%,+99.78%,-7.79%,+69.81%,+13.82%,+0.354,+43.80%,+24.97%,53,34,+8.14%,+10.93%,+96.95%,-58.96%,+3.872,+10.93%,37,16,32,+59.38%,+11.31%,21,+85.71%,+10.36%,"1,238.94","1,117.92",79.41,33.20,1.12,6.18,1.12,+1.24%,+2.14%,,,,,1.807
india,momentum_quality_pe60,5,63,base,"100,000.00","176,149.26",+76.15%,+9.11%,+12.23%,+10.48%,+1.153,+1.653,+0.480,+99.37%,+99.37%,-25.44%,+62.35%,+9.32%,+0.361,+42.79%,+46.94%,85,51,+8.14%,+9.17%,+109.90%,-58.96%,+2.595,+9.17%,53,32,52,+48.08%,+4.01%,22,+86.36%,+11.94%,"1,937.66","1,747.41",125.20,51.90,1.75,9.66,1.75,+1.94%,+2.54%,11,+81.82%,+27.98%,,1.153
india,nifty_momentum,2,126,base,"100,000.00","92,664.84",-7.34%,-1.93%,-3.77%,+26.20%,-0.015,-0.020,-0.125,+49.16%,+49.16%,-30.21%,+52.50%,-1.25%,+1.168,+97.80%,-0.24%,40,35,+1.18%,-1.45%,+71.60%,-61.48%,+0.861,-1.45%,21,18,20,+40.00%,-13.35%,10,+70.00%,+19.80%,839.80,754.62,57.08,22.41,0.75,4.17,0.75,+0.84%,-11.45%,10,+60.00%,+1.09%,,-0.015
india,nifty_momentum,3,126,base,"100,000.00","216,343.37",+116.34%,+19.39%,+30.01%,+17.44%,+1.593,+2.271,+1.770,+99.56%,+99.56%,-16.95%,+71.67%,+24.36%,+0.707,+99.19%,+24.97%,60,48,+14.09%,+19.39%,+177.06%,-41.36%,+4.413,+19.39%,43,17,40,+65.00%,+21.13%,19,+89.47%,+17.27%,"1,455.27","1,316.38",89.89,39.10,1.32,7.27,1.32,+1.46%,+1.25%,1,+0.00%,-9.83%,,1.593
india,nifty_momentum,5,126,base,"100,000.00","238,458.04",+138.46%,+13.89%,+19.37%,+17.34%,+1.109,+1.507,+0.595,+99.13%,+99.13%,-32.54%,+58.00%,+13.59%,+0.737,+99.76%,+46.94%,100,82,+6.34%,+13.98%,+177.77%,-81.96%,+2.296,+13.98%,58,42,60,+53.33%,+12.86%,20,+65.00%,+7.76%,"2,360.03","2,131.40",149.29,63.30,2.13,11.78,2.13,+2.36%,+1.70%,20,+65.00%,+23.58%,,1.109
india,nov_apr_trend,2,63,base,"100,000.00","90,818.89",-9.18%,-1.03%,-4.75%,+9.68%,-0.454,-0.595,-0.326,+25.96%,+25.96%,-14.57%,+28.12%,-4.63%,+0.466,+48.40%,-0.24%,96,41,-2.60%,-0.76%,+23.27%,-12.72%,+0.664,-0.76%,27,69,45,+15.56%,-2.11%,34,+35.29%,+0.69%,"1,979.85","1,779.59",134.01,52.85,1.78,9.83,1.78,+1.98%,-21.56%,17,+47.06%,-0.10%,,-0.454
india,nov_apr_trend,3,63,base,"100,000.00","112,149.72",+12.15%,+0.98%,+3.98%,+8.27%,+0.513,+0.711,+0.331,+80.77%,+80.77%,-12.00%,+33.87%,+1.24%,+0.356,+48.80%,+24.97%,124,47,-1.93%,+0.96%,+73.73%,-12.72%,+1.357,+0.96%,42,82,73,+30.14%,+1.33%,34,+35.29%,+0.69%,"2,759.13","2,481.74",185.01,73.71,2.48,13.71,2.48,+2.76%,+22.71%,17,+47.06%,-0.10%,,0.513
india,nov_apr_trend,5,63,base,"100,000.00","115,697.68",+15.70%,+0.74%,+3.01%,+9.28%,+0.367,+0.494,+0.186,+78.90%,+78.90%,-16.21%,+32.42%,+0.20%,+0.364,+49.04%,+46.94%,219,69,-1.94%,+0.69%,+73.73%,-13.52%,+1.263,+0.69%,71,148,142,+26.06%,+0.38%,36,+33.33%,+0.41%,"4,745.91","4,268.41",318.60,126.77,4.27,23.59,4.27,+4.75%,+30.23%,41,+53.66%,+1.99%,,0.367
india,obv_flow_trend,2,63,base,"100,000.00","85,219.13",-14.78%,-1.59%,-7.76%,+22.48%,-0.247,-0.335,-0.271,+36.42%,+36.42%,-28.66%,+41.90%,-6.18%,+1.127,+99.80%,-0.24%,105,77,-2.76%,-0.97%,+49.80%,-48.62%,+0.780,-0.97%,44,61,64,+37.50%,-2.33%,33,+57.58%,+2.81%,"2,047.00","1,839.59",138.92,54.64,1.84,10.17,1.84,+2.05%,-13.85%,8,+12.50%,-5.67%,,-0.247
india,obv_flow_trend,3,63,base,"100,000.00","169,499.19",+69.50%,+4.58%,+19.66%,+18.16%,+1.080,+1.545,+0.959,+96.49%,+96.49%,-20.49%,+51.32%,+13.20%,+0.853,+99.87%,+24.97%,152,92,+0.35%,+4.60%,+98.38%,-32.85%,+1.923,+4.60%,78,74,105,+50.48%,+5.34%,36,+58.33%,+2.97%,"3,450.21","3,106.99",227.55,92.28,3.11,17.17,3.11,+3.45%,+4.96%,11,+36.36%,+2.77%,,1.08
india,obv_flow_trend,5,63,base,"100,000.00","189,969.84",+89.97%,+3.63%,+13.97%,+17.83%,+0.823,+1.141,+0.560,+96.34%,+96.34%,-24.93%,+50.40%,+6.95%,+0.904,+99.92%,+46.94%,250,112,+0.08%,+3.69%,+139.62%,-63.99%,+1.699,+3.69%,126,124,173,+46.82%,+3.34%,50,+56.00%,+3.45%,"5,599.76","5,041.18",370.92,149.72,5.04,27.86,5.04,+5.60%,+6.22%,27,+62.96%,+6.36%,,0.823
india,pre_holiday_trend,2,10,base,"100,000.00","102,753.94",+2.75%,+0.30%,+1.38%,+3.17%,+0.448,+0.769,+0.581,+74.56%,+74.56%,-2.38%,+52.17%,+1.40%,+0.042,+3.92%,-0.24%,92,47,+0.14%,+0.30%,+8.90%,-4.03%,+1.409,+0.30%,48,44,10,+90.00%,+2.02%,62,+58.06%,+0.53%,"2,038.94","1,833.53",137.16,54.46,1.83,10.13,1.83,+2.04%,+74.04%,20,+15.00%,-1.26%,,0.448
india,pre_holiday_trend,3,10,base,"100,000.00","100,051.72",+0.05%,+0.00%,+0.02%,+3.16%,+0.021,+0.033,+0.003,+51.46%,+51.46%,-5.69%,+47.40%,-0.29%,+0.042,+5.34%,+24.97%,192,52,-0.11%,+0.00%,+8.90%,-7.78%,+1.004,+0.00%,91,101,110,+47.27%,-0.06%,62,+58.06%,+0.53%,"4,206.58","3,782.41",283.36,112.34,3.78,20.90,3.78,+4.21%,+8133.25%,20,+15.00%,-1.26%,,0.021
india,pre_holiday_trend,5,10,base,"100,000.00","95,401.84",-4.60%,-0.17%,-0.95%,+2.97%,-0.309,-0.440,-0.083,+25.11%,+25.11%,-11.50%,+45.55%,-1.18%,+0.031,+4.81%,+46.94%,292,67,-0.26%,-0.16%,+8.90%,-8.00%,+0.808,-0.16%,133,159,180,+44.44%,-0.32%,62,+58.06%,+0.53%,"6,160.16","5,538.69",415.28,164.50,5.54,30.61,5.54,+6.16%,-133.97%,50,+34.00%,-0.44%,,-0.309
india,quality_lowbeta,2,126,base,"100,000.00","111,078.85",+11.08%,+2.93%,+5.45%,+15.16%,+0.426,+0.580,+0.232,+72.39%,+72.39%,-23.45%,+42.50%,+6.13%,+0.692,+93.74%,-0.24%,40,21,-3.57%,+2.63%,+93.86%,-38.53%,+1.368,+2.63%,17,23,20,+20.00%,-10.86%,20,+65.00%,+16.12%,853.46,768.15,56.72,22.81,0.77,4.24,0.77,+0.85%,+7.70%,,,,,0.426
india,quality_lowbeta,3,126,base,"100,000.00","184,209.68",+84.21%,+14.03%,+23.09%,+10.84%,+1.972,+3.055,+2.117,+99.96%,+99.96%,-10.91%,+60.00%,+18.73%,+0.496,+96.37%,+24.97%,60,25,+10.06%,+14.03%,+92.63%,-23.35%,+4.130,+14.03%,36,24,40,+57.50%,+12.61%,14,+64.29%,+11.68%,"1,421.91","1,284.21",89.89,38.14,1.28,7.10,1.28,+1.42%,+1.69%,6,+66.67%,+29.06%,,1.972
india,quality_lowbeta,5,126,base,"100,000.00","247,813.82",+147.81%,+14.78%,+20.31%,+12.35%,+1.559,+2.269,+1.182,+99.96%,+99.96%,-17.18%,+69.00%,+15.69%,+0.532,+97.79%,+46.94%,100,46,+6.10%,+14.78%,+140.25%,-34.07%,+4.943,+14.78%,69,31,62,+64.52%,+13.88%,12,+91.67%,+14.97%,"2,377.60","2,147.82",149.82,63.79,2.15,11.87,2.15,+2.38%,+1.61%,26,+69.23%,+16.85%,,1.559
india,quality_lowvol,2,126,base,"100,000.00","90,872.20",-9.13%,-2.56%,-4.72%,+15.23%,-0.241,-0.312,-0.219,+36.67%,+36.67%,-21.57%,+40.00%,-4.12%,+0.732,+93.76%,-0.24%,40,24,-3.08%,-0.94%,+93.86%,-65.15%,+0.748,-0.94%,16,23,20,+20.00%,-12.10%,20,+60.00%,+10.21%,783.91,704.25,53.44,20.92,0.70,3.89,0.70,+0.78%,-8.59%,,,,,-0.241
india,quality_lowvol,3,126,base,"100,000.00","151,558.40",+51.56%,+8.59%,+15.19%,+11.54%,+1.283,+1.838,+0.989,+98.43%,+98.43%,-15.36%,+58.33%,+10.36%,+0.585,+96.39%,+24.97%,60,28,+7.32%,+8.59%,+74.93%,-27.80%,+2.768,+8.59%,35,25,40,+55.00%,+7.06%,14,+71.43%,+10.44%,"1,388.01","1,251.52",89.89,37.17,1.25,6.92,1.25,+1.39%,+2.69%,6,+50.00%,+14.48%,,1.283
india,quality_lowvol,5,126,base,"100,000.00","164,041.43",+64.04%,+6.41%,+10.61%,+12.45%,+0.873,+1.210,+0.603,+97.12%,+97.12%,-17.60%,+63.00%,+5.58%,+0.617,+97.79%,+46.94%,100,40,+5.06%,+6.47%,+80.31%,-34.07%,+2.319,+6.47%,63,37,62,+62.90%,+6.89%,12,+75.00%,+8.91%,"2,288.00","2,061.61",149.65,61.23,2.06,11.39,2.06,+2.29%,+3.57%,26,+57.69%,+4.34%,,0.873
india,quality_stability,2,126,base,"100,000.00","109,228.25",+9.23%,+2.65%,+4.56%,+18.58%,+0.333,+0.462,+0.157,+67.96%,+67.96%,-29.05%,+47.37%,+5.71%,+0.856,+88.32%,-0.24%,38,31,-1.65%,+3.19%,+64.66%,-38.53%,+1.352,+3.19%,18,20,20,+20.00%,-7.88%,18,+77.78%,+15.50%,783.66,705.26,52.14,20.95,0.71,3.90,0.71,+0.78%,+8.49%,,,,,0.333
india,quality_stability,3,126,base,"100,000.00","184,234.61",+84.23%,+14.78%,+23.10%,+14.31%,+1.524,+2.195,+1.539,+99.31%,+99.31%,-15.00%,+64.91%,+17.23%,+0.700,+91.35%,+24.97%,57,40,+9.31%,+14.78%,+112.96%,-35.44%,+4.978,+14.78%,37,20,40,+62.50%,+14.48%,13,+61.54%,+11.27%,"1,355.21","1,224.24",85.40,36.36,1.22,6.77,1.22,+1.36%,+1.61%,4,+100.00%,+29.18%,,1.524
india,quality_stability,5,126,base,"100,000.00","226,211.81",+126.21%,+13.57%,+18.09%,+14.08%,+1.252,+1.766,+1.219,+99.63%,+99.63%,-14.84%,+64.52%,+12.60%,+0.654,+91.35%,+46.94%,93,54,+7.31%,+13.57%,+172.87%,-35.44%,+3.519,+13.57%,60,33,59,+61.02%,+12.41%,14,+64.29%,+11.24%,"2,199.48","1,986.21",139.33,58.99,1.99,10.98,1.99,+2.20%,+1.74%,20,+75.00%,+18.64%,,1.252
india,quality_value,2,126,base,"100,000.00","137,455.61",+37.46%,+17.03%,+17.43%,+14.46%,+1.183,+1.716,+1.143,+95.01%,+95.01%,-15.24%,+59.09%,+18.19%,+0.542,+48.88%,-0.24%,22,20,+15.38%,+17.03%,+116.41%,-59.28%,+2.909,+17.03%,13,9,7,+14.29%,-16.86%,14,+78.57%,+31.29%,528.20,477.46,32.96,14.18,0.48,2.64,0.48,+0.53%,+1.41%,1,+100.00%,+54.44%,,1.183
india,quality_value,3,126,base,"100,000.00","217,051.40",+117.05%,+30.80%,+30.15%,+14.12%,+1.938,+2.885,+2.808,+99.92%,+99.92%,-10.74%,+73.68%,+25.75%,+0.526,+60.32%,+24.97%,38,29,+30.16%,+30.80%,+116.41%,-59.28%,+6.464,+30.80%,28,10,23,+69.57%,+29.70%,13,+84.62%,+33.72%,966.70,877.12,56.93,26.05,0.88,4.85,0.88,+0.97%,+0.83%,2,+50.00%,+24.58%,,1.938
india,quality_value,5,126,base,"100,000.00","274,194.11",+174.19%,+24.19%,+22.81%,+14.60%,+1.481,+2.089,+1.181,+99.91%,+99.91%,-19.32%,+70.83%,+17.75%,+0.600,+71.03%,+46.94%,72,48,+19.38%,+24.19%,+142.05%,-59.28%,+4.899,+24.19%,51,21,45,+66.67%,+21.52%,13,+84.62%,+33.72%,"1,782.23","1,614.27",107.87,47.94,1.61,8.92,1.61,+1.78%,+1.02%,14,+71.43%,+23.93%,,1.481
india,seasonal_strong_trend,2,63,base,"100,000.00","110,851.41",+10.85%,+1.35%,+5.34%,+6.87%,+0.792,+1.162,+0.828,+86.39%,+86.39%,-6.45%,+59.76%,+5.41%,+0.231,+33.20%,-0.24%,82,39,+1.55%,+1.38%,+17.20%,-11.94%,+2.004,+1.38%,49,33,39,+46.15%,-0.46%,38,+71.05%,+2.98%,"1,802.48","1,621.46",120.66,48.16,1.62,8.96,1.62,+1.80%,+16.61%,5,+80.00%,+3.57%,,0.792
india,seasonal_strong_trend,3,63,base,"100,000.00","126,936.29",+26.94%,+2.29%,+8.45%,+5.91%,+1.402,+2.169,+1.460,+99.08%,+99.08%,-5.79%,+60.17%,+7.06%,+0.173,+33.42%,+24.97%,118,43,+1.75%,+2.29%,+37.44%,-12.39%,+2.710,+2.29%,71,47,75,+53.33%,+1.85%,38,+71.05%,+2.98%,"2,645.92","2,380.94",176.35,70.71,2.38,13.16,2.38,+2.65%,+9.82%,5,+80.00%,+3.57%,,1.402
india,seasonal_strong_trend,5,63,base,"100,000.00","152,932.27",+52.93%,+2.69%,+9.04%,+6.52%,+1.361,+2.000,+1.036,+99.79%,+99.79%,-8.73%,+59.09%,+7.72%,+0.162,+33.28%,+46.94%,198,65,+1.84%,+2.70%,+49.07%,-14.56%,+2.881,+2.70%,117,81,139,+53.24%,+2.49%,52,+73.08%,+3.32%,"4,430.38","3,987.21",294.74,118.42,3.99,22.03,3.99,+4.43%,+8.37%,7,+71.43%,+2.24%,,1.361
india,tom_window_trend,2,21,base,"100,000.00","100,014.29",+0.01%,+0.00%,+0.01%,+5.03%,+0.027,+0.035,+0.001,+51.49%,+51.49%,-5.74%,+49.43%,+0.07%,+0.082,+19.70%,-0.24%,265,57,-0.01%,-0.00%,+14.30%,-8.07%,+1.001,-0.00%,131,134,115,+45.22%,-0.27%,96,+54.17%,+0.25%,"5,737.95","5,159.37",386.52,153.23,5.16,28.51,5.16,+5.74%,+40144.74%,54,+50.00%,+0.14%,,0.027
india,tom_window_trend,3,21,base,"100,000.00","96,394.56",-3.61%,-0.10%,-1.24%,+5.29%,-0.210,-0.276,-0.100,+35.88%,+35.88%,-12.41%,+47.83%,-2.11%,+0.121,+19.77%,+24.97%,391,62,-0.09%,-0.09%,+14.30%,-8.89%,+0.916,-0.09%,187,204,241,+44.81%,-0.28%,96,+54.17%,+0.25%,"8,328.97","7,488.88",561.31,222.42,7.49,41.38,7.49,+8.33%,-231.01%,54,+50.00%,+0.14%,,-0.21
india,tom_window_trend,5,21,base,"100,000.00","88,080.87",-11.92%,-0.20%,-2.55%,+5.34%,-0.457,-0.600,-0.142,+15.31%,+15.31%,-17.95%,+45.13%,-3.29%,+0.103,+19.64%,+46.94%,647,81,-0.23%,-0.13%,+23.13%,-9.13%,+0.836,-0.13%,292,342,395,+45.57%,-0.05%,132,+46.97%,-0.09%,"13,154.46","11,827.23",886.95,351.27,11.83,65.36,11.83,+13.15%,-110.36%,120,+41.67%,-0.44%,,-0.457
india,value_momentum_harness,2,126,base,"100,000.00","132,977.17",+32.98%,+32.98%,+15.48%,+9.10%,+1.628,+2.563,+2.688,+98.94%,+98.94%,-5.76%,+80.00%,+15.77%,+0.218,+23.02%,-0.24%,10,10,+23.52%,+32.98%,+85.98%,-20.95%,+13.570,+32.98%,8,2,1,+0.00%,-20.95%,7,+100.00%,+45.47%,256.65,233.00,14.98,6.92,0.23,1.29,0.23,+0.26%,+0.78%,2,+50.00%,+16.20%,,1.628
india,value_momentum_harness,3,126,base,"100,000.00","184,769.84",+84.77%,+40.37%,+23.22%,+11.06%,+1.944,+3.026,+2.668,+99.94%,+99.94%,-8.70%,+85.71%,+20.70%,+0.317,+34.34%,+24.97%,21,17,+37.69%,+40.37%,+85.98%,-20.95%,+26.552,+40.37%,18,3,12,+83.33%,+41.41%,7,+100.00%,+45.47%,555.08,504.83,31.46,14.99,0.50,2.79,0.50,+0.56%,+0.65%,2,+50.00%,+16.20%,,1.944
india,value_momentum_harness,5,126,base,"100,000.00","231,456.14",+131.46%,+27.39%,+18.64%,+11.99%,+1.486,+2.173,+1.136,+99.93%,+99.93%,-16.41%,+77.08%,+15.21%,+0.416,+48.28%,+46.94%,48,30,+23.07%,+27.39%,+113.74%,-35.20%,+8.770,+27.39%,37,11,29,+65.52%,+20.70%,10,+100.00%,+33.05%,"1,204.07","1,091.52",71.91,32.42,1.09,6.03,1.09,+1.20%,+0.92%,9,+88.89%,+42.64%,,1.486
india,value_rank,2,126,base,"100,000.00","141,942.53",+41.94%,+38.13%,+19.35%,+10.43%,+1.748,+2.745,+2.915,+99.30%,+99.30%,-6.64%,+90.91%,+19.71%,+0.322,+25.36%,-0.24%,11,11,+22.84%,+38.13%,+136.38%,-20.95%,+21.018,+38.13%,10,1,2,+50.00%,-1.34%,9,+100.00%,+46.90%,288.20,261.97,16.48,7.78,0.26,1.45,0.26,+0.29%,+0.69%,,,,,1.748
india,value_rank,3,126,base,"100,000.00","204,518.03",+104.52%,+45.44%,+27.55%,+11.73%,+2.133,+3.307,+3.078,+99.98%,+99.98%,-8.95%,+91.30%,+24.28%,+0.388,+37.63%,+24.97%,23,18,+37.35%,+45.44%,+136.38%,-20.95%,+38.470,+45.44%,21,2,14,+85.71%,+44.51%,9,+100.00%,+46.90%,620.07,564.59,34.46,16.77,0.56,3.12,0.56,+0.62%,+0.59%,,,,,2.133
india,value_rank,5,126,base,"100,000.00","262,084.80",+162.08%,+31.78%,+21.69%,+12.16%,+1.675,+2.478,+1.291,+99.98%,+99.98%,-16.80%,+82.35%,+17.87%,+0.446,+51.28%,+46.94%,51,32,+23.51%,+31.78%,+136.38%,-35.20%,+11.856,+31.78%,42,9,32,+75.00%,+23.49%,9,+100.00%,+46.90%,"1,302.59","1,182.18",76.41,35.11,1.18,6.53,1.18,+1.30%,+0.80%,10,+90.00%,+44.71%,,1.675
india,vcp_breakout,2,250,base,"100,000.00","101,086.80",+1.09%,+0.11%,+0.55%,+20.91%,+0.131,+0.178,+0.020,+57.29%,+57.29%,-27.97%,+32.46%,+2.13%,+0.853,+89.96%,-0.24%,114,92,-5.17%,-0.10%,+119.66%,-28.89%,+1.017,-0.10%,37,73,65,+27.69%,-0.30%,42,+42.86%,+2.37%,"2,141.95","1,926.04",144.21,57.20,1.93,10.64,1.93,+2.14%,+197.09%,7,+14.29%,-13.16%,,0.131
india,vcp_breakout,3,250,base,"100,000.00","150,387.65",+50.39%,+3.25%,+14.89%,+16.89%,+0.907,+1.247,+0.672,+93.57%,+93.57%,-22.14%,+42.58%,+9.73%,+0.712,+92.32%,+24.97%,155,119,-2.93%,+3.25%,+124.95%,-28.89%,+1.574,+3.25%,66,89,105,+42.86%,+4.91%,42,+47.62%,+2.27%,"3,499.71","3,150.21",232.22,93.56,3.15,17.41,3.15,+3.50%,+6.95%,8,+12.50%,-13.38%,,0.907
india,vcp_breakout,5,250,base,"100,000.00","164,163.50",+64.16%,+2.49%,+10.63%,+16.20%,+0.705,+0.967,+0.349,+93.80%,+93.80%,-30.41%,+35.38%,+5.47%,+0.692,+93.77%,+46.94%,260,183,-4.83%,+2.46%,+176.26%,-28.89%,+1.408,+2.46%,92,168,172,+33.72%,+3.43%,61,+44.26%,+1.69%,"5,808.96","5,227.54",386.82,155.26,5.23,28.89,5.23,+5.81%,+9.05%,27,+25.93%,-2.04%,,0.705
india,vol_expansion_breakout,2,250,base,"100,000.00","75,277.12",-24.72%,-2.56%,-13.36%,+18.03%,-0.705,-0.905,-0.375,+15.79%,+15.79%,-35.66%,+30.09%,-12.42%,+0.753,+95.28%,-0.24%,113,101,-4.81%,-2.46%,+58.98%,-27.55%,+0.606,-2.46%,34,79,66,+18.18%,-5.00%,34,+47.06%,+1.44%,"2,123.61","1,907.81",144.78,56.66,1.91,10.54,1.91,+2.12%,-8.59%,13,+46.15%,+0.21%,,-0.705
india,vol_expansion_breakout,3,250,base,"100,000.00","119,036.05",+19.04%,+1.29%,+6.11%,+16.57%,+0.441,+0.594,+0.182,+77.26%,+77.26%,-33.57%,+37.84%,+1.53%,+0.684,+96.79%,+24.97%,148,132,-3.05%,+1.34%,+112.22%,-27.55%,+1.217,+1.34%,56,92,99,+35.35%,+1.91%,35,+45.71%,+1.22%,"3,306.03","2,973.95",221.37,88.33,2.97,16.43,2.97,+3.31%,+17.37%,14,+35.71%,-2.43%,,0.441
india,vol_expansion_breakout,5,250,base,"100,000.00","167,857.69",+67.86%,+3.01%,+11.13%,+18.32%,+0.668,+0.889,+0.334,+92.59%,+92.59%,-33.29%,+39.66%,+6.40%,+0.687,+96.13%,+46.94%,237,188,-2.28%,+3.27%,+181.63%,-29.50%,+1.505,+3.27%,94,142,153,+36.60%,+2.56%,50,+44.00%,+0.42%,"5,080.64","4,572.91",337.50,135.82,4.57,25.27,4.57,+5.08%,+7.49%,34,+47.06%,+10.69%,,0.668
india,vol_target_lowvol,2,63,base,"100,000.00","88,597.70",-11.40%,-1.60%,-5.93%,+10.50%,-0.529,-0.701,-0.269,+22.71%,+22.71%,-22.08%,+41.25%,-5.72%,+0.442,+79.82%,-0.24%,80,41,-0.47%,-1.93%,+23.31%,-23.66%,+0.685,-1.93%,33,44,50,+32.00%,-3.38%,30,+56.67%,+0.50%,"1,573.75","1,414.30",106.81,42.00,1.41,7.82,1.41,+1.57%,-13.80%,,,,,-0.529
india,vol_target_lowvol,3,63,base,"100,000.00","120,927.21",+20.93%,+1.74%,+6.68%,+9.34%,+0.739,+1.091,+0.403,+89.89%,+89.89%,-16.57%,+51.67%,+3.88%,+0.365,+79.53%,+24.97%,120,62,+0.34%,+1.74%,+127.29%,-23.66%,+1.445,+1.74%,62,58,90,+50.00%,+2.35%,30,+56.67%,-0.09%,"2,690.67","2,420.77",179.79,71.90,2.42,13.38,2.42,+2.69%,+12.86%,,,,,0.739
india,vol_target_lowvol,5,63,base,"100,000.00","161,474.08",+61.47%,+3.10%,+10.25%,+8.85%,+1.147,+1.677,+0.590,+99.41%,+99.41%,-17.38%,+53.50%,+7.52%,+0.331,+83.61%,+46.94%,200,84,+0.42%,+3.12%,+127.29%,-23.66%,+1.888,+3.12%,107,93,150,+46.67%,+2.33%,40,+67.50%,+3.21%,"4,478.69","4,031.23",297.40,119.73,4.03,22.28,4.03,+4.48%,+7.29%,10,+100.00%,+14.56%,,1.147
india,volume_surge,2,21,base,"100,000.00","89,238.69",-10.76%,-0.50%,-5.59%,+21.59%,-0.158,-0.209,-0.196,+41.20%,+41.20%,-28.52%,+44.78%,-4.06%,+0.991,+99.66%,-0.24%,230,177,-0.98%,-0.46%,+63.53%,-40.68%,+0.898,-0.46%,103,126,120,+37.50%,-2.49%,80,+46.25%,-0.77%,"4,730.21","4,252.51",319.39,126.30,4.25,23.50,4.25,+4.73%,-43.96%,30,+70.00%,+8.46%,,-0.158
india,volume_surge,3,21,base,"100,000.00","161,687.83",+61.69%,+1.81%,+17.75%,+16.21%,+1.090,+1.538,+0.940,+96.60%,+96.60%,-18.89%,+54.41%,+12.76%,+0.668,+99.77%,+24.97%,340,236,+1.17%,+1.81%,+63.53%,-40.68%,+1.485,+1.81%,185,155,230,+55.22%,+1.87%,80,+46.25%,-0.84%,"7,626.06","6,861.25",509.40,203.78,6.86,37.92,6.86,+7.63%,+12.36%,30,+70.00%,+8.46%,,1.09
india,volume_surge,5,21,base,"100,000.00","195,379.84",+95.38%,+1.35%,+14.62%,+18.78%,+0.821,+1.180,+0.584,+96.57%,+96.57%,-25.03%,+52.11%,+9.33%,+0.737,+99.74%,+46.94%,570,283,+0.35%,+1.37%,+54.96%,-70.89%,+1.341,+1.37%,297,272,380,+52.37%,+1.24%,110,+46.36%,+1.18%,"12,559.18","11,297.89",840.72,335.55,11.30,62.43,11.30,+12.56%,+16.58%,80,+58.75%,+2.24%,,0.821
us,cmf_flow_factor,2,63,base,"100,000.00","172,603.41",+72.60%,+9.08%,+31.67%,+19.10%,+1.537,+2.397,+1.955,+98.57%,+98.57%,-16.20%,+57.50%,+15.16%,+0.721,+99.80%,+47.92%,80,74,+2.81%,+9.08%,+152.91%,-37.63%,+3.070,+9.08%,46,34,70,+60.00%,+10.54%,,,,167.26,,,,,,,+0.17%,+0.23%,10,+40.00%,-1.17%,167.26,1.537
us,cmf_flow_factor,3,63,base,"100,000.00","123,813.33",+23.81%,+2.01%,+7.44%,+16.57%,+0.516,+0.734,+0.406,+81.24%,+81.24%,-18.31%,+50.00%,-3.32%,+0.578,+99.87%,+78.49%,120,103,+0.18%,+2.06%,+71.46%,-57.87%,+1.400,+2.06%,60,60,110,+49.09%,+1.46%,,,,239.58,,,,,,,+0.24%,+1.01%,10,+60.00%,+8.75%,239.58,0.516
us,cmf_flow_factor,5,63,base,"100,000.00","212,876.48",+112.88%,+5.65%,+16.42%,+19.37%,+0.882,+1.255,+0.808,+97.41%,+97.41%,-20.34%,+52.50%,+7.38%,+0.720,+99.92%,+84.89%,200,161,+1.16%,+5.63%,+179.88%,-57.73%,+1.983,+5.63%,105,95,150,+50.67%,+6.83%,30,+53.33%,+2.51%,411.10,,,,,,,+0.41%,+0.36%,20,+65.00%,+1.35%,411.10,0.882
us,deep_value,2,126,base,"100,000.00","114,004.63",+14.00%,+17.51%,+6.83%,+5.21%,+1.293,+2.084,+1.861,+96.90%,+96.90%,-3.67%,+75.00%,+5.88%,+0.049,+16.19%,+47.92%,8,7,+17.85%,+17.51%,+46.77%,-9.67%,+10.214,+17.51%,6,2,8,+75.00%,+17.51%,,,,17.40,,,,,,,+0.02%,+0.12%,,,,17.40,1.293
us,deep_value,3,126,base,"100,000.00","126,947.22",+26.95%,+19.25%,+8.35%,+5.02%,+1.622,+2.548,+2.460,+99.76%,+99.76%,-3.39%,+85.71%,+6.98%,+0.067,+20.95%,+78.49%,14,12,+22.48%,+19.25%,+46.77%,-9.67%,+18.729,+19.25%,12,2,14,+85.71%,+19.25%,,,,30.69,,,,,,,+0.03%,+0.11%,,,,30.69,1.622
us,deep_value,5,126,base,"100,000.00","163,010.11",+63.01%,+13.41%,+10.34%,+13.55%,+0.794,+1.129,+0.507,+95.94%,+95.94%,-20.40%,+65.96%,+5.62%,+0.382,+46.00%,+84.89%,47,27,+10.83%,+13.41%,+106.18%,-32.77%,+4.965,+13.41%,31,16,30,+66.67%,+13.03%,11,+54.55%,+6.59%,100.30,,,,,,,+0.10%,+0.16%,6,+83.33%,+27.78%,100.30,0.794
us,delivery_accumulation,2,63,base,"100,000.00","219,328.77",+119.33%,+13.00%,+48.56%,+25.42%,+1.685,+2.510,+1.952,+99.08%,+99.08%,-24.88%,+60.87%,+20.36%,+1.151,+99.78%,+47.92%,92,35,+2.78%,+12.95%,+183.10%,-36.31%,+3.761,+12.95%,56,36,79,+56.96%,+10.67%,3,+66.67%,+7.98%,195.46,,,,,,,+0.20%,+0.16%,10,+90.00%,+32.47%,195.46,1.685
us,delivery_accumulation,3,63,base,"100,000.00","202,661.11",+102.66%,+7.97%,+26.79%,+20.92%,+1.239,+1.826,+1.344,+98.34%,+98.34%,-19.93%,+58.14%,+4.28%,+1.053,+99.85%,+78.49%,129,39,+3.92%,+7.96%,+183.10%,-50.73%,+2.639,+7.96%,75,54,115,+54.78%,+5.77%,1,+100.00%,+20.75%,267.92,,,,,,,+0.27%,+0.26%,13,+84.62%,+26.41%,267.92,1.239
us,delivery_accumulation,5,63,base,"100,000.00","239,548.09",+139.55%,+6.00%,+19.22%,+22.08%,+0.907,+1.313,+0.545,+97.83%,+97.83%,-35.30%,+52.77%,+6.23%,+1.009,+99.92%,+84.89%,235,65,+1.00%,+5.81%,+115.33%,-38.16%,+2.230,+5.81%,124,111,165,+55.76%,+7.33%,58,+41.38%,+1.90%,445.93,,,,,,,+0.45%,+0.34%,12,+66.67%,+3.86%,445.93,0.907
us,garp,2,126,base,"100,000.00","113,564.13",+13.56%,+3.67%,+6.62%,+17.92%,+0.447,+0.658,+0.310,+73.82%,+73.82%,-21.33%,+51.35%,-10.09%,+0.882,+83.13%,+47.92%,37,32,+1.70%,+3.67%,+72.62%,-39.92%,+1.535,+3.67%,19,18,32,+53.12%,+1.85%,3,+66.67%,+29.84%,75.36,,,,,,,+0.08%,+0.56%,2,+0.00%,-6.51%,75.36,0.447
us,garp,3,126,base,"100,000.00","140,086.15",+40.09%,+7.03%,+11.99%,+14.94%,+0.833,+1.221,+0.693,+92.63%,+92.63%,-17.30%,+59.65%,-4.16%,+0.808,+89.28%,+78.49%,57,43,+7.13%,+7.03%,+72.62%,-39.92%,+2.393,+7.03%,34,23,52,+61.54%,+6.24%,3,+66.67%,+29.84%,118.01,,,,,,,+0.12%,+0.29%,2,+0.00%,-6.51%,118.01,0.833
us,garp,5,126,base,"100,000.00","159,369.40",+59.37%,+6.22%,+9.83%,+16.53%,+0.650,+0.949,+0.528,+92.68%,+92.68%,-18.63%,+62.50%,-0.28%,+0.796,+93.04%,+84.89%,96,61,+7.47%,+6.16%,+72.62%,-62.48%,+2.091,+6.16%,60,36,81,+61.73%,+5.12%,13,+76.92%,+14.55%,196.86,,,,,,,+0.20%,+0.33%,2,+0.00%,-6.51%,196.86,0.65
us,keltner_squeeze_breakout,2,250,base,"100,000.00","123,546.65",+23.55%,+0.48%,+11.25%,+25.00%,+0.552,+0.784,+0.398,+78.05%,+78.05%,-28.24%,+32.92%,+0.57%,+0.626,+97.01%,+47.92%,319,200,-1.90%,+0.40%,+164.42%,-33.97%,+1.151,+0.40%,105,206,262,+33.97%,-0.02%,9,+66.67%,+5.97%,557.55,,,,,,,+0.56%,+4.14%,48,+20.83%,+1.63%,557.55,0.552
us,keltner_squeeze_breakout,3,250,base,"100,000.00","136,530.67",+36.53%,+0.62%,+11.03%,+20.10%,+0.621,+0.879,+0.464,+85.66%,+85.66%,-23.77%,+36.40%,+0.15%,+0.597,+97.04%,+78.49%,445,239,-1.77%,+0.58%,+164.42%,-33.97%,+1.214,+0.58%,162,283,382,+36.39%,+0.10%,9,+66.67%,+5.97%,862.47,,,,,,,+0.86%,+3.26%,54,+31.48%,+3.12%,862.47,0.621
us,keltner_squeeze_breakout,5,250,base,"100,000.00","136,853.37",+36.85%,+0.38%,+6.52%,+19.51%,+0.421,+0.590,+0.275,+82.53%,+82.53%,-23.67%,+36.36%,-0.44%,+0.626,+95.86%,+84.89%,737,297,-1.88%,+0.44%,+164.42%,-33.97%,+1.132,+0.44%,268,467,521,+35.70%,+0.11%,126,+34.92%,-0.40%,"1,417.06",,,,,,,+1.42%,+5.29%,90,+42.22%,+3.53%,"1,417.06",0.421
us,momentum_quality_pe60,2,63,base,"100,000.00","122,156.68",+22.16%,+3.04%,+10.61%,+17.39%,+0.667,+1.003,+0.551,+82.86%,+82.86%,-19.25%,+50.68%,-5.89%,+0.836,+89.34%,+47.92%,73,39,+0.10%,+3.04%,+66.05%,-28.74%,+1.742,+3.04%,37,36,60,+48.33%,+2.80%,2,+100.00%,+6.38%,148.22,,,,,,,+0.15%,+0.67%,11,+54.55%,+3.73%,148.22,0.667
us,momentum_quality_pe60,3,63,base,"100,000.00","137,213.80",+37.21%,+3.41%,+11.22%,+15.01%,+0.783,+1.164,+0.671,+91.30%,+91.30%,-16.72%,+53.21%,-4.23%,+0.778,+90.27%,+78.49%,109,54,+2.26%,+3.41%,+66.05%,-28.74%,+1.924,+3.41%,58,51,96,+52.08%,+3.32%,2,+100.00%,+6.38%,221.72,,,,,,,+0.22%,+0.60%,11,+54.55%,+3.72%,221.72,0.783
us,momentum_quality_pe60,5,63,base,"100,000.00","191,094.02",+91.09%,+4.89%,+13.92%,+17.74%,+0.823,+1.239,+0.755,+96.80%,+96.80%,-18.45%,+54.79%,+4.87%,+0.711,+94.44%,+84.89%,188,84,+2.98%,+5.00%,+316.12%,-39.12%,+2.248,+5.00%,103,85,141,+48.94%,+4.47%,32,+75.00%,+6.80%,381.90,,,,,,,+0.38%,+0.42%,15,+66.67%,+6.13%,381.90,0.823
us,nifty_momentum,2,126,base,"100,000.00","210,103.82",+110.10%,+27.53%,+45.38%,+31.55%,+1.345,+1.928,+1.599,+96.92%,+96.92%,-28.38%,+77.50%,+19.57%,+1.163,+99.38%,+47.92%,40,37,+18.54%,+27.53%,+113.39%,-31.74%,+10.446,+27.53%,31,9,40,+77.50%,+27.53%,,,,91.01,,,,,,,+0.09%,+0.08%,,,,91.01,1.345
us,nifty_momentum,3,126,base,"100,000.00","287,390.92",+187.39%,+31.23%,+42.58%,+24.03%,+1.597,+2.320,+1.808,+99.66%,+99.66%,-23.54%,+80.00%,+19.10%,+1.012,+99.59%,+78.49%,60,49,+19.11%,+31.23%,+214.65%,-30.30%,+13.574,+31.23%,48,12,60,+80.00%,+31.23%,,,,138.74,,,,,,,+0.14%,+0.07%,,,,138.74,1.597
us,nifty_momentum,5,126,base,"100,000.00","344,114.72",+244.11%,+24.48%,+28.24%,+22.60%,+1.214,+1.780,+1.317,+99.65%,+99.65%,-21.45%,+68.00%,+17.85%,+0.795,+99.91%,+84.89%,100,88,+10.13%,+24.42%,+391.19%,-36.48%,+7.190,+24.42%,68,32,90,+73.33%,+27.92%,10,+20.00%,-7.07%,223.84,,,,,,,+0.22%,+0.09%,,,,223.84,1.214
us,nov_apr_trend,2,63,base,"100,000.00","114,717.95",+14.72%,+2.28%,+7.17%,+9.49%,+0.777,+1.051,+0.776,+85.33%,+85.33%,-9.23%,+52.31%,+3.79%,+0.173,+48.90%,+47.92%,65,31,+0.90%,+2.27%,+20.90%,-9.00%,+2.611,+2.27%,34,31,58,+48.28%,+1.99%,,,,130.68,,,,,,,+0.13%,+0.89%,7,+85.71%,+4.63%,130.68,0.777
us,nov_apr_trend,3,63,base,"100,000.00","128,972.14",+28.97%,+3.22%,+8.92%,+7.73%,+1.145,+1.595,+1.078,+96.89%,+96.89%,-8.28%,+56.67%,+5.81%,+0.155,+49.13%,+78.49%,90,38,+2.61%,+3.22%,+27.10%,-9.00%,+3.421,+3.22%,51,39,83,+54.22%,+3.10%,,,,182.73,,,,,,,+0.18%,+0.63%,7,+85.71%,+4.63%,182.73,1.145
us,nov_apr_trend,5,63,base,"100,000.00","133,916.46",+33.92%,+1.98%,+6.05%,+8.27%,+0.752,+1.046,+0.442,+94.95%,+94.95%,-13.71%,+46.24%,+4.17%,+0.154,+49.24%,+84.89%,173,59,-0.73%,+2.00%,+27.10%,-12.62%,+2.026,+2.00%,80,93,126,+47.62%,+2.29%,22,+13.64%,-2.14%,345.33,,,,,,,+0.35%,+1.02%,25,+68.00%,+4.17%,345.33,0.752
us,obv_flow_trend,2,63,base,"100,000.00","166,438.37",+66.44%,+5.63%,+29.27%,+26.15%,+1.114,+1.569,+1.147,+93.89%,+93.89%,-25.52%,+48.31%,+6.53%,+1.079,+99.80%,+47.92%,118,54,-0.51%,+5.64%,+113.25%,-48.07%,+1.937,+5.64%,57,61,105,+46.67%,+5.43%,1,+100.00%,+1.48%,242.59,,,,,,,+0.24%,+0.37%,12,+58.33%,+7.81%,242.59,1.114
us,obv_flow_trend,3,63,base,"100,000.00","198,178.09",+98.18%,+5.50%,+25.84%,+21.47%,+1.179,+1.675,+1.459,+97.75%,+97.75%,-17.71%,+51.40%,+4.74%,+1.001,+99.87%,+78.49%,179,62,+0.29%,+5.52%,+118.02%,-43.40%,+2.122,+5.52%,92,87,165,+50.30%,+5.32%,2,+100.00%,+3.80%,366.91,,,,,,,+0.37%,+0.37%,12,+58.33%,+8.52%,366.91,1.179
us,obv_flow_trend,5,63,base,"100,000.00","214,981.14",+114.98%,+3.91%,+16.66%,+21.82%,+0.815,+1.163,+0.441,+96.47%,+96.47%,-37.78%,+46.30%,+4.75%,+0.950,+99.92%,+84.89%,311,99,-0.98%,+3.78%,+118.02%,-43.40%,+1.719,+3.78%,144,166,218,+47.71%,+4.71%,62,+40.32%,+0.04%,599.97,,,,,,,+0.60%,+0.52%,31,+48.39%,+4.74%,599.97,0.815
us,pre_holiday_trend,2,10,base,"100,000.00","104,134.26",+4.13%,+0.32%,+2.06%,+3.08%,+0.679,+1.136,+1.261,+84.13%,+84.13%,-1.64%,+64.62%,+1.98%,+0.006,+5.19%,+47.92%,130,32,+0.37%,+0.32%,+2.49%,-3.17%,+2.364,+0.32%,84,46,100,+68.00%,+0.43%,10,+20.00%,-0.97%,260.41,,,,,,,+0.26%,+6.30%,20,+70.00%,+0.39%,260.41,0.679
us,pre_holiday_trend,3,10,base,"100,000.00","100,983.56",+0.98%,+0.05%,+0.33%,+2.80%,+0.131,+0.197,+0.107,+59.01%,+59.01%,-3.08%,+55.00%,+0.25%,+0.006,+5.33%,+78.49%,200,41,+0.16%,+0.05%,+3.15%,-3.17%,+1.119,+0.05%,110,90,170,+55.29%,+0.07%,10,+20.00%,-0.97%,395.41,,,,,,,+0.40%,+40.20%,20,+70.00%,+0.39%,395.41,0.131
us,pre_holiday_trend,5,10,base,"100,000.00","94,949.33",-5.05%,-0.15%,-1.04%,+3.32%,-0.297,-0.402,-0.102,+25.33%,+25.33%,-10.22%,+47.50%,-1.19%,+0.015,+5.75%,+84.89%,360,56,-0.10%,-0.14%,+5.88%,-3.64%,+0.742,-0.14%,171,189,240,+47.92%,-0.11%,80,+36.25%,-0.44%,684.78,,,,,,,+0.68%,-13.56%,40,+67.50%,+0.32%,684.78,-0.297
us,quality_lowbeta,2,126,base,"100,000.00","108,173.37",+8.17%,+2.06%,+4.04%,+15.30%,+0.335,+0.500,+0.234,+68.22%,+68.22%,-17.23%,+57.50%,-4.34%,+0.453,+99.20%,+47.92%,40,25,+2.22%,+2.17%,+46.03%,-40.28%,+1.347,+2.17%,23,17,40,+57.50%,+2.17%,,,,80.25,,,,,,,+0.08%,+0.98%,,,,80.25,0.335
us,quality_lowbeta,3,126,base,"100,000.00","122,405.92",+22.41%,+3.73%,+7.03%,+12.81%,+0.594,+0.875,+0.391,+84.81%,+84.81%,-17.96%,+60.00%,-2.01%,+0.467,+99.47%,+78.49%,60,31,+2.77%,+3.73%,+41.58%,-37.51%,+1.799,+3.73%,36,24,60,+60.00%,+3.73%,,,,122.24,,,,,,,+0.12%,+0.55%,,,,122.24,0.594
us,quality_lowbeta,5,126,base,"100,000.00","160,718.33",+60.72%,+6.09%,+10.02%,+13.75%,+0.764,+1.105,+0.686,+95.50%,+95.50%,-14.61%,+62.00%,+3.85%,+0.485,+99.84%,+84.89%,100,54,+4.39%,+6.03%,+68.94%,-37.93%,+2.415,+6.03%,62,38,90,+61.11%,+6.26%,10,+70.00%,+3.95%,205.40,,,,,,,+0.21%,+0.34%,,,,205.40,0.764
us,quality_lowvol,2,126,base,"100,000.00","105,021.57",+5.02%,+1.28%,+2.50%,+15.72%,+0.236,+0.346,+0.120,+63.01%,+63.01%,-20.81%,+55.00%,-7.34%,+0.536,+99.20%,+47.92%,40,23,+2.22%,+1.18%,+33.46%,-52.36%,+1.206,+1.18%,22,18,40,+55.00%,+1.18%,,,,79.25,,,,,,,+0.08%,+1.58%,,,,79.25,0.236
us,quality_lowvol,3,126,base,"100,000.00","128,158.37",+28.16%,+4.69%,+8.69%,+12.42%,+0.733,+1.081,+0.623,+89.74%,+89.74%,-13.96%,+66.67%,-1.18%,+0.498,+99.47%,+78.49%,60,28,+3.20%,+4.69%,+41.58%,-28.32%,+2.636,+4.69%,40,20,60,+66.67%,+4.69%,,,,122.82,,,,,,,+0.12%,+0.44%,,,,122.82,0.733
us,quality_lowvol,5,126,base,"100,000.00","145,412.46",+45.41%,+4.56%,+7.83%,+13.76%,+0.616,+0.899,+0.463,+91.53%,+91.53%,-16.89%,+61.00%,+0.21%,+0.597,+99.84%,+84.89%,100,47,+2.60%,+4.53%,+68.94%,-23.52%,+2.310,+4.53%,61,39,90,+63.33%,+4.83%,10,+40.00%,+1.81%,203.77,,,,,,,+0.20%,+0.45%,,,,203.77,0.616
us,quality_stability,2,126,base,"100,000.00","90,935.73",-9.06%,-2.33%,-4.68%,+17.21%,-0.192,-0.277,-0.182,+39.37%,+39.37%,-25.68%,+45.00%,-17.11%,+0.731,+98.14%,+47.92%,40,33,-1.99%,-2.14%,+33.44%,-45.10%,+0.664,-2.14%,18,22,38,+44.74%,-2.58%,,,,76.82,,,,,,,+0.08%,-0.85%,2,+50.00%,+6.28%,76.82,-0.192
us,quality_stability,3,126,base,"100,000.00","117,958.11",+17.96%,+2.99%,+5.71%,+14.22%,+0.461,+0.671,+0.256,+78.76%,+78.76%,-22.28%,+53.33%,-7.35%,+0.687,+98.87%,+78.49%,60,40,+1.54%,+2.99%,+40.82%,-36.70%,+1.607,+2.99%,32,28,58,+53.45%,+2.88%,,,,121.80,,,,,,,+0.12%,+0.68%,2,+50.00%,+6.28%,121.80,0.461
us,quality_stability,5,126,base,"100,000.00","145,570.37",+45.57%,+4.60%,+7.85%,+14.97%,+0.580,+0.849,+0.339,+90.23%,+90.23%,-23.19%,+55.00%,-1.16%,+0.711,+99.55%,+84.89%,100,62,+2.40%,+4.62%,+70.43%,-30.73%,+1.944,+4.62%,55,45,87,+54.02%,+3.74%,10,+70.00%,+13.24%,202.50,,,,,,,+0.20%,+0.44%,3,+33.33%,+1.32%,202.50,0.58
us,quality_value,2,126,base,"100,000.00","126,256.29",+26.26%,+6.85%,+12.47%,+16.21%,+0.806,+1.212,+0.557,+87.49%,+87.49%,-22.39%,+64.10%,-1.43%,+0.687,+89.72%,+47.92%,39,33,+7.13%,+6.96%,+68.13%,-46.16%,+2.415,+6.96%,25,14,34,+58.82%,+2.23%,,,,79.23,,,,,,,+0.08%,+0.30%,5,+100.00%,+39.14%,79.23,0.806
us,quality_value,3,126,base,"100,000.00","157,735.51",+57.74%,+9.79%,+16.55%,+12.64%,+1.275,+1.950,+0.976,+98.67%,+98.67%,-16.95%,+69.49%,+4.53%,+0.566,+93.52%,+78.49%,59,45,+9.51%,+9.79%,+68.13%,-40.81%,+4.074,+9.79%,41,18,53,+66.04%,+6.69%,,,,123.77,,,,,,,+0.12%,+0.21%,6,+100.00%,+37.09%,123.77,1.275
us,quality_value,5,126,base,"100,000.00","183,467.08",+83.47%,+8.47%,+12.99%,+13.84%,+0.952,+1.417,+0.895,+98.34%,+98.34%,-14.52%,+66.67%,+4.59%,+0.627,+96.50%,+84.89%,99,61,+7.73%,+8.37%,+68.13%,-34.77%,+3.562,+8.37%,66,33,83,+62.65%,+5.75%,10,+80.00%,+12.89%,205.38,,,,,,,+0.21%,+0.25%,6,+100.00%,+37.09%,205.38,0.952
us,seasonal_strong_trend,2,63,base,"100,000.00","94,397.12",-5.60%,-0.71%,-2.86%,+8.58%,-0.295,-0.384,-0.203,+33.64%,+33.64%,-14.10%,+39.51%,-5.37%,+0.141,+33.53%,+47.92%,81,31,-1.05%,-0.69%,+10.54%,-8.94%,+0.611,-0.69%,32,49,58,+37.93%,-0.76%,,,,157.37,,,,,,,+0.16%,-2.81%,23,+43.48%,-0.50%,157.37,-0.295
us,seasonal_strong_trend,3,63,base,"100,000.00","103,344.54",+3.34%,+0.29%,+1.11%,+7.31%,+0.188,+0.253,+0.084,+62.58%,+62.58%,-13.24%,+44.44%,-1.17%,+0.124,+33.69%,+78.49%,117,39,-0.49%,+0.29%,+14.17%,-8.94%,+1.173,+0.29%,52,65,94,+44.68%,+0.48%,,,,234.17,,,,,,,+0.23%,+7.00%,23,+43.48%,-0.50%,234.17,0.188
us,seasonal_strong_trend,5,63,base,"100,000.00","113,263.17",+13.26%,+0.66%,+2.54%,+6.89%,+0.399,+0.542,+0.208,+80.87%,+80.87%,-12.19%,+48.51%,+1.34%,+0.102,+33.28%,+84.89%,202,61,-0.23%,+0.66%,+14.17%,-9.71%,+1.432,+0.66%,98,104,136,+49.26%,+1.01%,33,+48.48%,+0.47%,404.75,,,,,,,+0.40%,+3.05%,33,+45.45%,-0.61%,404.75,0.399
us,tom_window_trend,2,21,base,"100,000.00","84,564.62",-15.44%,-0.65%,-8.10%,+6.80%,-1.207,-1.423,-0.465,+2.68%,+2.68%,-17.42%,+41.15%,-9.16%,+0.066,+19.24%,+47.92%,260,36,-0.28%,-0.62%,+5.83%,-7.32%,+0.465,-0.62%,107,141,219,+41.55%,-0.53%,10,+70.00%,+0.51%,470.99,,,,,,,+0.47%,-3.05%,31,+29.03%,-1.56%,470.99,-1.207
us,tom_window_trend,3,21,base,"100,000.00","85,484.84",-14.52%,-0.40%,-5.13%,+6.16%,-0.824,-1.005,-0.286,+6.13%,+6.13%,-17.97%,+45.85%,-6.35%,+0.072,+19.25%,+78.49%,386,46,-0.18%,-0.40%,+6.21%,-7.32%,+0.630,-0.40%,177,204,345,+46.67%,-0.32%,10,+70.00%,+0.51%,727.96,,,,,,,+0.73%,-5.02%,31,+29.03%,-1.56%,727.96,-0.824
us,tom_window_trend,5,21,base,"100,000.00","93,116.00",-6.88%,-0.11%,-1.43%,+5.99%,-0.209,-0.274,-0.079,+31.81%,+31.81%,-18.01%,+48.28%,-2.11%,+0.063,+19.22%,+84.89%,638,67,-0.11%,-0.11%,+8.06%,-7.32%,+0.881,-0.11%,308,330,480,+49.79%,-0.10%,96,+43.75%,-0.05%,"1,264.90",,,,,,,+1.26%,-18.37%,62,+43.55%,-0.32%,"1,264.90",-0.209
us,value_momentum_harness,2,126,base,"100,000.00","128,399.63",+28.40%,+11.83%,+13.43%,+9.94%,+1.318,+2.108,+1.045,+97.03%,+97.03%,-12.85%,+58.33%,+6.62%,+0.316,+42.93%,+47.92%,24,21,+0.59%,+11.83%,+261.96%,-26.85%,+3.575,+11.83%,14,10,23,+56.52%,+0.96%,,,,50.84,,,,,,,+0.05%,+0.18%,1,+100.00%,+261.96%,50.84,1.318
us,value_momentum_harness,3,126,base,"100,000.00","139,985.48",+39.99%,+10.81%,+11.97%,+9.35%,+1.256,+1.937,+0.981,+98.52%,+98.52%,-12.19%,+64.86%,+5.13%,+0.326,+50.63%,+78.49%,37,30,+1.84%,+10.81%,+261.96%,-26.85%,+3.837,+10.81%,24,13,36,+63.89%,+3.83%,,,,78.00,,,,,,,+0.08%,+0.20%,1,+100.00%,+261.96%,78.00,1.256
us,value_momentum_harness,5,126,base,"100,000.00","175,734.29",+75.73%,+9.85%,+12.02%,+17.19%,+0.747,+1.057,+0.466,+94.99%,+94.99%,-25.78%,+57.14%,+5.25%,+0.557,+70.89%,+84.89%,77,53,+0.83%,+9.85%,+261.96%,-28.28%,+3.021,+9.85%,44,33,63,+55.56%,+5.01%,11,+54.55%,+10.88%,161.30,,,,,,,+0.16%,+0.21%,3,+100.00%,+107.67%,161.30,0.747
us,value_rank,2,126,base,"100,000.00","132,205.11",+32.21%,+13.42%,+15.11%,+9.24%,+1.569,+2.490,+1.625,+98.73%,+98.73%,-9.30%,+54.17%,+8.83%,+0.286,+46.51%,+47.92%,24,22,+0.93%,+13.42%,+241.99%,-23.81%,+4.158,+13.42%,13,11,22,+50.00%,+3.09%,1,+100.00%,+241.99%,51.22,,,,,,,+0.05%,+0.16%,1,+100.00%,+12.04%,51.22,1.569
us,value_rank,3,126,base,"100,000.00","151,304.54",+51.30%,+13.50%,+14.93%,+9.15%,+1.567,+2.431,+1.939,+99.66%,+99.66%,-7.70%,+65.79%,+8.23%,+0.311,+54.70%,+78.49%,38,32,+5.37%,+13.50%,+241.99%,-23.81%,+5.187,+13.50%,25,13,35,+62.86%,+6.63%,1,+100.00%,+241.99%,81.13,,,,,,,+0.08%,+0.16%,2,+100.00%,+19.43%,81.13,1.567
us,value_rank,5,126,base,"100,000.00","181,875.40",+81.88%,+10.50%,+12.79%,+16.66%,+0.806,+1.149,+0.519,+96.23%,+96.23%,-24.64%,+60.26%,+5.90%,+0.556,+73.33%,+84.89%,78,54,+3.30%,+10.50%,+241.99%,-23.81%,+4.144,+10.50%,47,31,64,+56.25%,+7.10%,12,+75.00%,+27.15%,164.17,,,,,,,+0.16%,+0.20%,2,+100.00%,+19.43%,164.17,0.806
us,vcp_breakout,2,250,base,"100,000.00","139,702.99",+39.70%,+2.73%,+18.35%,+24.70%,+0.806,+1.153,+0.856,+87.04%,+87.04%,-21.45%,+44.95%,+5.82%,+0.675,+94.83%,+47.92%,109,86,-3.06%,+2.86%,+99.31%,-32.11%,+1.572,+2.86%,49,60,87,+43.68%,+1.91%,7,+57.14%,+18.94%,220.40,,,,,,,+0.22%,+0.74%,15,+46.67%,+0.88%,220.40,0.806
us,vcp_breakout,3,250,base,"100,000.00","150,385.49",+50.39%,+2.35%,+14.69%,+20.47%,+0.772,+1.108,+0.730,+90.74%,+90.74%,-20.13%,+42.77%,+2.51%,+0.646,+96.76%,+78.49%,173,127,-2.81%,+2.42%,+99.31%,-32.11%,+1.520,+2.42%,74,99,150,+41.33%,+1.26%,6,+66.67%,+22.72%,347.71,,,,,,,+0.35%,+0.86%,17,+47.06%,+5.51%,347.71,0.772
us,vcp_breakout,5,250,base,"100,000.00","163,305.43",+63.31%,+1.94%,+10.38%,+21.15%,+0.573,+0.808,+0.297,+89.81%,+89.81%,-34.91%,+39.79%,+2.37%,+0.706,+95.53%,+84.89%,289,181,-2.31%,+1.92%,+113.11%,-42.55%,+1.393,+1.92%,115,170,210,+42.38%,+2.61%,58,+27.59%,-1.67%,555.16,,,,,,,+0.56%,+1.04%,21,+47.62%,+4.89%,555.16,0.573
us,vol_expansion_breakout,2,250,base,"100,000.00","181,650.57",+81.65%,+8.94%,+35.10%,+26.05%,+1.286,+1.904,+1.891,+96.41%,+96.41%,-18.56%,+39.18%,+21.15%,+0.677,+97.33%,+47.92%,97,89,-1.54%,+9.31%,+361.61%,-24.54%,+3.022,+9.31%,38,59,77,+41.56%,+9.42%,3,+66.67%,+4.48%,190.75,,,,,,,+0.19%,+0.23%,17,+23.53%,+9.71%,190.75,1.286
us,vol_expansion_breakout,3,250,base,"100,000.00","147,130.59",+47.13%,+3.47%,+13.85%,+21.64%,+0.709,+0.980,+0.671,+88.56%,+88.56%,-20.64%,+34.67%,+1.37%,+0.677,+95.43%,+78.49%,150,120,-2.37%,+3.19%,+296.38%,-30.19%,+1.727,+3.19%,52,95,132,+33.33%,+1.89%,2,+100.00%,+7.63%,276.54,,,,,,,+0.28%,+0.59%,16,+37.50%,+13.35%,276.54,0.709
us,vol_expansion_breakout,5,250,base,"100,000.00","134,422.49",+34.42%,+1.59%,+6.13%,+19.28%,+0.406,+0.553,+0.221,+81.49%,+81.49%,-27.77%,+34.68%,-0.22%,+0.581,+92.00%,+84.89%,248,176,-2.47%,+1.58%,+296.38%,-30.19%,+1.352,+1.58%,86,156,184,+34.24%,+1.36%,36,+36.11%,-1.82%,436.51,,,,,,,+0.44%,+1.27%,28,+35.71%,+7.39%,436.51,0.406
us,vol_target_lowvol,2,63,base,"100,000.00","105,392.62",+5.39%,+0.61%,+2.68%,+9.86%,+0.318,+0.444,+0.279,+67.23%,+67.23%,-9.60%,+52.22%,+2.47%,+0.033,+78.24%,+47.92%,90,43,+0.19%,+0.65%,+16.04%,-15.50%,+1.278,+0.65%,47,43,80,+50.00%,+0.39%,,,,177.28,,,,,,,+0.18%,+3.29%,10,+70.00%,+2.75%,177.28,0.318
us,vol_target_lowvol,3,63,base,"100,000.00","116,734.61",+16.73%,+1.29%,+5.34%,+8.90%,+0.629,+0.895,+0.598,+85.98%,+85.98%,-8.92%,+55.38%,+3.77%,+0.092,+83.22%,+78.49%,130,62,+0.68%,+1.29%,+16.04%,-15.50%,+1.686,+1.29%,72,58,120,+54.17%,+1.17%,,,,261.67,,,,,,,+0.26%,+1.56%,10,+70.00%,+2.75%,261.67,0.629
us,vol_target_lowvol,5,63,base,"100,000.00","98,610.07",-1.39%,-0.07%,-0.28%,+10.69%,+0.027,+0.037,-0.012,+52.42%,+52.42%,-22.53%,+48.64%,-2.20%,+0.181,+78.37%,+84.89%,220,81,+0.00%,-0.06%,+16.04%,-38.33%,+0.973,-0.06%,107,106,170,+50.59%,+0.42%,40,+35.00%,-2.77%,410.99,,,,,,,+0.41%,-29.57%,10,+70.00%,+2.75%,410.99,0.027
us,volume_surge,2,21,base,"100,000.00","139,179.21",+39.18%,+1.75%,+18.13%,+18.24%,+1.005,+1.498,+0.924,+92.21%,+92.21%,-19.62%,+58.04%,+2.30%,+0.760,+96.37%,+47.92%,224,173,+2.11%,+1.75%,+78.89%,-33.13%,+1.552,+1.75%,130,94,186,+54.30%,+1.51%,10,+100.00%,+7.87%,451.92,,,,,,,+0.45%,+1.15%,28,+67.86%,+1.15%,451.92,1.005
us,volume_surge,3,21,base,"100,000.00","164,538.13",+64.54%,+1.91%,+18.21%,+16.86%,+1.077,+1.658,+1.095,+97.01%,+97.01%,-16.64%,+57.94%,+3.08%,+0.732,+98.16%,+78.49%,340,214,+2.13%,+1.92%,+82.26%,-32.74%,+1.581,+1.92%,197,143,300,+56.00%,+1.90%,10,+100.00%,+7.80%,681.73,,,,,,,+0.68%,+1.06%,30,+63.33%,+0.12%,681.73,1.077
us,volume_surge,5,21,base,"100,000.00","165,516.46",+65.52%,+1.17%,+10.67%,+17.97%,+0.654,+0.955,+0.452,+92.76%,+92.76%,-23.62%,+53.02%,+0.89%,+0.785,+97.87%,+84.89%,562,284,+0.67%,+1.18%,+98.71%,-37.14%,+1.351,+1.18%,298,264,412,+51.94%,+1.32%,93,+55.91%,+0.69%,"1,122.30",,,,,,,+1.12%,+1.71%,57,+56.14%,+0.97%,"1,122.30",0.654
