market,strategy,years,hold,variant,Starting Capital,Final Equity,Total Return,Invested Return,CAGR,Volatility (ann.),Sharpe,Sortino,Calmar,Probabilistic Sharpe,Deflated Sharpe,Max Drawdown,Hit Rate,Alpha (ann.),Beta,Avg Exposure,Benchmark Return,Trades,Unique Tickers,Median Trade Return,Avg Trade Return,Best Trade,Worst Trade,Profit Factor,Expectancy,Winning Trades,Losing Trades,Regime Bull Trades,Regime Bull Win Rate,Regime Bull Avg Return,Regime Pullback Trades,Regime Pullback Win Rate,Regime Pullback Avg Return,Regime Bear Trades,Regime Bear Win Rate,Regime Bear Avg Return,Total Fees,Fee Stt,Fee Stamp Duty,Fee Exchange Txn,Fee Sebi,Fee Gst,Fee Ipft,Fees Pct Capital,Fees Pct Net Pnl
india,chandelier_breakout,1,250,regime_bull_pullback,"100,000.00","100,048.43",+0.05%,+0.01%,+0.05%,+15.60%,+0.081,+0.111,+0.004,+53.21%,+53.21%,-12.36%,+39.39%,+1.08%,+0.487,+63.16%,-0.46%,66,60,-1.79%,-0.01%,+41.35%,-22.16%,+1.002,-0.01%,26,40,53,+43.40%,+0.29%,12,+16.67%,-4.75%,1,+100.00%,+41.35%,"1,443.04","1,297.54",97.20,38.54,1.30,7.17,1.30,+1.44%,+2979.34%
india,chandelier_breakout,2,250,regime_bull_pullback,"100,000.00","78,136.70",-21.86%,-1.63%,-11.74%,+16.25%,-0.686,-0.883,-0.382,+16.43%,+16.43%,-30.72%,+32.32%,-11.13%,+0.577,+70.20%,+0.51%,164,129,-3.79%,-1.83%,+41.35%,-30.63%,+0.641,-1.83%,53,109,118,+33.05%,-1.66%,42,+30.95%,-2.75%,4,+25.00%,+2.74%,"2,961.05","2,660.99",200.99,79.03,2.66,14.70,2.66,+2.96%,-13.54%
india,chandelier_breakout,3,250,regime_bull_pullback,"100,000.00","94,379.64",-5.62%,-0.21%,-1.95%,+16.95%,-0.031,-0.040,-0.058,+47.90%,+47.90%,-33.77%,+38.83%,-6.08%,+0.659,+79.41%,+25.92%,273,194,-3.27%,-0.22%,+80.94%,-30.63%,+0.952,-0.22%,106,167,226,+40.27%,+0.13%,43,+32.56%,-2.36%,4,+25.00%,+2.74%,"6,010.03","5,403.63",405.24,160.49,5.40,29.86,5.40,+6.01%,-106.93%
india,chandelier_breakout,5,250,regime_bull_pullback,"100,000.00","114,253.19",+14.25%,+0.31%,+2.75%,+16.23%,+0.249,+0.330,+0.090,+70.79%,+70.79%,-30.48%,+37.77%,-1.46%,+0.602,+82.75%,+49.54%,466,271,-3.17%,+0.40%,+121.72%,-30.63%,+1.073,+0.40%,176,290,358,+37.71%,+0.24%,99,+38.38%,+1.09%,9,+33.33%,-0.94%,"10,256.40","9,223.16",689.90,273.93,9.22,50.97,9.22,+10.26%,+71.96%
india,connors_rsi2_bull,1,20,regime_bull_pullback,"100,000.00","80,824.01",-19.18%,-0.74%,-19.38%,+13.07%,-1.582,-1.954,-0.835,+5.18%,+5.18%,-23.22%,+55.17%,-18.84%,+0.485,+54.36%,-0.46%,261,185,+0.25%,-0.76%,+8.82%,-27.87%,+0.608,-0.76%,144,117,251,+56.57%,-0.60%,10,+20.00%,-4.66%,,,,"5,711.46","5,134.25",386.08,152.49,5.13,28.37,5.13,+5.71%,-29.78%
india,connors_rsi2_bull,3,20,regime_bull_pullback,"100,000.00","58,352.89",-41.65%,-0.44%,-16.76%,+15.90%,-1.073,-1.367,-0.376,+3.03%,+3.03%,-44.61%,+54.26%,-20.29%,+0.642,+70.49%,+25.92%,"1,032",377,+0.21%,-0.46%,+13.91%,-30.23%,+0.732,-0.46%,560,453,956,+54.60%,-0.37%,70,+50.00%,-1.81%,6,+50.00%,+0.95%,"20,826.85","18,723.98","1,405.86",556.10,18.72,103.47,18.72,+20.83%,-50.01%
india,connors_rsi2_bull,5,20,regime_bull_pullback,"100,000.00","52,527.13",-47.47%,-0.30%,-12.29%,+16.43%,-0.715,-0.922,-0.234,+5.40%,+5.40%,-52.53%,+54.92%,-16.44%,+0.677,+73.12%,+49.54%,"1,819",421,+0.26%,-0.31%,+14.84%,-31.78%,+0.813,-0.31%,999,770,"1,543",+54.31%,-0.38%,260,+59.62%,+0.21%,16,+37.50%,-2.85%,"35,075.85","31,535.78","2,366.11",936.61,31.54,174.27,31.54,+35.08%,-73.89%
india,low_volatility,3,63,regime_bull_pullback,"100,000.00","104,543.88",+4.54%,+0.45%,+1.52%,+9.50%,+0.207,+0.293,+0.062,+63.84%,+63.84%,-24.45%,+50.00%,-2.54%,+0.520,+86.37%,+25.92%,100,28,-0.09%,+0.45%,+31.66%,-26.71%,+1.120,+0.45%,50,50,90,+47.78%,+0.18%,10,+70.00%,+2.89%,,,,"2,228.84","2,004.40",149.82,59.53,2.00,11.08,2.00,+2.23%,+49.05%
india,low_volatility,5,63,regime_bull_pullback,"100,000.00","115,943.93",+15.94%,+0.95%,+3.06%,+9.70%,+0.359,+0.503,+0.129,+78.62%,+78.62%,-23.78%,+51.18%,-0.86%,+0.475,+87.88%,+49.54%,170,41,+0.03%,+0.89%,+39.29%,-22.58%,+1.272,+0.89%,87,83,140,+46.43%,-0.26%,30,+73.33%,+6.28%,,,,"3,759.04","3,381.07",252.10,100.42,3.38,18.68,3.38,+3.76%,+23.58%
india,mom_lowvol_combo,3,63,regime_bull_pullback,"100,000.00","153,846.12",+53.85%,+5.38%,+15.80%,+10.01%,+1.516,+2.240,+0.996,+99.49%,+99.49%,-15.87%,+51.00%,+11.29%,+0.513,+86.37%,+25.92%,100,49,+0.38%,+5.38%,+88.08%,-26.56%,+2.364,+5.38%,51,49,90,+46.67%,+4.84%,10,+90.00%,+10.29%,,,,"2,280.03","2,053.75",149.82,61.00,2.05,11.35,2.05,+2.28%,+4.23%
india,mom_lowvol_combo,5,63,regime_bull_pullback,"100,000.00","187,560.92",+87.56%,+5.15%,+13.67%,+10.94%,+1.227,+1.734,+0.874,+99.60%,+99.60%,-15.64%,+57.06%,+8.72%,+0.552,+87.88%,+49.54%,170,80,+1.54%,+5.15%,+87.07%,-29.48%,+2.427,+5.15%,97,73,140,+51.43%,+3.65%,30,+83.33%,+12.16%,,,,"3,871.92","3,487.40",254.70,103.58,3.49,19.27,3.49,+3.87%,+4.42%
india,momentum_quality,1,126,regime_bull_pullback,"100,000.00","97,913.89",-2.09%,-2.61%,-2.11%,+11.31%,-0.132,-0.180,-0.191,+44.78%,+44.78%,-11.07%,+37.50%,-1.67%,+0.474,+40.64%,-0.46%,8,8,-7.58%,-2.61%,+24.56%,-35.44%,+0.747,-2.61%,3,5,8,+37.50%,-2.61%,,,,,,,175.76,157.90,11.99,4.69,0.16,0.87,0.16,+0.18%,-8.43%
india,momentum_quality,2,126,regime_bull_pullback,"100,000.00","89,178.76",-10.82%,-4.69%,-5.63%,+15.20%,-0.305,-0.403,-0.230,+33.36%,+33.36%,-24.43%,+32.00%,-5.13%,+0.561,+63.63%,+0.51%,25,18,-6.76%,-3.40%,+88.00%,-41.89%,+0.596,-3.40%,8,16,18,+16.67%,-11.15%,7,+71.43%,+16.51%,,,,501.58,450.28,34.54,13.37,0.45,2.49,0.45,+0.50%,-4.64%
india,momentum_quality,3,126,regime_bull_pullback,"100,000.00","172,363.77",+72.36%,+17.23%,+20.37%,+11.62%,+1.654,+2.424,+2.383,+99.69%,+99.69%,-8.55%,+61.90%,+15.73%,+0.528,+71.98%,+25.92%,42,30,+9.73%,+17.23%,+91.12%,-29.19%,+4.898,+17.23%,26,16,35,+60.00%,+17.67%,7,+71.43%,+15.04%,,,,"1,009.27",912.38,62.93,27.10,0.91,5.04,0.91,+1.01%,+1.39%
india,momentum_quality,5,126,regime_bull_pullback,"100,000.00","230,278.06",+130.28%,+17.63%,+18.52%,+13.24%,+1.350,+1.914,+0.751,+99.81%,+99.81%,-24.68%,+64.86%,+13.59%,+0.561,+75.91%,+49.54%,74,46,+8.62%,+17.55%,+280.25%,-41.59%,+4.213,+17.55%,48,26,56,+57.14%,+10.73%,18,+88.89%,+38.77%,,,,"1,778.75","1,608.17",110.71,47.76,1.61,8.89,1.61,+1.78%,+1.37%
india,nifty_momentum,1,126,regime_bull_pullback,"100,000.00","92,862.23",-7.14%,-3.59%,-7.22%,+23.12%,-0.208,-0.290,-0.364,+41.81%,+41.81%,-19.86%,+40.00%,-5.22%,+1.361,+98.40%,-0.46%,20,20,-3.77%,-3.59%,+28.48%,-40.13%,+0.578,-3.59%,8,12,20,+40.00%,-3.59%,,,,,,,434.85,390.52,29.79,11.60,0.39,2.16,0.39,+0.43%,-6.09%
india,nifty_momentum,2,126,regime_bull_pullback,"100,000.00","90,205.24",-9.79%,-3.48%,-5.08%,+22.48%,-0.120,-0.165,-0.148,+43.33%,+43.33%,-34.29%,+43.33%,-3.62%,+0.889,+76.35%,+0.51%,30,27,-1.82%,-2.21%,+60.58%,-47.21%,+0.738,-2.21%,13,16,20,+45.00%,-5.31%,10,+40.00%,+3.98%,,,,616.48,553.66,42.21,16.44,0.55,3.06,0.55,+0.62%,-6.29%
india,nifty_momentum,3,126,regime_bull_pullback,"100,000.00","180,326.92",+80.33%,+16.07%,+22.24%,+16.02%,+1.334,+1.919,+1.154,+98.69%,+98.69%,-19.27%,+60.00%,+17.41%,+0.609,+86.25%,+25.92%,50,42,+10.50%,+16.07%,+177.13%,-44.89%,+2.770,+16.07%,30,20,40,+62.50%,+18.62%,10,+50.00%,+5.86%,,,,"1,195.46","1,080.34",74.91,32.09,1.08,5.97,1.08,+1.20%,+1.49%
india,nifty_momentum,3,63,regime_bull_pullback,"100,000.00","155,765.04",+55.77%,+5.58%,+16.29%,+17.35%,+0.958,+1.297,+0.889,+94.36%,+94.36%,-18.32%,+59.00%,+11.40%,+0.667,+86.37%,+25.92%,100,67,+6.19%,+5.58%,+97.11%,-60.56%,+1.799,+5.58%,59,41,90,+56.67%,+4.57%,10,+80.00%,+14.60%,,,,"2,282.02","2,055.68",149.82,61.05,2.06,11.36,2.06,+2.28%,+4.09%
india,nifty_momentum,5,126,regime_bull_pullback,"100,000.00","244,660.64",+144.66%,+16.07%,+19.99%,+17.08%,+1.153,+1.597,+0.823,+99.35%,+99.35%,-24.30%,+58.89%,+14.12%,+0.708,+92.33%,+49.54%,90,75,+9.38%,+16.07%,+177.60%,-80.67%,+2.683,+16.07%,53,37,70,+62.86%,+22.58%,20,+45.00%,-6.69%,,,,"2,151.91","1,944.68",134.84,57.76,1.94,10.75,1.94,+2.15%,+1.49%
india,nifty_momentum,5,63,regime_bull_pullback,"100,000.00","212,408.12",+112.41%,+6.61%,+16.59%,+16.76%,+1.000,+1.369,+0.649,+98.46%,+98.46%,-25.57%,+55.88%,+11.38%,+0.654,+87.88%,+49.54%,170,107,+4.84%,+6.61%,+100.50%,-60.56%,+2.033,+6.61%,95,75,140,+49.29%,+3.59%,30,+86.67%,+20.73%,,,,"3,897.72","3,512.27",254.70,104.31,3.51,19.41,3.51,+3.90%,+3.47%
india,nifty_momentum_trend,1,126,regime_bull_pullback,"100,000.00","86,789.63",-13.21%,-6.99%,-13.36%,+23.18%,-0.502,-0.693,-0.474,+30.93%,+30.93%,-28.17%,+35.00%,-11.49%,+1.392,+99.60%,-0.46%,20,20,-2.86%,-6.08%,+27.37%,-46.18%,+0.404,-6.08%,7,13,20,+35.00%,-6.08%,,,,,,,406.55,364.66,28.31,10.83,0.36,2.02,0.36,+0.41%,-3.08%
india,nifty_momentum_trend,2,126,regime_bull_pullback,"100,000.00","99,878.21",-0.12%,-0.04%,-0.06%,+22.35%,+0.109,+0.154,-0.002,+56.08%,+56.08%,-28.70%,+43.33%,+1.41%,+0.919,+76.35%,+0.51%,30,26,-5.39%,+0.10%,+79.71%,-43.31%,+0.997,+0.10%,13,17,20,+40.00%,-2.00%,10,+50.00%,+4.30%,,,,655.52,589.41,44.17,17.51,0.59,3.26,0.59,+0.66%,-538.24%
india,nifty_momentum_trend,3,126,regime_bull_pullback,"100,000.00","166,923.77",+66.92%,+13.38%,+19.06%,+16.60%,+1.135,+1.578,+0.922,+96.96%,+96.96%,-20.67%,+60.00%,+14.16%,+0.641,+85.70%,+25.92%,50,45,+5.19%,+13.38%,+156.87%,-52.44%,+2.482,+13.38%,30,20,40,+62.50%,+15.66%,10,+50.00%,+4.30%,,,,"1,181.55","1,066.92",74.91,31.69,1.07,5.90,1.07,+1.18%,+1.77%
india,nifty_momentum_trend,5,126,regime_bull_pullback,"100,000.00","229,440.47",+129.44%,+14.49%,+18.43%,+17.64%,+1.048,+1.433,+0.641,+98.79%,+98.79%,-28.74%,+61.11%,+12.51%,+0.732,+92.33%,+49.54%,90,75,+9.42%,+15.28%,+169.15%,-76.99%,+2.454,+15.28%,55,35,70,+65.71%,+21.91%,20,+45.00%,-7.91%,,,,"2,121.67","1,916.46",133.87,56.92,1.92,10.59,1.92,+2.12%,+1.64%
india,rs_trend,1,63,regime_bull_pullback,"100,000.00","81,624.37",-18.38%,-6.54%,-18.58%,+23.39%,-0.759,-0.953,-0.805,+21.77%,+21.77%,-23.09%,+30.00%,-16.61%,+1.017,+76.84%,-0.46%,30,28,-5.45%,-4.38%,+56.81%,-50.86%,+0.435,-4.38%,9,21,30,+30.00%,-4.38%,,,,,,,606.22,543.85,42.12,16.15,0.54,3.01,0.54,+0.61%,-3.30%
india,rs_trend,2,63,regime_bull_pullback,"100,000.00","79,387.82",-20.61%,-3.75%,-11.02%,+25.95%,-0.319,-0.413,-0.365,+32.59%,+32.59%,-30.17%,+36.67%,-8.90%,+0.927,+76.97%,+0.51%,60,47,-6.50%,-3.51%,+44.97%,-60.56%,+0.655,-3.51%,22,38,50,+28.00%,-6.53%,10,+80.00%,+11.57%,,,,"1,201.89","1,079.31",82.40,32.06,1.08,5.96,1.08,+1.20%,-5.83%
india,rs_trend,3,126,regime_bull_pullback,"100,000.00","195,867.79",+95.87%,+19.17%,+25.73%,+18.36%,+1.340,+1.887,+1.404,+98.66%,+98.66%,-18.32%,+58.00%,+21.06%,+0.628,+85.71%,+25.92%,50,44,+12.43%,+19.17%,+128.08%,-43.10%,+3.077,+19.17%,29,21,40,+60.00%,+20.94%,10,+50.00%,+12.13%,,,,"1,211.60","1,095.89",74.91,32.55,1.10,6.06,1.10,+1.21%,+1.26%
india,rs_trend,3,63,regime_bull_pullback,"100,000.00","152,496.26",+52.50%,+5.25%,+15.45%,+18.93%,+0.855,+1.177,+0.866,+92.40%,+92.40%,-17.84%,+49.00%,+10.89%,+0.669,+86.38%,+25.92%,100,67,-0.88%,+5.25%,+98.25%,-60.56%,+1.728,+5.25%,49,51,90,+45.56%,+4.55%,10,+80.00%,+11.57%,,,,"2,278.63","2,052.40",149.82,60.96,2.05,11.34,2.05,+2.28%,+4.34%
india,rs_trend,5,126,regime_bull_pullback,"100,000.00","292,483.21",+192.48%,+21.39%,+24.44%,+17.44%,+1.342,+1.929,+0.948,+99.82%,+99.82%,-25.77%,+64.44%,+19.13%,+0.643,+92.67%,+49.54%,90,71,+17.66%,+21.39%,+188.82%,-76.99%,+3.221,+21.39%,58,32,70,+70.00%,+27.20%,20,+45.00%,+1.04%,,,,"2,201.56","1,992.55",134.84,59.18,1.99,11.01,1.99,+2.20%,+1.14%
india,rs_trend,5,63,regime_bull_pullback,"100,000.00","218,221.02",+118.22%,+6.95%,+17.23%,+17.46%,+0.998,+1.397,+0.699,+98.50%,+98.50%,-24.65%,+54.12%,+12.43%,+0.624,+87.89%,+49.54%,170,103,+2.32%,+6.95%,+108.49%,-60.56%,+2.122,+6.95%,92,78,140,+48.57%,+3.93%,30,+80.00%,+21.05%,,,,"3,903.76","3,518.09",254.70,104.49,3.52,19.44,3.52,+3.90%,+3.30%
india,vwap_trend,1,63,regime_bull_pullback,"100,000.00","108,931.76",+8.93%,+2.71%,+9.04%,+15.30%,+0.643,+0.905,+0.466,+73.66%,+73.66%,-19.42%,+39.39%,+9.99%,+0.777,+71.24%,-0.46%,33,23,-1.82%,+2.72%,+55.22%,-31.24%,+1.422,+2.72%,13,20,30,+43.33%,+3.99%,3,+0.00%,-10.02%,,,,742.83,668.53,49.41,19.86,0.67,3.69,0.67,+0.74%,+8.32%
india,vwap_trend,2,63,regime_bull_pullback,"100,000.00","77,104.64",-22.90%,-4.08%,-12.33%,+18.59%,-0.613,-0.784,-0.401,+18.89%,+18.89%,-30.71%,+38.71%,-11.66%,+0.884,+77.35%,+0.51%,62,36,-1.95%,-3.21%,+54.21%,-60.56%,+0.393,-3.21%,24,37,51,+31.37%,-4.53%,11,+72.73%,+2.89%,,,,"1,224.58","1,099.55",84.09,32.66,1.10,6.08,1.10,+1.22%,-5.35%
india,vwap_trend,3,63,regime_bull_pullback,"100,000.00","126,503.11",+26.50%,+2.55%,+8.34%,+15.81%,+0.586,+0.792,+0.284,+83.66%,+83.66%,-29.32%,+50.96%,+2.62%,+0.766,+84.35%,+25.92%,104,55,+0.75%,+2.60%,+98.38%,-60.56%,+1.452,+2.60%,53,51,93,+48.39%,+2.86%,11,+72.73%,+0.35%,,,,"2,336.61","2,102.78",155.55,62.45,2.10,11.62,2.10,+2.34%,+8.82%
india,vwap_trend,5,63,regime_bull_pullback,"100,000.00","133,755.69",+33.76%,+1.97%,+6.10%,+15.06%,+0.469,+0.638,+0.223,+84.69%,+84.69%,-27.33%,+49.71%,-0.15%,+0.788,+88.01%,+49.54%,171,70,-0.01%,+1.97%,+139.62%,-60.56%,+1.411,+1.97%,85,86,141,+46.10%,+1.69%,30,+66.67%,+3.30%,,,,"3,838.30","3,453.54",256.20,102.57,3.45,19.08,3.45,+3.84%,+11.37%
