market,strategy,years,Starting Capital,Final Equity,Total Return,Invested Return,CAGR,Volatility (ann.),Sharpe,Sortino,Calmar,Probabilistic Sharpe,Deflated Sharpe,Max Drawdown,Hit Rate,Alpha (ann.),Beta,Avg Exposure,Benchmark Return,Trades,Unique Tickers,Median Trade Return,Avg Trade Return,Best Trade,Worst Trade,Profit Factor,Expectancy,Winning Trades,Losing Trades,Regime Bull Trades,Regime Bull Win Rate,Regime Bull Avg Return,Regime Pullback Trades,Regime Pullback Win Rate,Regime Pullback Avg Return,Regime Bear Trades,Regime Bear Win Rate,Regime Bear Avg Return,Total Fees,Fee Stt,Fee Stamp Duty,Fee Exchange Txn,Fee Sebi,Fee Gst,Fee Ipft,Fees Pct Capital,Fees Pct Net Pnl,Fee Commission,hold,variant,sharpe_num,sharpe
india,chandelier_breakout,1,"100,000.00","112,284.69",+12.28%,+1.21%,+12.44%,+18.40%,0.73,1.017,0.942,+76.30%,+76.30%,-13.21%,+41.51%,+14.05%,0.702,+98.80%,-0.46%,106,87,-2.04%,+1.15%,+62.38%,-22.16%,1.311,+1.15%,44,62,53,+43.40%,+0.29%,12.0,+16.67%,-4.75%,41.0,+46.34%,+4.01%,"2,276.91","2,048.15",152.52,60.83,2.05,11.32,2.05,+2.28%,+18.53%,,250,base,,0.73
india,chandelier_breakout,2,"100,000.00","87,000.56",-13.00%,-0.73%,-6.80%,+19.53%,-0.263,-0.345,-0.203,+35.55%,+35.55%,-33.48%,+32.74%,-5.85%,0.8,+98.06%,+0.51%,223,167,-3.55%,-0.59%,+62.38%,-30.63%,0.84,-0.59%,73,143,123,+27.64%,-1.60%,32.0,+28.12%,-3.97%,68.0,+44.12%,+2.82%,"3,952.79","3,553.33",267.18,105.53,3.55,19.64,3.55,+3.95%,-30.41%,,250,base,,-0.263
india,chandelier_breakout,3,"100,000.00","108,452.44",+8.45%,+0.26%,+2.80%,+18.51%,0.243,0.318,0.08,+65.99%,+65.99%,-34.91%,+38.25%,-2.45%,0.799,+98.16%,+25.92%,332,223,-3.27%,+0.27%,+80.94%,-30.63%,1.061,+0.27%,127,205,231,+37.66%,+0.08%,33.0,+30.30%,-3.43%,68.0,+44.12%,+2.71%,"7,200.25","6,474.79",484.44,192.3,6.47,35.78,6.47,+7.20%,+85.19%,,250,base,,0.243
india,chandelier_breakout,5,"100,000.00","120,288.66",+20.29%,+0.39%,+3.83%,+18.26%,0.298,0.397,0.108,+74.38%,+74.38%,-35.44%,+36.97%,-1.36%,0.744,+97.67%,+49.54%,541,289,-3.30%,+0.51%,+121.72%,-30.63%,1.089,+0.51%,200,341,362,+35.64%,+0.15%,80.0,+37.50%,+0.58%,99.0,+41.41%,+1.74%,"11,714.78","10,534.89",787.72,312.89,10.53,58.22,10.53,+11.71%,+57.74%,,250,base,,0.298
india,momentum_quality,1,"100,000.00","103,266.71",+3.27%,+1.84%,+3.31%,+16.53%,0.281,0.366,0.291,+60.80%,+60.80%,-11.38%,+55.56%,+4.45%,0.722,+74.52%,-0.46%,18,17,+3.57%,+2.08%,+49.70%,-59.12%,1.223,+2.08%,10,8,8,+37.50%,-2.61%,,,,10.0,+70.00%,+5.83%,399.09,359.07,26.66,10.66,0.36,1.98,0.36,+0.40%,+12.22%,,126,base,,0.281
india,momentum_quality,2,"100,000.00","100,743.11",+0.74%,+0.21%,+0.38%,+18.07%,0.111,0.151,0.015,+56.20%,+56.20%,-24.68%,+47.37%,+1.06%,0.853,+87.37%,+0.51%,38,29,-2.28%,-0.23%,+85.23%,-59.12%,1.023,-0.23%,18,20,19,+21.05%,-11.60%,,,,19.0,+73.68%,+11.13%,779.72,701.15,52.47,20.82,0.7,3.87,0.7,+0.78%,+104.93%,,126,base,,0.111
india,momentum_quality,3,"100,000.00","177,258.28",+77.26%,+14.58%,+21.52%,+12.55%,1.617,2.327,2.211,+99.61%,+99.61%,-9.74%,+60.38%,+16.18%,0.607,+84.57%,+25.92%,53,36,+9.88%,+14.58%,+91.12%,-59.12%,3.727,+14.58%,32,21,36,+58.33%,+16.03%,2.0,+50.00%,-0.33%,15.0,+66.67%,+13.07%,"1,259.00","1,137.26",79.41,33.78,1.14,6.28,1.14,+1.26%,+1.63%,,126,base,,1.617
india,momentum_quality,5,"100,000.00","220,928.80",+120.93%,+14.24%,+17.53%,+13.50%,1.264,1.774,0.688,+99.67%,+99.67%,-25.47%,+64.71%,+12.22%,0.605,+83.27%,+49.54%,85,53,+8.76%,+14.18%,+147.15%,-59.12%,3.441,+14.18%,55,30,58,+58.62%,+12.25%,11.0,+81.82%,+26.28%,16.0,+75.00%,+12.85%,"2,013.69","1,818.80",127.19,54.02,1.82,10.05,1.82,+2.01%,+1.67%,,126,base,,1.264
india,nifty_momentum,1,"100,000.00","92,862.23",-7.14%,-3.59%,-7.22%,+23.12%,-0.208,-0.29,-0.364,+41.81%,+41.81%,-19.86%,+40.00%,-5.22%,1.361,+98.40%,-0.46%,20,20,-3.77%,-3.59%,+28.48%,-40.13%,0.578,-3.59%,8,12,20,+40.00%,-3.59%,,,,,,,434.85,390.52,29.79,11.6,0.39,2.16,0.39,+0.43%,-6.09%,,126,base,,-0.208
india,nifty_momentum,2,"100,000.00","91,555.42",-8.44%,-2.22%,-4.37%,+26.21%,-0.038,-0.052,-0.145,+47.85%,+47.85%,-30.21%,+47.50%,-2.30%,1.172,+97.80%,+0.51%,40,35,-0.22%,-1.75%,+71.60%,-61.33%,0.841,-1.75%,19,20,20,+40.00%,-13.35%,10.0,+40.00%,-0.09%,10.0,+70.00%,+19.80%,838.64,753.51,57.08,22.38,0.75,4.16,0.75,+0.84%,-9.93%,,126,base,,-0.038
india,nifty_momentum,3,"100,000.00","180,046.71",+80.05%,+13.34%,+22.17%,+17.37%,1.241,1.754,1.227,+98.06%,+98.06%,-18.07%,+61.67%,+16.50%,0.719,+99.33%,+25.92%,60,51,+9.26%,+13.34%,+177.13%,-60.23%,2.351,+13.34%,37,23,40,+57.50%,+16.05%,1.0,+0.00%,-9.65%,19.0,+73.68%,+8.85%,"1,417.59","1,280.04",89.89,38.02,1.28,7.07,1.28,+1.42%,+1.77%,,126,base,,1.241
india,nifty_momentum,5,"100,000.00","241,357.48",+141.36%,+14.14%,+19.66%,+17.43%,1.118,1.541,0.809,+99.20%,+99.20%,-24.30%,+59.00%,+13.52%,0.742,+99.76%,+49.54%,100,81,+9.38%,+14.14%,+177.60%,-80.67%,2.396,+14.14%,59,41,70,+60.00%,+20.80%,10.0,+40.00%,-17.68%,20.0,+65.00%,+6.73%,"2,370.89","2,141.36",149.82,63.6,2.14,11.83,2.14,+2.37%,+1.68%,,126,base,,1.118
india,nifty_momentum_trend,1,"100,000.00","86,789.63",-13.21%,-6.99%,-13.36%,+23.18%,-0.502,-0.693,-0.474,+30.93%,+30.93%,-28.17%,+35.00%,-11.49%,1.392,+99.60%,-0.46%,20,20,-2.86%,-6.08%,+27.37%,-46.18%,0.404,-6.08%,7,13,20,+35.00%,-6.08%,,,,,,,406.55,364.66,28.31,10.83,0.36,2.02,0.36,+0.41%,-3.08%,,126,base,,-0.502
india,nifty_momentum_trend,2,"100,000.00","100,922.28",+0.92%,+0.23%,+0.47%,+26.23%,0.149,0.21,0.017,+58.28%,+58.28%,-27.76%,+45.00%,+2.42%,1.345,+99.80%,+0.51%,40,36,-3.04%,+0.54%,+79.71%,-43.31%,1.021,+0.54%,18,22,30,+33.33%,-6.31%,,,,10.0,+80.00%,+21.09%,880.19,791.50,59.23,23.51,0.79,4.37,0.79,+0.88%,+95.44%,,126,base,,0.149
india,nifty_momentum_trend,3,"100,000.00","174,454.52",+74.45%,+12.41%,+20.87%,+17.80%,1.155,1.592,1.253,+97.16%,+97.16%,-16.65%,+61.67%,+14.96%,0.757,+99.87%,+25.92%,60,55,+6.75%,+12.41%,+156.87%,-61.87%,2.304,+12.41%,37,23,40,+62.50%,+14.00%,10.0,+50.00%,-0.11%,10.0,+70.00%,+18.55%,"1,411.78","1,274.44",89.89,37.85,1.27,7.04,1.27,+1.41%,+1.90%,,126,base,,1.155
india,nifty_momentum_trend,5,"100,000.00","233,513.58",+133.51%,+13.44%,+18.86%,+17.91%,1.055,1.44,0.656,+98.84%,+98.84%,-28.74%,+64.00%,+12.58%,0.77,+99.92%,+49.54%,100,82,+9.81%,+14.16%,+169.15%,-76.99%,2.387,+14.16%,64,36,70,+62.86%,+20.17%,10.0,+40.00%,-20.12%,20.0,+80.00%,+10.25%,"2,348.31","2,120.52",148.85,62.98,2.12,11.72,2.12,+2.35%,+1.76%,,126,base,,1.055
india,rs_trend,1,"100,000.00","82,409.72",-17.59%,-4.85%,-17.78%,+25.99%,-0.621,-0.795,-0.698,+26.45%,+26.45%,-25.48%,+32.50%,-15.29%,1.104,+99.60%,-0.46%,40,32,-4.90%,-2.58%,+56.81%,-50.86%,0.521,-2.58%,13,27,30,+30.00%,-4.38%,,,,10.0,+40.00%,+2.81%,788.58,707.87,54.35,21.02,0.71,3.91,0.71,+0.79%,-4.48%,,63,base,,-0.621
india,rs_trend,2,"100,000.00","82,661.50",-17.34%,-2.39%,-9.19%,+29.85%,-0.173,-0.233,-0.335,+40.40%,+40.40%,-27.42%,+36.25%,-6.37%,1.264,+99.80%,+0.51%,80,53,-6.05%,-2.46%,+106.68%,-53.93%,0.778,-2.46%,29,49,49,+32.65%,-6.87%,11.0,+27.27%,+8.28%,20.0,+50.00%,+2.43%,"1,596.01","1,433.91",108.72,42.59,1.43,7.92,1.43,+1.60%,-9.21%,,63,base,,-0.173
india,rs_trend,3,"100,000.00","159,815.60",+59.82%,+4.98%,+17.31%,+20.08%,0.896,1.254,1.059,+93.41%,+93.41%,-16.34%,+50.00%,+11.90%,0.774,+99.87%,+25.92%,120,79,-0.20%,+4.98%,+98.25%,-53.58%,1.674,+4.98%,60,60,90,+46.67%,+4.56%,,,,30.0,+60.00%,+6.26%,"2,731.05","2,459.70",179.79,73.05,2.46,13.59,2.46,+2.73%,+4.57%,,63,base,,0.896
india,rs_trend,5,"100,000.00","254,289.53",+154.29%,+7.75%,+20.94%,+18.24%,1.134,1.577,0.769,+99.27%,+99.27%,-27.25%,+55.28%,+15.67%,0.669,+99.92%,+49.54%,199,112,+2.71%,+7.75%,+127.65%,-64.29%,2.103,+7.75%,110,89,129,+51.94%,+9.52%,31.0,+58.06%,+5.76%,39.0,+64.10%,+3.50%,"4,586.20","4,134.16",298.15,122.78,4.13,22.85,4.13,+4.59%,+2.97%,,63,base,,1.134
india,vwap_trend,1,"100,000.00","111,841.67",+11.84%,+2.41%,+11.99%,+19.78%,0.672,0.927,0.598,+74.40%,+74.40%,-20.06%,+46.00%,+13.75%,1.03,+99.60%,-0.46%,50,36,-1.68%,+3.13%,+66.12%,-58.60%,1.357,+3.13%,23,27,30,+43.33%,+3.99%,3.0,+0.00%,-10.02%,17.0,+58.82%,+3.95%,"1,105.73",995.03,73.66,29.55,1.0,5.5,1.0,+1.11%,+9.34%,,63,base,,0.672
india,vwap_trend,2,"100,000.00","84,085.03",-15.91%,-2.11%,-8.40%,+21.26%,-0.306,-0.41,-0.288,+33.30%,+33.30%,-29.16%,+40.96%,-7.45%,1.11,+99.80%,+0.51%,83,52,-1.57%,-1.32%,+66.12%,-62.50%,0.69,-1.32%,34,48,50,+36.00%,-3.92%,10.0,+50.00%,-1.20%,23.0,+47.83%,+4.29%,"1,658.24","1,489.96",112.82,44.25,1.49,8.23,1.49,+1.66%,-10.42%,,63,base,,-0.306
india,vwap_trend,3,"100,000.00","148,691.84",+48.69%,+3.87%,+14.46%,+16.76%,0.89,1.252,0.578,+93.21%,+93.21%,-25.04%,+49.21%,+7.44%,0.888,+99.87%,+25.92%,126,78,-0.31%,+3.90%,+98.38%,-62.50%,1.632,+3.90%,62,64,91,+49.45%,+3.28%,12.0,+25.00%,-4.98%,23.0,+60.87%,+11.01%,"2,848.95","2,564.96",188.51,76.18,2.56,14.17,2.56,+2.85%,+5.85%,,63,base,,0.89
india,vwap_trend,5,"100,000.00","184,192.55",+84.19%,+4.17%,+13.25%,+14.80%,0.915,1.292,0.704,+97.69%,+97.69%,-18.81%,+57.43%,+6.47%,0.795,+99.92%,+49.54%,202,78,+2.08%,+4.17%,+139.62%,-58.68%,1.808,+4.17%,116,86,129,+51.94%,+4.19%,35.0,+54.29%,-0.53%,38.0,+78.95%,+8.41%,"4,580.14","4,123.98",302.64,122.48,4.12,22.79,4.12,+4.58%,+5.44%,,63,base,,0.915
us,chandelier_breakout,1,"100,000.00","141,064.98",+41.06%,+3.32%,+41.26%,+27.16%,1.408,2.185,3.12,+92.01%,+92.01%,-13.22%,+40.00%,+20.72%,0.915,+99.52%,+22.50%,125,95,-1.58%,+3.37%,+157.37%,-20.23%,1.856,+3.37%,50,75,117,+41.03%,+2.58%,8.0,+25.00%,+14.81%,,,,251.74,,,,,,,+0.25%,+0.61%,251.74,250,base,,1.408
us,chandelier_breakout,2,"100,000.00","151,147.22",+51.15%,+2.47%,+23.15%,+22.23%,1.048,1.542,1.142,+92.88%,+92.88%,-20.27%,+40.87%,+11.59%,0.584,+98.74%,+47.89%,208,133,-1.72%,+2.52%,+157.37%,-21.76%,1.669,+2.52%,85,123,170,+42.94%,+2.12%,35.0,+31.43%,+4.93%,3.0,+33.33%,-2.92%,419.38,,,,,,,+0.42%,+0.82%,419.38,250,base,,1.048
us,chandelier_breakout,3,"100,000.00","164,574.49",+64.57%,+2.11%,+18.22%,+18.57%,0.994,1.465,0.909,+95.60%,+95.60%,-20.05%,+43.18%,+6.56%,0.587,+98.81%,+78.46%,308,170,-1.39%,+2.16%,+157.37%,-22.04%,1.617,+2.16%,133,175,261,+44.06%,+1.71%,44.0,+38.64%,+5.15%,3.0,+33.33%,-2.92%,618.63,,,,,,,+0.62%,+0.96%,618.63,250,base,,0.994
us,chandelier_breakout,5,"100,000.00","166,312.60",+66.31%,+1.42%,+10.77%,+18.70%,0.641,0.931,0.404,+92.32%,+92.32%,-26.67%,+40.08%,+3.60%,0.609,+97.51%,+85.20%,489,219,-1.80%,+1.39%,+157.37%,-36.38%,1.394,+1.39%,196,288,352,+41.76%,+1.52%,64.0,+42.19%,+5.07%,73.0,+30.14%,-2.46%,942.83,,,,,,,+0.94%,+1.42%,942.83,250,base,,0.641
us,momentum_quality,1,"100,000.00","97,938.44",-2.06%,-1.08%,-2.07%,+18.73%,-0.018,-0.025,-0.1,+49.29%,+49.29%,-20.73%,+45.00%,-21.03%,1.097,+95.87%,+22.50%,20,18,-3.75%,-0.73%,+59.70%,-46.64%,0.908,-0.73%,9,11,19,+47.37%,-0.61%,1.0,+0.00%,-2.90%,,,,38.08,,,,,,,+0.04%,-1.85%,38.08,126,base,,-0.018
us,momentum_quality,2,"100,000.00","119,945.60",+19.95%,+5.21%,+9.60%,+19.37%,0.57,0.831,0.412,+78.99%,+78.99%,-23.28%,+53.85%,-8.54%,0.945,+92.81%,+47.89%,39,32,+3.85%,+5.16%,+73.27%,-39.92%,2.024,+5.16%,21,18,33,+54.55%,+5.99%,5.0,+60.00%,+1.32%,1.0,+0.00%,-3.10%,78.61,,,,,,,+0.08%,+0.39%,78.61,126,base,,0.57
us,momentum_quality,3,"100,000.00","134,557.59",+34.56%,+5.86%,+10.49%,+15.35%,0.727,1.054,0.599,+89.51%,+89.51%,-17.51%,+55.93%,-5.30%,0.804,+96.40%,+78.46%,59,40,+1.44%,+5.86%,+103.54%,-39.92%,2.128,+5.86%,33,26,55,+56.36%,+5.64%,4.0,+50.00%,+8.84%,,,,121.46,,,,,,,+0.12%,+0.35%,121.46,126,base,,0.727
us,momentum_quality,5,"100,000.00","177,628.36",+77.63%,+7.89%,+12.25%,+17.59%,0.745,1.054,0.672,+95.04%,+95.04%,-18.23%,+56.57%,+2.53%,0.765,+97.80%,+85.20%,99,63,+2.55%,+7.87%,+106.18%,-60.24%,2.563,+7.87%,56,43,74,+60.81%,+7.85%,14.0,+50.00%,+9.76%,11.0,+36.36%,+5.60%,204.64,,,,,,,+0.20%,+0.26%,204.64,126,base,,0.745
us,nifty_momentum,1,"100,000.00","169,826.77",+69.83%,+34.91%,+70.19%,+48.32%,1.343,1.962,2.008,+90.87%,+90.87%,-34.95%,+85.00%,+18.07%,2.277,+98.37%,+22.50%,20,20,+29.19%,+34.91%,+112.27%,-31.95%,13.399,+34.91%,17,3,20,+85.00%,+34.91%,,,,,,,46.98,,,,,,,+0.05%,+0.07%,46.98,126,base,,1.343
us,nifty_momentum,2,"100,000.00","209,172.15",+109.17%,+27.29%,+45.06%,+31.55%,1.338,1.918,1.587,+96.85%,+96.85%,-28.38%,+77.50%,+19.30%,1.163,+99.38%,+47.90%,40,37,+17.63%,+27.29%,+113.39%,-31.74%,10.366,+27.29%,31,9,40,+77.50%,+27.29%,,,,,,,90.92,,,,,,,+0.09%,+0.08%,90.92,126,base,,1.338
us,nifty_momentum,3,"100,000.00","290,579.51",+190.58%,+31.76%,+43.11%,+23.61%,1.637,2.397,1.921,+99.73%,+99.73%,-22.44%,+78.33%,+19.87%,0.994,+99.72%,+78.46%,60,49,+19.19%,+31.76%,+280.70%,-40.42%,11.813,+31.76%,47,13,60,+78.33%,+31.76%,,,,,,,139.06,,,,,,,+0.14%,+0.07%,139.06,126,base,,1.637
us,nifty_momentum,5,"100,000.00","342,792.62",+242.79%,+24.31%,+28.12%,+21.84%,1.244,1.831,1.401,+99.72%,+99.72%,-20.08%,+70.00%,+17.70%,0.783,+99.91%,+85.20%,100,90,+10.98%,+24.29%,+431.78%,-34.71%,7.919,+24.29%,70,30,80,+72.50%,+29.16%,10.0,+100.00%,+14.03%,10.0,+20.00%,-4.40%,224.06,,,,,,,+0.22%,+0.09%,224.06,126,base,,1.244
us,nifty_momentum_trend,1,"100,000.00","150,140.92",+50.14%,+25.07%,+50.38%,+44.78%,1.136,1.651,1.634,+87.04%,+87.04%,-30.83%,+85.00%,+5.99%,2.124,+99.60%,+22.50%,20,20,+22.75%,+25.07%,+100.34%,-32.30%,8.865,+25.07%,17,3,20,+85.00%,+25.07%,,,,,,,45.01,,,,,,,+0.05%,+0.09%,45.01,126,base,,1.136
us,nifty_momentum_trend,2,"100,000.00","267,098.61",+167.10%,+41.77%,+64.08%,+28.85%,1.862,2.711,2.649,+99.48%,+99.48%,-24.19%,+80.00%,+35.63%,1.101,+99.78%,+47.89%,40,36,+28.24%,+41.77%,+439.86%,-34.93%,17.662,+41.77%,32,8,40,+80.00%,+41.77%,,,,,,,96.71,,,,,,,+0.10%,+0.06%,96.71,126,base,,1.862
us,nifty_momentum_trend,3,"100,000.00","273,797.81",+173.80%,+28.97%,+40.27%,+23.45%,1.562,2.289,1.783,+99.61%,+99.61%,-22.58%,+76.67%,+17.81%,0.979,+99.85%,+78.46%,60,51,+21.48%,+28.97%,+228.94%,-33.54%,10.433,+28.97%,46,14,60,+76.67%,+28.97%,,,,,,,137.38,,,,,,,+0.14%,+0.08%,137.38,126,base,,1.562
us,nifty_momentum_trend,5,"100,000.00","342,792.62",+242.79%,+24.31%,+28.12%,+21.84%,1.244,1.831,1.401,+99.72%,+99.72%,-20.08%,+70.00%,+17.70%,0.783,+99.91%,+85.20%,100,90,+10.98%,+24.29%,+431.78%,-34.71%,7.919,+24.29%,70,30,80,+72.50%,+29.16%,10.0,+100.00%,+14.03%,10.0,+20.00%,-4.40%,224.06,,,,,,,+0.22%,+0.09%,224.06,126,base,,1.244
us,rs_trend,1,"100,000.00","210,000.25",+110.00%,+27.50%,+110.62%,+34.44%,2.338,3.552,5.57,+98.90%,+98.90%,-19.86%,+65.00%,+54.98%,1.73,+99.56%,+22.50%,40,23,+20.35%,+27.50%,+131.24%,-46.99%,5.664,+27.50%,26,14,40,+65.00%,+27.50%,,,,,,,91.00,,,,,,,+0.09%,+0.08%,91.0,63,base,,2.338
us,rs_trend,2,"100,000.00","345,632.52",+245.63%,+30.70%,+86.84%,+23.24%,2.809,4.481,4.279,+100.00%,+100.00%,-20.29%,+67.50%,+57.87%,0.927,+99.78%,+47.89%,80,44,+14.10%,+30.70%,+274.75%,-35.70%,7.64,+30.70%,54,26,70,+67.14%,+33.56%,10.0,+70.00%,+10.71%,,,,184.57,,,,,,,+0.18%,+0.08%,184.57,63,base,,2.809
us,rs_trend,3,"100,000.00","379,988.67",+279.99%,+23.33%,+56.60%,+24.51%,1.954,2.966,2.454,+99.96%,+99.96%,-23.07%,+64.17%,+28.48%,1.105,+99.85%,+78.46%,120,57,+10.58%,+23.33%,+276.99%,-32.35%,5.805,+23.33%,77,43,110,+62.73%,+24.00%,10.0,+80.00%,+16.02%,,,,268.00,,,,,,,+0.27%,+0.10%,268.0,63,base,,1.954
us,rs_trend,5,"100,000.00","376,518.01",+276.52%,+13.91%,+30.56%,+25.20%,1.185,1.71,1.176,+99.54%,+99.54%,-25.99%,+59.50%,+18.51%,0.928,+99.91%,+85.20%,200,105,+6.70%,+13.95%,+209.90%,-44.98%,3.103,+13.95%,119,81,150,+60.00%,+15.32%,20.0,+75.00%,+21.43%,30.0,+46.67%,+2.15%,425.14,,,,,,,+0.43%,+0.15%,425.14,63,base,,1.185
us,vwap_trend,1,"100,000.00","147,421.73",+47.42%,+11.29%,+47.65%,+30.78%,1.421,2.127,2.666,+92.12%,+92.12%,-17.87%,+57.14%,+3.52%,1.899,+99.56%,+22.50%,42,17,+3.78%,+11.29%,+130.28%,-32.24%,2.891,+11.29%,24,18,41,+56.10%,+11.07%,1.0,+100.00%,+20.38%,,,,88.74,,,,,,,+0.09%,+0.19%,88.74,63,base,,1.421
us,vwap_trend,2,"100,000.00","196,282.45",+96.28%,+11.74%,+40.48%,+24.70%,1.5,2.221,1.552,+98.25%,+98.25%,-26.08%,+59.76%,+12.23%,1.209,+99.78%,+47.89%,82,23,+2.82%,+11.74%,+146.47%,-37.50%,3.658,+11.74%,49,33,71,+56.34%,+10.84%,11.0,+81.82%,+17.55%,,,,173.63,,,,,,,+0.17%,+0.18%,173.63,63,base,,1.5
us,vwap_trend,3,"100,000.00","214,454.65",+114.45%,+8.02%,+29.22%,+22.31%,1.261,1.883,1.402,+98.55%,+98.55%,-20.85%,+60.31%,+5.21%,1.116,+99.85%,+78.46%,131,32,+4.08%,+8.06%,+164.23%,-40.52%,2.648,+8.06%,79,52,117,+59.83%,+8.04%,10.0,+80.00%,+11.96%,4.0,+25.00%,-0.96%,271.08,,,,,,,+0.27%,+0.26%,271.08,63,base,,1.261
us,vwap_trend,5,"100,000.00","215,274.87",+115.27%,+5.92%,+16.67%,+23.94%,0.764,1.086,0.427,+95.52%,+95.52%,-39.02%,+53.14%,+2.92%,1.111,+99.91%,+85.20%,207,51,+1.36%,+5.83%,+167.06%,-44.34%,1.978,+5.83%,110,93,156,+52.56%,+5.03%,18.0,+83.33%,+23.73%,33.0,+39.39%,-0.18%,400.82,,,,,,,+0.40%,+0.35%,400.82,63,base,,0.764
india,chandelier_breakout,1,"100,000.00","100,048.43",+0.05%,+0.01%,+0.05%,+15.60%,0.081,0.111,0.004,+53.21%,+53.21%,-12.36%,+39.39%,+1.08%,0.487,+63.16%,-0.46%,66,60,-1.79%,-0.01%,+41.35%,-22.16%,1.002,-0.01%,26,40,53,+43.40%,+0.29%,12.0,+16.67%,-4.75%,1.0,+100.00%,+41.35%,"1,443.04","1,297.54",97.20,38.54,1.3,7.17,1.3,+1.44%,+2979.34%,,250,regime_bull_pullback,,0.081
india,chandelier_breakout,2,"100,000.00","78,136.70",-21.86%,-1.63%,-11.74%,+16.25%,-0.686,-0.883,-0.382,+16.43%,+16.43%,-30.72%,+32.32%,-11.13%,0.577,+70.20%,+0.51%,164,129,-3.79%,-1.83%,+41.35%,-30.63%,0.641,-1.83%,53,109,118,+33.05%,-1.66%,42.0,+30.95%,-2.75%,4.0,+25.00%,+2.74%,"2,961.05","2,660.99",200.99,79.03,2.66,14.7,2.66,+2.96%,-13.54%,,250,regime_bull_pullback,,-0.686
india,chandelier_breakout,3,"100,000.00","94,379.64",-5.62%,-0.21%,-1.95%,+16.95%,-0.031,-0.04,-0.058,+47.90%,+47.90%,-33.77%,+38.83%,-6.08%,0.659,+79.41%,+25.92%,273,194,-3.27%,-0.22%,+80.94%,-30.63%,0.952,-0.22%,106,167,226,+40.27%,+0.13%,43.0,+32.56%,-2.36%,4.0,+25.00%,+2.74%,"6,010.03","5,403.63",405.24,160.49,5.4,29.86,5.4,+6.01%,-106.93%,,250,regime_bull_pullback,,-0.031
india,chandelier_breakout,5,"100,000.00","114,253.19",+14.25%,+0.31%,+2.75%,+16.23%,0.249,0.33,0.09,+70.79%,+70.79%,-30.48%,+37.77%,-1.46%,0.602,+82.75%,+49.54%,466,271,-3.17%,+0.40%,+121.72%,-30.63%,1.073,+0.40%,176,290,358,+37.71%,+0.24%,99.0,+38.38%,+1.09%,9.0,+33.33%,-0.94%,"10,256.40","9,223.16",689.90,273.93,9.22,50.97,9.22,+10.26%,+71.96%,,250,regime_bull_pullback,,0.249
india,connors_rsi2_bull,1,"100,000.00","80,824.01",-19.18%,-0.74%,-19.38%,+13.07%,-1.582,-1.954,-0.835,+5.18%,+5.18%,-23.22%,+55.17%,-18.84%,0.485,+54.36%,-0.46%,261,185,+0.25%,-0.76%,+8.82%,-27.87%,0.608,-0.76%,144,117,251,+56.57%,-0.60%,10.0,+20.00%,-4.66%,,,,"5,711.46","5,134.25",386.08,152.49,5.13,28.37,5.13,+5.71%,-29.78%,,20,regime_bull_pullback,,-1.582
india,connors_rsi2_bull,3,"100,000.00","58,352.89",-41.65%,-0.44%,-16.76%,+15.90%,-1.073,-1.367,-0.376,+3.03%,+3.03%,-44.61%,+54.26%,-20.29%,0.642,+70.49%,+25.92%,"1,032",377,+0.21%,-0.46%,+13.91%,-30.23%,0.732,-0.46%,560,453,956,+54.60%,-0.37%,70.0,+50.00%,-1.81%,6.0,+50.00%,+0.95%,"20,826.85","18,723.98","1,405.86",556.1,18.72,103.47,18.72,+20.83%,-50.01%,,20,regime_bull_pullback,,-1.073
india,connors_rsi2_bull,5,"100,000.00","52,527.13",-47.47%,-0.30%,-12.29%,+16.43%,-0.715,-0.922,-0.234,+5.40%,+5.40%,-52.53%,+54.92%,-16.44%,0.677,+73.12%,+49.54%,"1,819",421,+0.26%,-0.31%,+14.84%,-31.78%,0.813,-0.31%,999,770,"1,543",+54.31%,-0.38%,260.0,+59.62%,+0.21%,16.0,+37.50%,-2.85%,"35,075.85","31,535.78","2,366.11",936.61,31.54,174.27,31.54,+35.08%,-73.89%,,20,regime_bull_pullback,,-0.715
india,low_volatility,3,"100,000.00","104,543.88",+4.54%,+0.45%,+1.52%,+9.50%,0.207,0.293,0.062,+63.84%,+63.84%,-24.45%,+50.00%,-2.54%,0.52,+86.37%,+25.92%,100,28,-0.09%,+0.45%,+31.66%,-26.71%,1.12,+0.45%,50,50,90,+47.78%,+0.18%,10.0,+70.00%,+2.89%,,,,"2,228.84","2,004.40",149.82,59.53,2.0,11.08,2.0,+2.23%,+49.05%,,63,regime_bull_pullback,,0.207
india,low_volatility,5,"100,000.00","115,943.93",+15.94%,+0.95%,+3.06%,+9.70%,0.359,0.503,0.129,+78.62%,+78.62%,-23.78%,+51.18%,-0.86%,0.475,+87.88%,+49.54%,170,41,+0.03%,+0.89%,+39.29%,-22.58%,1.272,+0.89%,87,83,140,+46.43%,-0.26%,30.0,+73.33%,+6.28%,,,,"3,759.04","3,381.07",252.10,100.42,3.38,18.68,3.38,+3.76%,+23.58%,,63,regime_bull_pullback,,0.359
india,mom_lowvol_combo,3,"100,000.00","153,846.12",+53.85%,+5.38%,+15.80%,+10.01%,1.516,2.24,0.996,+99.49%,+99.49%,-15.87%,+51.00%,+11.29%,0.513,+86.37%,+25.92%,100,49,+0.38%,+5.38%,+88.08%,-26.56%,2.364,+5.38%,51,49,90,+46.67%,+4.84%,10.0,+90.00%,+10.29%,,,,"2,280.03","2,053.75",149.82,61.0,2.05,11.35,2.05,+2.28%,+4.23%,,63,regime_bull_pullback,,1.516
india,mom_lowvol_combo,5,"100,000.00","187,560.92",+87.56%,+5.15%,+13.67%,+10.94%,1.227,1.734,0.874,+99.60%,+99.60%,-15.64%,+57.06%,+8.72%,0.552,+87.88%,+49.54%,170,80,+1.54%,+5.15%,+87.07%,-29.48%,2.427,+5.15%,97,73,140,+51.43%,+3.65%,30.0,+83.33%,+12.16%,,,,"3,871.92","3,487.40",254.70,103.58,3.49,19.27,3.49,+3.87%,+4.42%,,63,regime_bull_pullback,,1.227
india,momentum_quality,1,"100,000.00","97,913.89",-2.09%,-2.61%,-2.11%,+11.31%,-0.132,-0.18,-0.191,+44.78%,+44.78%,-11.07%,+37.50%,-1.67%,0.474,+40.64%,-0.46%,8,8,-7.58%,-2.61%,+24.56%,-35.44%,0.747,-2.61%,3,5,8,+37.50%,-2.61%,,,,,,,175.76,157.90,11.99,4.69,0.16,0.87,0.16,+0.18%,-8.43%,,126,regime_bull_pullback,,-0.132
india,momentum_quality,2,"100,000.00","89,178.76",-10.82%,-4.69%,-5.63%,+15.20%,-0.305,-0.403,-0.23,+33.36%,+33.36%,-24.43%,+32.00%,-5.13%,0.561,+63.63%,+0.51%,25,18,-6.76%,-3.40%,+88.00%,-41.89%,0.596,-3.40%,8,16,18,+16.67%,-11.15%,7.0,+71.43%,+16.51%,,,,501.58,450.28,34.54,13.37,0.45,2.49,0.45,+0.50%,-4.64%,,126,regime_bull_pullback,,-0.305
india,momentum_quality,3,"100,000.00","172,363.77",+72.36%,+17.23%,+20.37%,+11.62%,1.654,2.424,2.383,+99.69%,+99.69%,-8.55%,+61.90%,+15.73%,0.528,+71.98%,+25.92%,42,30,+9.73%,+17.23%,+91.12%,-29.19%,4.898,+17.23%,26,16,35,+60.00%,+17.67%,7.0,+71.43%,+15.04%,,,,"1,009.27",912.38,62.93,27.1,0.91,5.04,0.91,+1.01%,+1.39%,,126,regime_bull_pullback,,1.654
india,momentum_quality,5,"100,000.00","230,278.06",+130.28%,+17.63%,+18.52%,+13.24%,1.35,1.914,0.751,+99.81%,+99.81%,-24.68%,+64.86%,+13.59%,0.561,+75.91%,+49.54%,74,46,+8.62%,+17.55%,+280.25%,-41.59%,4.213,+17.55%,48,26,56,+57.14%,+10.73%,18.0,+88.89%,+38.77%,,,,"1,778.75","1,608.17",110.71,47.76,1.61,8.89,1.61,+1.78%,+1.37%,,126,regime_bull_pullback,,1.35
india,nifty_momentum,1,"100,000.00","92,862.23",-7.14%,-3.59%,-7.22%,+23.12%,-0.208,-0.29,-0.364,+41.81%,+41.81%,-19.86%,+40.00%,-5.22%,1.361,+98.40%,-0.46%,20,20,-3.77%,-3.59%,+28.48%,-40.13%,0.578,-3.59%,8,12,20,+40.00%,-3.59%,,,,,,,434.85,390.52,29.79,11.6,0.39,2.16,0.39,+0.43%,-6.09%,,126,regime_bull_pullback,,-0.208
india,nifty_momentum,2,"100,000.00","90,205.24",-9.79%,-3.48%,-5.08%,+22.48%,-0.12,-0.165,-0.148,+43.33%,+43.33%,-34.29%,+43.33%,-3.62%,0.889,+76.35%,+0.51%,30,27,-1.82%,-2.21%,+60.58%,-47.21%,0.738,-2.21%,13,16,20,+45.00%,-5.31%,10.0,+40.00%,+3.98%,,,,616.48,553.66,42.21,16.44,0.55,3.06,0.55,+0.62%,-6.29%,,126,regime_bull_pullback,,-0.12
india,nifty_momentum,3,"100,000.00","180,326.92",+80.33%,+16.07%,+22.24%,+16.02%,1.334,1.919,1.154,+98.69%,+98.69%,-19.27%,+60.00%,+17.41%,0.609,+86.25%,+25.92%,50,42,+10.50%,+16.07%,+177.13%,-44.89%,2.77,+16.07%,30,20,40,+62.50%,+18.62%,10.0,+50.00%,+5.86%,,,,"1,195.46","1,080.34",74.91,32.09,1.08,5.97,1.08,+1.20%,+1.49%,,126,regime_bull_pullback,,1.334
india,nifty_momentum,3,"100,000.00","155,765.04",+55.77%,+5.58%,+16.29%,+17.35%,0.958,1.297,0.889,+94.36%,+94.36%,-18.32%,+59.00%,+11.40%,0.667,+86.37%,+25.92%,100,67,+6.19%,+5.58%,+97.11%,-60.56%,1.799,+5.58%,59,41,90,+56.67%,+4.57%,10.0,+80.00%,+14.60%,,,,"2,282.02","2,055.68",149.82,61.05,2.06,11.36,2.06,+2.28%,+4.09%,,63,regime_bull_pullback,,0.958
india,nifty_momentum,5,"100,000.00","244,660.64",+144.66%,+16.07%,+19.99%,+17.08%,1.153,1.597,0.823,+99.35%,+99.35%,-24.30%,+58.89%,+14.12%,0.708,+92.33%,+49.54%,90,75,+9.38%,+16.07%,+177.60%,-80.67%,2.683,+16.07%,53,37,70,+62.86%,+22.58%,20.0,+45.00%,-6.69%,,,,"2,151.91","1,944.68",134.84,57.76,1.94,10.75,1.94,+2.15%,+1.49%,,126,regime_bull_pullback,,1.153
india,nifty_momentum,5,"100,000.00","212,408.12",+112.41%,+6.61%,+16.59%,+16.76%,1.0,1.369,0.649,+98.46%,+98.46%,-25.57%,+55.88%,+11.38%,0.654,+87.88%,+49.54%,170,107,+4.84%,+6.61%,+100.50%,-60.56%,2.033,+6.61%,95,75,140,+49.29%,+3.59%,30.0,+86.67%,+20.73%,,,,"3,897.72","3,512.27",254.70,104.31,3.51,19.41,3.51,+3.90%,+3.47%,,63,regime_bull_pullback,,1.0
india,nifty_momentum_trend,1,"100,000.00","86,789.63",-13.21%,-6.99%,-13.36%,+23.18%,-0.502,-0.693,-0.474,+30.93%,+30.93%,-28.17%,+35.00%,-11.49%,1.392,+99.60%,-0.46%,20,20,-2.86%,-6.08%,+27.37%,-46.18%,0.404,-6.08%,7,13,20,+35.00%,-6.08%,,,,,,,406.55,364.66,28.31,10.83,0.36,2.02,0.36,+0.41%,-3.08%,,126,regime_bull_pullback,,-0.502
india,nifty_momentum_trend,2,"100,000.00","99,878.21",-0.12%,-0.04%,-0.06%,+22.35%,0.109,0.154,-0.002,+56.08%,+56.08%,-28.70%,+43.33%,+1.41%,0.919,+76.35%,+0.51%,30,26,-5.39%,+0.10%,+79.71%,-43.31%,0.997,+0.10%,13,17,20,+40.00%,-2.00%,10.0,+50.00%,+4.30%,,,,655.52,589.41,44.17,17.51,0.59,3.26,0.59,+0.66%,-538.24%,,126,regime_bull_pullback,,0.109
india,nifty_momentum_trend,3,"100,000.00","166,923.77",+66.92%,+13.38%,+19.06%,+16.60%,1.135,1.578,0.922,+96.96%,+96.96%,-20.67%,+60.00%,+14.16%,0.641,+85.70%,+25.92%,50,45,+5.19%,+13.38%,+156.87%,-52.44%,2.482,+13.38%,30,20,40,+62.50%,+15.66%,10.0,+50.00%,+4.30%,,,,"1,181.55","1,066.92",74.91,31.69,1.07,5.9,1.07,+1.18%,+1.77%,,126,regime_bull_pullback,,1.135
india,nifty_momentum_trend,5,"100,000.00","229,440.47",+129.44%,+14.49%,+18.43%,+17.64%,1.048,1.433,0.641,+98.79%,+98.79%,-28.74%,+61.11%,+12.51%,0.732,+92.33%,+49.54%,90,75,+9.42%,+15.28%,+169.15%,-76.99%,2.454,+15.28%,55,35,70,+65.71%,+21.91%,20.0,+45.00%,-7.91%,,,,"2,121.67","1,916.46",133.87,56.92,1.92,10.59,1.92,+2.12%,+1.64%,,126,regime_bull_pullback,,1.048
india,rs_trend,1,"100,000.00","81,624.37",-18.38%,-6.54%,-18.58%,+23.39%,-0.759,-0.953,-0.805,+21.77%,+21.77%,-23.09%,+30.00%,-16.61%,1.017,+76.84%,-0.46%,30,28,-5.45%,-4.38%,+56.81%,-50.86%,0.435,-4.38%,9,21,30,+30.00%,-4.38%,,,,,,,606.22,543.85,42.12,16.15,0.54,3.01,0.54,+0.61%,-3.30%,,63,regime_bull_pullback,,-0.759
india,rs_trend,2,"100,000.00","79,387.82",-20.61%,-3.75%,-11.02%,+25.95%,-0.319,-0.413,-0.365,+32.59%,+32.59%,-30.17%,+36.67%,-8.90%,0.927,+76.97%,+0.51%,60,47,-6.50%,-3.51%,+44.97%,-60.56%,0.655,-3.51%,22,38,50,+28.00%,-6.53%,10.0,+80.00%,+11.57%,,,,"1,201.89","1,079.31",82.40,32.06,1.08,5.96,1.08,+1.20%,-5.83%,,63,regime_bull_pullback,,-0.319
india,rs_trend,3,"100,000.00","195,867.79",+95.87%,+19.17%,+25.73%,+18.36%,1.34,1.887,1.404,+98.66%,+98.66%,-18.32%,+58.00%,+21.06%,0.628,+85.71%,+25.92%,50,44,+12.43%,+19.17%,+128.08%,-43.10%,3.077,+19.17%,29,21,40,+60.00%,+20.94%,10.0,+50.00%,+12.13%,,,,"1,211.60","1,095.89",74.91,32.55,1.1,6.06,1.1,+1.21%,+1.26%,,126,regime_bull_pullback,,1.34
india,rs_trend,3,"100,000.00","152,496.26",+52.50%,+5.25%,+15.45%,+18.93%,0.855,1.177,0.866,+92.40%,+92.40%,-17.84%,+49.00%,+10.89%,0.669,+86.38%,+25.92%,100,67,-0.88%,+5.25%,+98.25%,-60.56%,1.728,+5.25%,49,51,90,+45.56%,+4.55%,10.0,+80.00%,+11.57%,,,,"2,278.63","2,052.40",149.82,60.96,2.05,11.34,2.05,+2.28%,+4.34%,,63,regime_bull_pullback,,0.855
india,rs_trend,5,"100,000.00","292,483.21",+192.48%,+21.39%,+24.44%,+17.44%,1.342,1.929,0.948,+99.82%,+99.82%,-25.77%,+64.44%,+19.13%,0.643,+92.67%,+49.54%,90,71,+17.66%,+21.39%,+188.82%,-76.99%,3.221,+21.39%,58,32,70,+70.00%,+27.20%,20.0,+45.00%,+1.04%,,,,"2,201.56","1,992.55",134.84,59.18,1.99,11.01,1.99,+2.20%,+1.14%,,126,regime_bull_pullback,,1.342
india,rs_trend,5,"100,000.00","218,221.02",+118.22%,+6.95%,+17.23%,+17.46%,0.998,1.397,0.699,+98.50%,+98.50%,-24.65%,+54.12%,+12.43%,0.624,+87.89%,+49.54%,170,103,+2.32%,+6.95%,+108.49%,-60.56%,2.122,+6.95%,92,78,140,+48.57%,+3.93%,30.0,+80.00%,+21.05%,,,,"3,903.76","3,518.09",254.70,104.49,3.52,19.44,3.52,+3.90%,+3.30%,,63,regime_bull_pullback,,0.998
india,vwap_trend,1,"100,000.00","108,931.76",+8.93%,+2.71%,+9.04%,+15.30%,0.643,0.905,0.466,+73.66%,+73.66%,-19.42%,+39.39%,+9.99%,0.777,+71.24%,-0.46%,33,23,-1.82%,+2.72%,+55.22%,-31.24%,1.422,+2.72%,13,20,30,+43.33%,+3.99%,3.0,+0.00%,-10.02%,,,,742.83,668.53,49.41,19.86,0.67,3.69,0.67,+0.74%,+8.32%,,63,regime_bull_pullback,,0.643
india,vwap_trend,2,"100,000.00","77,104.64",-22.90%,-4.08%,-12.33%,+18.59%,-0.613,-0.784,-0.401,+18.89%,+18.89%,-30.71%,+38.71%,-11.66%,0.884,+77.35%,+0.51%,62,36,-1.95%,-3.21%,+54.21%,-60.56%,0.393,-3.21%,24,37,51,+31.37%,-4.53%,11.0,+72.73%,+2.89%,,,,"1,224.58","1,099.55",84.09,32.66,1.1,6.08,1.1,+1.22%,-5.35%,,63,regime_bull_pullback,,-0.613
india,vwap_trend,3,"100,000.00","126,503.11",+26.50%,+2.55%,+8.34%,+15.81%,0.586,0.792,0.284,+83.66%,+83.66%,-29.32%,+50.96%,+2.62%,0.766,+84.35%,+25.92%,104,55,+0.75%,+2.60%,+98.38%,-60.56%,1.452,+2.60%,53,51,93,+48.39%,+2.86%,11.0,+72.73%,+0.35%,,,,"2,336.61","2,102.78",155.55,62.45,2.1,11.62,2.1,+2.34%,+8.82%,,63,regime_bull_pullback,,0.586
india,vwap_trend,5,"100,000.00","133,755.69",+33.76%,+1.97%,+6.10%,+15.06%,0.469,0.638,0.223,+84.69%,+84.69%,-27.33%,+49.71%,-0.15%,0.788,+88.01%,+49.54%,171,70,-0.01%,+1.97%,+139.62%,-60.56%,1.411,+1.97%,85,86,141,+46.10%,+1.69%,30.0,+66.67%,+3.30%,,,,"3,838.30","3,453.54",256.20,102.57,3.45,19.08,3.45,+3.84%,+11.37%,,63,regime_bull_pullback,,0.469
india,mom_lowvol_combo,3,"100,000.00","148,138.06",+48.14%,+4.81%,+14.32%,+9.99%,1.39,2.016,0.949,+99.04%,+99.04%,-15.09%,+51.33%,+9.68%,0.533,+86.38%,+25.92%,150,72,+0.78%,+4.81%,+88.08%,-37.77%,2.157,+4.81%,77,73,135,+48.15%,+4.19%,15.0,+80.00%,+10.47%,,,,"2,274.10","2,048.04",149.82,60.83,2.05,11.32,2.05,+2.27%,+4.72%,,63,regime_top15,,1.39
india,mom_lowvol_combo,3,"100,000.00","142,882.17",+42.88%,+3.67%,+12.92%,+10.06%,1.258,1.814,0.722,+98.26%,+98.26%,-17.90%,+48.72%,+8.42%,0.525,+84.12%,+25.92%,117,50,-0.77%,+3.67%,+76.94%,-15.27%,1.935,+3.67%,57,60,99,+45.45%,+3.61%,17.0,+64.71%,+4.08%,1.0,+100.00%,+2.69%,"2,643.74","2,380.05",175.09,70.69,2.38,13.15,2.38,+2.64%,+6.17%,,63,regime_trail15,,1.258
india,momentum_quality,3,"100,000.00","148,859.60",+48.86%,+17.45%,+14.51%,+8.68%,1.605,2.325,2.237,+99.60%,+99.60%,-6.49%,+64.29%,+11.09%,0.391,+47.99%,+25.92%,42,30,+9.60%,+17.45%,+91.12%,-29.19%,5.002,+17.45%,27,15,35,+62.86%,+17.64%,7.0,+71.43%,+16.51%,,,,673.48,608.87,41.95,18.08,0.61,3.36,0.61,+0.67%,+1.38%,,126,regime_top15,,1.605
india,momentum_quality,3,"100,000.00","136,644.70",+36.64%,+17.45%,+11.22%,+6.91%,1.573,2.27,2.134,+99.53%,+99.53%,-5.26%,+64.29%,+8.49%,0.313,+35.99%,+25.92%,42,30,+9.60%,+17.45%,+91.12%,-29.19%,5.002,+17.45%,27,15,35,+62.86%,+17.64%,7.0,+71.43%,+16.51%,,,,505.11,456.65,31.46,13.56,0.46,2.52,0.46,+0.51%,+1.38%,,126,regime_top20,,1.573
india,momentum_quality,3,"100,000.00","142,319.66",+42.32%,+6.13%,+12.77%,+9.92%,1.262,1.798,1.093,+98.19%,+98.19%,-11.69%,+47.83%,+9.61%,0.382,+49.78%,+25.92%,69,30,-1.93%,+6.13%,+90.29%,-16.50%,2.304,+6.13%,33,36,58,+44.83%,+5.65%,11.0,+63.64%,+8.68%,,,,"1,578.58","1,422.26",103.38,42.24,1.42,7.86,1.42,+1.58%,+3.73%,,126,regime_trail15,,1.262
india,momentum_quality,3,"100,000.00","155,834.08",+55.83%,+10.95%,+16.31%,+10.66%,1.471,2.106,1.794,+99.18%,+99.18%,-9.09%,+49.02%,+12.66%,0.431,+57.73%,+25.92%,51,30,-1.93%,+10.95%,+91.12%,-20.26%,2.91,+10.95%,25,26,41,+48.78%,+11.38%,10.0,+50.00%,+9.19%,,,,"1,192.27","1,075.82",76.41,31.95,1.08,5.94,1.08,+1.19%,+2.14%,,126,regime_trail20,,1.471
india,momentum_quality,3,"100,000.00","149,201.20",+49.20%,+10.93%,+14.60%,+7.81%,1.784,2.707,1.906,+99.85%,+99.85%,-7.66%,+62.22%,+12.24%,0.273,+38.87%,+25.92%,45,30,+6.53%,+10.93%,+96.95%,-26.62%,3.77,+10.93%,28,17,38,+57.89%,+9.09%,7.0,+85.71%,+20.93%,,,,"1,051.94",949.19,67.42,28.19,0.95,5.25,0.95,+1.05%,+2.14%,,63,regime,,1.784
india,momentum_quality,5,"100,000.00","194,241.74",+94.24%,+18.15%,+14.48%,+10.04%,1.398,1.989,0.777,+99.86%,+99.86%,-18.63%,+66.67%,+10.67%,0.425,+53.34%,+49.54%,78,47,+9.60%,+18.15%,+280.25%,-41.59%,4.156,+18.15%,52,26,59,+59.32%,+12.29%,18.0,+88.89%,+38.37%,1.0,+100.00%,+0.22%,"1,252.81","1,132.84",77.8,33.65,1.13,6.26,1.13,+1.25%,+1.33%,,126,regime_top15,,1.398
india,momentum_quality,5,"100,000.00","161,268.78",+61.27%,+4.89%,+10.23%,+10.18%,1.008,1.426,0.638,+98.55%,+98.55%,-16.02%,+46.46%,+7.30%,0.351,+52.63%,+49.54%,127,47,-1.08%,+4.79%,+90.29%,-16.50%,2.09,+4.79%,59,68,99,+39.39%,+3.01%,25.0,+76.00%,+13.61%,3.0,+33.33%,-10.11%,"2,850.27","2,566.99",187.72,76.24,2.57,14.19,2.57,+2.85%,+4.65%,,126,regime_trail15,,1.008
india,momentum_quality,5,"100,000.00","156,604.69",+56.60%,+7.11%,+9.57%,+10.57%,0.918,1.301,0.37,+97.71%,+97.71%,-25.88%,+58.02%,+6.79%,0.342,+41.87%,+49.54%,81,47,+4.00%,+8.38%,+109.90%,-51.06%,2.208,+8.38%,47,34,60,+48.33%,+3.03%,21.0,+85.71%,+23.67%,,,,"1,830.52","1,649.75",119.35,49.0,1.65,9.12,1.65,+1.83%,+3.23%,,63,regime,,0.918
india,nifty_momentum,3,"100,000.00","192,136.35",+92.14%,+18.43%,+24.91%,+15.30%,1.531,2.142,1.594,+99.34%,+99.34%,-15.62%,+62.67%,+19.85%,0.609,+86.06%,+25.92%,75,61,+10.14%,+18.43%,+177.13%,-44.89%,3.302,+18.43%,47,28,60,+63.33%,+20.16%,15.0,+60.00%,+11.48%,,,,"1,207.73","1,092.16",74.91,32.44,1.09,6.04,1.09,+1.21%,+1.31%,,126,regime_top15,,1.531
india,nifty_momentum,3,"100,000.00","123,534.39",+23.53%,+1.21%,+7.46%,+16.77%,0.514,0.685,0.27,+80.66%,+80.66%,-27.62%,+36.41%,+3.26%,0.62,+81.63%,+25.92%,195,89,-5.68%,+1.29%,+158.49%,-59.29%,1.192,+1.29%,71,124,159,+37.11%,+2.16%,33.0,+30.30%,-4.46%,3.0,+66.67%,+18.27%,"4,341.73","3,905.52",290.82,115.99,3.91,21.58,3.91,+4.34%,+18.45%,,126,regime_trail15,,0.514
india,nifty_momentum,3,"100,000.00","120,289.39",+20.29%,+0.95%,+6.49%,+16.69%,0.461,0.614,0.232,+78.17%,+78.17%,-27.97%,+38.32%,+2.30%,0.621,+81.13%,+25.92%,214,94,-3.99%,+1.02%,+77.85%,-59.29%,1.159,+1.02%,82,132,177,+38.98%,+1.80%,34.0,+32.35%,-3.96%,3.0,+66.67%,+11.33%,"4,760.94","4,282.24",319.29,127.18,4.28,23.66,4.28,+4.76%,+23.47%,,63,regime_trail15,,0.461
india,nifty_momentum,5,"100,000.00","207,314.05",+107.31%,+3.20%,+16.01%,+15.54%,1.034,1.446,0.527,+98.74%,+98.74%,-30.39%,+36.90%,+11.79%,0.538,+84.15%,+49.54%,336,133,-5.41%,+3.22%,+206.65%,-59.29%,1.512,+3.22%,124,212,257,+35.02%,+1.59%,66.0,+48.48%,+11.21%,13.0,+15.38%,-5.21%,"7,561.61","6,806.38",501.86,202.15,6.81,37.61,6.81,+7.56%,+7.05%,,126,regime_trail15,,1.034
india,rs_trend,3,"100,000.00","209,375.72",+109.38%,+21.88%,+28.61%,+15.92%,1.662,2.355,1.845,+99.66%,+99.66%,-15.51%,+60.00%,+23.83%,0.581,+86.07%,+25.92%,75,60,+11.63%,+21.88%,+213.57%,-43.10%,3.545,+21.88%,45,30,60,+58.33%,+22.44%,15.0,+66.67%,+19.61%,,,,"1,225.63","1,109.42",74.91,32.95,1.11,6.13,1.11,+1.23%,+1.12%,,126,regime_top15,,1.662
india,rs_trend,3,"100,000.00","141,653.84",+41.65%,+1.78%,+12.59%,+18.98%,0.721,0.967,0.622,+88.65%,+88.65%,-20.24%,+39.83%,+8.58%,0.623,+80.72%,+25.92%,236,84,-4.24%,+1.85%,+140.10%,-57.83%,1.306,+1.85%,94,142,201,+38.81%,+1.33%,33.0,+42.42%,+3.30%,2.0,+100.00%,+30.08%,"5,256.60","4,729.36",351.18,140.46,4.73,26.13,4.73,+5.26%,+12.62%,,126,regime_trail15,,0.721
india,rs_trend,5,"100,000.00","239,513.05",+139.51%,+3.50%,+19.47%,+16.57%,1.157,1.641,0.916,+99.40%,+99.40%,-21.27%,+39.40%,+15.54%,0.516,+83.54%,+49.54%,401,120,-5.15%,+3.56%,+225.11%,-57.83%,1.584,+3.56%,158,243,322,+36.96%,+1.83%,70.0,+52.86%,+12.18%,9.0,+22.22%,-1.53%,"9,000.97","8,102.77",596.57,240.65,8.1,44.78,8.1,+9.00%,+6.45%,,126,regime_trail15,,1.157
india,momentum_quality,3,"100,000.00","133,874.80",+33.87%,+4.58%,+10.45%,+9.40%,1.104,1.557,0.814,+96.75%,+96.75%,-12.83%,+58.11%,+7.75%,0.334,+42.94%,+25.92%,74,30,+2.18%,+4.58%,+53.78%,-23.82%,2.09,+4.58%,43,31,67,+56.72%,+3.82%,7.0,+71.43%,+11.86%,,,,"1,681.02","1,513.80",110.87,44.96,1.51,8.37,1.51,+1.68%,+4.96%,,42,regime,,1.104
india,momentum_quality,3,"100,000.00","149,201.20",+49.20%,+10.93%,+14.60%,+7.81%,1.784,2.707,1.906,+99.85%,+99.85%,-7.66%,+62.22%,+12.24%,0.273,+38.87%,+25.92%,45,30,+6.53%,+10.93%,+96.95%,-26.62%,3.77,+10.93%,28,17,38,+57.89%,+9.09%,7.0,+85.71%,+20.93%,,,,"1,051.94",949.19,67.42,28.19,0.95,5.25,0.95,+1.05%,+2.14%,,63,regime_invvol,,1.784
india,momentum_quality,3,"100,000.00","141,808.64",+41.81%,+8.04%,+12.63%,+8.11%,1.508,2.223,1.368,+99.39%,+99.39%,-9.24%,+53.85%,+10.19%,0.289,+38.70%,+25.92%,52,30,+3.56%,+8.04%,+96.95%,-16.27%,2.593,+8.04%,28,24,41,+53.66%,+7.73%,11.0,+54.55%,+9.20%,,,,"1,199.95","1,081.78",77.91,32.13,1.08,5.98,1.08,+1.20%,+2.87%,,63,regime_stop15,,1.508
india,momentum_quality,3,"100,000.00","132,800.80",+32.80%,+10.93%,+10.14%,+5.62%,1.747,2.634,1.798,+99.81%,+99.81%,-5.64%,+62.22%,+8.44%,0.197,+25.91%,+25.92%,45,30,+6.53%,+10.93%,+96.95%,-26.62%,3.77,+10.93%,28,17,38,+57.89%,+9.09%,7.0,+85.71%,+20.93%,,,,701.29,632.79,44.95,18.79,0.63,3.5,0.63,+0.70%,+2.14%,,63,regime_top15,,1.747
india,momentum_quality,3,"100,000.00","127,872.43",+27.87%,+8.04%,+8.73%,+5.82%,1.468,2.149,1.283,+99.26%,+99.26%,-6.81%,+53.85%,+6.96%,0.208,+25.80%,+25.92%,52,30,+3.56%,+8.04%,+96.95%,-16.27%,2.593,+8.04%,28,24,41,+53.66%,+7.73%,11.0,+54.55%,+9.20%,,,,799.97,721.18,51.94,21.42,0.72,3.99,0.72,+0.80%,+2.87%,,63,regime_top15_stop15,,1.468
india,momentum_quality,3,"100,000.00","124,600.60",+24.60%,+10.93%,+7.78%,+4.40%,1.726,2.594,1.741,+99.79%,+99.79%,-4.47%,+62.22%,+6.45%,0.154,+19.43%,+25.92%,45,30,+6.53%,+10.93%,+96.95%,-26.62%,3.77,+10.93%,28,17,38,+57.89%,+9.09%,7.0,+85.71%,+20.93%,,,,525.97,474.59,33.71,14.1,0.47,2.62,0.47,+0.53%,+2.14%,,63,regime_top20,,1.726
india,momentum_quality,3,"100,000.00","148,495.97",+48.50%,+10.78%,+14.41%,+9.88%,1.412,2.021,1.096,+99.05%,+99.05%,-13.15%,+55.56%,+11.32%,0.37,+51.62%,+25.92%,45,30,+5.00%,+10.78%,+120.13%,-33.04%,2.923,+10.78%,25,20,38,+55.26%,+8.64%,7.0,+57.14%,+22.40%,,,,"1,051.21",948.48,67.42,28.17,0.95,5.24,0.95,+1.05%,+2.17%,,84,regime,,1.412
india,momentum_quality,5,"100,000.00","146,041.34",+46.04%,+8.32%,+8.02%,+7.32%,1.091,1.571,0.435,+99.12%,+99.12%,-18.43%,+57.83%,+5.99%,0.236,+28.61%,+49.54%,83,47,+4.00%,+8.32%,+109.90%,-51.06%,2.452,+8.32%,48,35,61,+49.18%,+3.26%,21.0,+85.71%,+23.67%,1.0,+0.00%,-5.40%,"1,278.49","1,152.67",82.9,34.23,1.15,6.37,1.15,+1.28%,+2.78%,,63,regime_top15,,1.091
india,nifty_momentum,3,"100,000.00","139,123.24",+39.12%,+3.91%,+11.90%,+16.98%,0.748,0.997,0.602,+89.41%,+89.41%,-19.76%,+53.33%,+6.70%,0.713,+86.37%,+25.92%,150,94,+2.86%,+3.91%,+97.11%,-60.56%,1.562,+3.91%,80,70,135,+50.37%,+2.80%,15.0,+80.00%,+13.93%,,,,"2,264.74","2,039.02",149.82,60.56,2.04,11.27,2.04,+2.26%,+5.79%,,63,regime_top15,,0.748
india,rs_trend,3,"100,000.00","158,068.27",+58.07%,+5.81%,+16.87%,+17.62%,0.974,1.323,1.11,+94.71%,+94.71%,-15.20%,+50.00%,+11.75%,0.693,+86.38%,+25.92%,150,92,+0.63%,+5.81%,+110.08%,-60.56%,1.817,+5.81%,75,75,135,+45.93%,+4.13%,15.0,+86.67%,+20.86%,,,,"2,284.41","2,057.98",149.82,61.12,2.06,11.37,2.06,+2.28%,+3.93%,,63,regime_top15,,0.974
india,quality_mom_lowvol,1,"100,000.00","100,068.98",+0.07%,+0.09%,+0.07%,+5.83%,0.041,0.055,0.01,+51.63%,+51.63%,-6.68%,+50.00%,+0.22%,0.05,+20.48%,-0.46%,8,8,+1.71%,+0.09%,+29.08%,-26.15%,1.013,+0.09%,4,4,8,+50.00%,+0.09%,,,,,,,178.00,160.06,11.99,4.75,0.16,0.88,0.16,+0.18%,+258.04%,,63,regime,,0.041
india,quality_mom_lowvol,3,"100,000.00","149,010.57",+49.01%,+10.89%,+14.55%,+7.82%,1.776,2.695,1.897,+99.84%,+99.84%,-7.67%,+62.22%,+12.19%,0.273,+38.87%,+25.92%,45,30,+6.53%,+10.89%,+96.95%,-26.62%,3.759,+10.89%,28,17,38,+57.89%,+9.04%,7.0,+85.71%,+20.93%,,,,"1,051.74",949.00,67.42,28.19,0.95,5.24,0.95,+1.05%,+2.15%,,63,regime,,1.776
india,quality_mom_lowvol,5,"100,000.00","154,948.83",+54.95%,+6.90%,+9.33%,+10.55%,0.898,1.269,0.362,+97.46%,+97.46%,-25.79%,+58.02%,+6.54%,0.344,+41.87%,+49.54%,81,47,+4.00%,+8.40%,+109.90%,-51.06%,2.176,+8.40%,47,34,60,+48.33%,+3.05%,21.0,+85.71%,+23.67%,,,,"1,829.36","1,648.60",119.39,48.96,1.65,9.11,1.65,+1.83%,+3.33%,,63,regime,,0.898
india,supertrend_expr,1,"100,000.00","89,735.38",-10.26%,-1.70%,-10.38%,+17.59%,-0.535,-0.723,-0.393,+29.69%,+29.69%,-26.44%,+29.03%,-9.21%,0.636,+64.56%,-0.46%,62,49,-3.77%,-1.62%,+59.11%,-23.27%,0.681,-1.62%,18,44,51,+31.37%,+0.28%,10.0,+20.00%,-9.60%,1.0,+0.00%,-18.29%,"1,334.59","1,199.33",90.62,35.62,1.2,6.63,1.2,+1.33%,-13.00%,,250,regime,,-0.535
india,supertrend_expr,3,"100,000.00","136,020.28",+36.02%,+1.98%,+11.04%,+16.37%,0.723,0.972,0.572,+88.45%,+88.45%,-19.32%,+41.21%,+6.16%,0.67,+82.97%,+25.92%,182,104,-2.46%,+2.01%,+165.20%,-32.82%,1.46,+2.01%,75,107,143,+41.26%,+3.06%,38.0,+42.11%,-1.40%,1.0,+0.00%,-18.29%,"4,080.16","3,671.17",272.33,109.03,3.67,20.29,3.67,+4.08%,+11.33%,,250,regime,,0.723
india,supertrend_expr,5,"100,000.00","143,684.70",+43.68%,+1.36%,+7.66%,+17.07%,0.519,0.687,0.244,+86.99%,+86.99%,-31.41%,+34.55%,+2.16%,0.734,+85.67%,+49.54%,330,148,-3.38%,+1.36%,+188.44%,-32.82%,1.295,+1.36%,114,216,246,+34.15%,+1.60%,80.0,+37.50%,+1.39%,4.0,+0.00%,-13.97%,"7,191.66","6,469.43",481.39,192.14,6.47,35.75,6.47,+7.19%,+16.46%,,250,regime,,0.519
india,turtle_breakout,1,"100,000.00","91,260.96",-8.74%,-1.37%,-8.84%,+14.99%,-0.542,-0.708,-0.37,+29.34%,+29.34%,-23.91%,+33.33%,-8.03%,0.624,+69.24%,-0.46%,66,59,-3.21%,-1.30%,+33.81%,-19.83%,0.695,-1.30%,22,44,53,+35.85%,-1.20%,12.0,+16.67%,-4.67%,1.0,+100.00%,+33.81%,"1,411.52","1,268.60",95.69,37.68,1.27,7.01,1.27,+1.41%,-16.15%,,250,regime,,-0.542
india,turtle_breakout,3,"100,000.00","107,503.29",+7.50%,+0.33%,+2.49%,+15.90%,0.235,0.315,0.067,+65.54%,+65.54%,-36.98%,+36.84%,-1.36%,0.586,+82.43%,+25.92%,228,162,-2.03%,+0.33%,+57.87%,-38.91%,1.073,+0.33%,84,144,179,+40.22%,+1.56%,46.0,+23.91%,-4.73%,3.0,+33.33%,+4.84%,"5,076.47","4,565.09",341.44,135.58,4.57,25.23,4.57,+5.08%,+67.66%,,250,regime,,0.235
india,turtle_breakout,5,"100,000.00","142,815.54",+42.82%,+1.08%,+7.53%,+15.29%,0.552,0.766,0.25,+88.73%,+88.73%,-30.12%,+36.11%,+3.31%,0.565,+84.44%,+49.54%,396,227,-2.49%,+1.08%,+179.91%,-38.91%,1.243,+1.08%,143,253,299,+37.79%,+1.88%,91.0,+31.87%,-1.46%,6.0,+16.67%,+0.07%,"8,822.97","7,936.20",591.34,235.71,7.94,43.86,7.94,+8.82%,+20.61%,,250,regime,,0.552
india,vwap_reversion,1,"100,000.00","86,576.02",-13.42%,-0.74%,-13.57%,+10.78%,-1.299,-1.763,-0.791,+10.09%,+10.09%,-17.17%,+55.49%,-13.20%,0.384,+48.48%,-0.46%,182,121,+0.61%,-0.74%,+8.80%,-22.60%,0.622,-0.74%,101,81,170,+55.29%,-0.84%,11.0,+63.64%,+1.12%,1.0,+0.00%,-4.36%,"3,994.52","3,590.83",270.02,106.65,3.59,19.84,3.59,+3.99%,-29.76%,,20,regime,,-1.299
india,vwap_reversion,3,"100,000.00","84,442.84",-15.56%,-0.34%,-5.60%,+10.04%,-0.523,-0.687,-0.231,+18.18%,+18.18%,-24.28%,+55.13%,-7.86%,0.337,+39.97%,+25.92%,468,137,+0.40%,-0.31%,+17.02%,-31.79%,0.799,-0.31%,258,210,446,+54.48%,-0.36%,22.0,+68.18%,+0.84%,,,,"10,228.86","9,196.38",690.13,273.13,9.2,50.82,9.2,+10.23%,-65.75%,,20,regime,,-0.523
india,vwap_reversion,5,"100,000.00","97,751.78",-2.25%,-0.03%,-0.46%,+9.01%,-0.006,-0.009,-0.026,+49.45%,+49.45%,-18.01%,+56.68%,-2.32%,0.25,+32.69%,+49.54%,651,156,+0.51%,-0.04%,+18.33%,-21.07%,0.978,-0.04%,369,281,572,+55.07%,-0.19%,78.0,+69.23%,+1.10%,1.0,+0.00%,-2.54%,"14,355.00","12,907.37",967.14,383.35,12.91,71.33,12.91,+14.36%,-638.51%,,20,regime,,-0.006
india,momentum_quality_pe,3,"100,000.00","147,837.81",+47.84%,+14.50%,+14.24%,+7.04%,1.927,3.043,2.378,+99.93%,+99.93%,-5.99%,+63.64%,+12.28%,0.227,+28.50%,+25.92%,33,24,+8.67%,+14.50%,+96.95%,-26.15%,4.765,+14.50%,21,12,27,+59.26%,+12.44%,6.0,+83.33%,+23.75%,,,,783.63,707.84,49.44,21.02,0.71,3.91,0.71,+0.78%,+1.64%,,63,regime,1.927,1.927
india,momentum_quality_pb,3,"100,000.00","130,584.53",+30.58%,+27.80%,+9.51%,+5.36%,1.723,2.594,2.461,+99.58%,+99.58%,-3.87%,+72.73%,+8.32%,0.143,+9.50%,+25.92%,11,11,+10.72%,+27.80%,+96.95%,-14.03%,12.404,+27.80%,8,3,10,+70.00%,+22.21%,1.0,+100.00%,+83.74%,,,,276.41,250.60,16.48,7.44,0.25,1.38,0.25,+0.28%,+0.90%,,63,regime,1.723,1.723
india,momentum_quality_pe,5,"100,000.00","165,865.16",+65.87%,+10.66%,+10.86%,+9.42%,1.142,1.683,0.445,+99.38%,+99.38%,-24.39%,+57.14%,+8.51%,0.282,+32.57%,+49.54%,63,41,+8.67%,+10.75%,+109.90%,-51.06%,2.754,+10.75%,36,27,45,+46.67%,+4.35%,17.0,+88.24%,+28.66%,1.0,+0.00%,-5.40%,"1,442.25","1,301.26",92.55,38.65,1.3,7.19,1.3,+1.44%,+2.19%,,63,regime,1.142,1.142
india,momentum_quality_pb,5,"100,000.00","129,743.99",+29.74%,+11.90%,+5.45%,+7.12%,0.781,1.097,0.314,+95.44%,+95.44%,-17.37%,+56.00%,+3.99%,0.18,+12.92%,+49.54%,25,22,+9.80%,+11.90%,+96.95%,-51.06%,2.363,+11.90%,14,11,22,+50.00%,+5.23%,3.0,+100.00%,+60.82%,,,,586.91,529.74,37.46,15.73,0.53,2.93,0.53,+0.59%,+1.97%,,63,regime,0.781,0.781
india,momentum_quality_pe60,3,"100,000.00","150,791.92",+50.79%,+13.02%,+15.01%,+7.28%,1.958,3.061,3.02,+99.94%,+99.94%,-4.97%,+64.10%,+12.88%,0.245,+33.68%,+25.92%,39,26,+8.14%,+13.02%,+96.95%,-26.15%,4.606,+13.02%,25,14,32,+59.38%,+11.29%,7.0,+85.71%,+20.93%,,,,920.14,830.79,58.43,24.67,0.83,4.59,0.83,+0.92%,+1.81%,,63,regime,1.958,1.958
india,momentum_quality_pe,3,"100,000.00","139,864.84",+39.86%,+14.50%,+12.10%,+6.07%,1.912,3.01,2.311,+99.92%,+99.92%,-5.24%,+63.64%,+10.41%,0.196,+23.75%,+25.92%,33,24,+8.67%,+14.50%,+96.95%,-26.15%,4.765,+14.50%,21,12,27,+59.26%,+12.44%,6.0,+83.33%,+23.75%,,,,653.03,589.87,41.20,17.52,0.59,3.26,0.59,+0.65%,+1.64%,,63,regime_top12,1.912,1.912
india,momentum_quality_pe,3,"100,000.00","131,891.87",+31.89%,+14.50%,+9.89%,+5.04%,1.895,2.974,2.242,+99.91%,+99.91%,-4.41%,+63.64%,+8.47%,0.163,+19.00%,+25.92%,33,24,+8.67%,+14.50%,+96.95%,-26.15%,4.765,+14.50%,21,12,27,+59.26%,+12.44%,6.0,+83.33%,+23.75%,,,,522.42,471.89,32.96,14.02,0.47,2.61,0.47,+0.52%,+1.64%,,63,regime_top15,1.895,1.895
india,momentum_quality_pe40,3,"100,000.00","141,538.44",+41.54%,+15.98%,+12.56%,+6.56%,1.836,2.839,2.723,+99.84%,+99.84%,-4.61%,+61.54%,+10.74%,0.212,+22.46%,+25.92%,26,22,+9.24%,+15.98%,+96.95%,-26.15%,5.024,+15.98%,16,10,23,+60.87%,+14.06%,3.0,+66.67%,+30.65%,,,,621.40,561.54,38.95,16.68,0.56,3.1,0.56,+0.62%,+1.50%,,63,regime,1.836,1.836
india,momentum_quality_pe,3,"100,000.00","146,133.23",+46.13%,+10.48%,+13.79%,+7.33%,1.799,2.732,1.776,+99.84%,+99.84%,-7.76%,+54.55%,+11.73%,0.24,+27.60%,+25.92%,44,24,+5.42%,+10.48%,+96.95%,-12.81%,3.212,+10.48%,24,20,35,+54.29%,+9.78%,9.0,+55.56%,+13.24%,,,,"1,026.51",926.12,65.92,27.51,0.93,5.12,0.93,+1.03%,+2.23%,,63,regime_stop10,1.799,1.799
india,momentum_quality_pe,3,"100,000.00","138,444.36",+38.44%,+10.48%,+11.71%,+6.32%,1.784,2.701,1.723,+99.82%,+99.82%,-6.80%,+54.55%,+9.93%,0.207,+23.00%,+25.92%,44,24,+5.42%,+10.48%,+96.95%,-12.81%,3.212,+10.48%,24,20,35,+54.29%,+9.78%,9.0,+55.56%,+13.24%,,,,855.43,771.76,54.93,22.92,0.77,4.26,0.77,+0.86%,+2.23%,,63,regime_top12_stop10,1.784,1.784
india,momentum_quality_pe,3,"100,000.00","151,143.49",+51.14%,+15.50%,+15.10%,+8.56%,1.687,2.533,1.5,+99.74%,+99.74%,-10.07%,+60.61%,+12.55%,0.299,+37.85%,+25.92%,33,24,+11.39%,+15.50%,+120.13%,-33.04%,3.861,+15.50%,20,13,27,+62.96%,+13.35%,6.0,+50.00%,+25.18%,,,,787.06,711.15,49.44,21.12,0.71,3.93,0.71,+0.79%,+1.54%,,63,regime_hold84,1.687,1.687
india,momentum_quality_pe,3,"100,000.00","137,388.26",+37.39%,+7.19%,+11.42%,+8.02%,1.39,2.058,1.183,+98.97%,+98.97%,-9.66%,+61.54%,+9.26%,0.262,+30.18%,+25.92%,52,24,+3.85%,+7.19%,+53.78%,-22.72%,2.848,+7.19%,32,20,46,+60.87%,+6.37%,6.0,+66.67%,+13.46%,,,,"1,195.36","1,077.35",77.91,32.0,1.08,5.95,1.08,+1.20%,+3.20%,,63,regime_hold42,1.39,1.39
india,momentum_quality_pe55,3,"100,000.00","150,047.94",+50.05%,+13.53%,+14.82%,+7.25%,1.944,3.049,2.981,+99.94%,+99.94%,-4.97%,+64.86%,+12.69%,0.245,+31.96%,+25.92%,37,26,+8.52%,+13.53%,+96.95%,-26.15%,4.553,+13.53%,24,13,30,+60.00%,+11.80%,7.0,+85.71%,+20.93%,,,,874.89,790.05,55.43,23.46,0.79,4.37,0.79,+0.87%,+1.75%,,63,regime,1.944,1.944
india,momentum_quality_pe60,3,"100,000.00","142,326.60",+42.33%,+13.02%,+12.77%,+6.29%,1.941,3.026,2.937,+99.93%,+99.93%,-4.35%,+64.10%,+10.93%,0.212,+28.07%,+25.92%,39,26,+8.14%,+13.02%,+96.95%,-26.15%,4.606,+13.02%,25,14,32,+59.38%,+11.29%,7.0,+85.71%,+20.93%,,,,766.79,692.32,48.69,20.56,0.69,3.83,0.69,+0.77%,+1.81%,,63,regime_top12,1.941,1.941
india,momentum_quality_pe60,3,"100,000.00","151,084.87",+51.08%,+13.10%,+15.09%,+9.07%,1.595,2.346,1.506,+99.60%,+99.60%,-10.02%,+58.97%,+12.29%,0.329,+44.74%,+25.92%,39,26,+5.33%,+13.10%,+120.13%,-33.04%,3.627,+13.10%,23,16,32,+59.38%,+11.06%,7.0,+57.14%,+22.40%,,,,920.45,831.08,58.43,24.68,0.83,4.59,0.83,+0.92%,+1.80%,,63,regime_hold84,1.595,1.595
india,momentum_quality_pe60,3,"100,000.00","136,200.38",+36.20%,+5.93%,+11.09%,+8.16%,1.331,1.954,1.085,+98.70%,+98.70%,-10.23%,+49.18%,+8.84%,0.273,+34.29%,+25.92%,61,26,-0.02%,+5.93%,+96.95%,-16.50%,2.328,+5.93%,30,31,51,+47.06%,+5.17%,10.0,+60.00%,+9.86%,,,,"1,394.30","1,256.15",91.39,37.31,1.26,6.94,1.26,+1.39%,+3.85%,,63,regime_trail15,1.331,1.331
india,momentum_quality_pe60,1,"100,000.00","106,051.80",+6.05%,+2.89%,+6.15%,+12.47%,0.542,0.693,0.544,+69.44%,+69.44%,-11.31%,+71.43%,+6.69%,0.353,+48.11%,-0.06%,21,16,+5.16%,+2.90%,+29.08%,-58.96%,1.527,+2.90%,15,6,7,+42.86%,-0.39%,,,,14.0,+85.71%,+4.54%,472.74,425.48,31.42,12.64,0.43,2.35,0.43,+0.47%,+7.81%,,63,base,,0.542
india,momentum_quality_pe60,1,"100,000.00","99,724.26",-0.28%,-0.39%,-0.28%,+5.14%,-0.029,-0.038,-0.046,+48.86%,+48.86%,-6.07%,+42.86%,-0.18%,0.039,+17.99%,-0.06%,7,7,-0.02%,-0.39%,+29.08%,-26.15%,0.949,-0.39%,3,4,7,+42.86%,-0.39%,,,,,,,155.40,139.71,10.49,4.15,0.14,0.77,0.14,+0.16%,-56.36%,,63,regime,,-0.029
india,momentum_quality_pe60,2,"100,000.00","120,775.62",+20.78%,+5.33%,+10.02%,+11.66%,0.878,1.211,1.0,+88.18%,+88.18%,-10.02%,+69.23%,+10.26%,0.418,+47.09%,+0.51%,39,26,+5.12%,+5.33%,+62.29%,-58.96%,2.249,+5.33%,27,12,18,+50.00%,-0.51%,,,,21.0,+85.71%,+10.33%,888.98,800.74,58.43,23.78,0.8,4.42,0.8,+0.89%,+4.28%,,63,base,,0.878
india,momentum_quality_pe60,2,"100,000.00","113,729.26",+13.73%,+5.49%,+6.73%,+8.50%,0.808,1.194,0.952,+87.24%,+87.24%,-7.06%,+60.00%,+6.87%,0.2,+32.06%,+0.51%,25,17,+0.35%,+5.49%,+83.74%,-26.15%,2.302,+5.49%,15,10,18,+50.00%,-0.51%,7.0,+85.71%,+20.93%,,,,570.29,513.71,37.46,15.26,0.51,2.84,0.51,+0.57%,+4.15%,,63,regime,,0.808
india,momentum_quality_pe60,5,"100,000.00","167,510.78",+67.51%,+9.72%,+11.09%,+9.94%,1.108,1.614,0.435,+99.22%,+99.22%,-25.49%,+57.75%,+8.61%,0.308,+36.73%,+48.05%,71,44,+8.14%,+9.78%,+109.90%,-51.06%,2.616,+9.78%,41,30,52,+48.08%,+4.01%,18.0,+88.89%,+27.29%,1.0,+0.00%,-5.40%,"1,614.36","1,456.13",104.03,43.25,1.46,8.05,1.46,+1.61%,+2.39%,,63,regime,,1.108
india,momentum_quality_pe,1,"100,000.00","106,384.11",+6.38%,+3.55%,+6.49%,+12.75%,0.558,0.722,0.598,+70.00%,+70.00%,-10.86%,+77.78%,+7.06%,0.364,+40.40%,-0.06%,18,14,+6.26%,+3.55%,+29.08%,-58.96%,1.631,+3.55%,14,4,4,+50.00%,+0.90%,,,,14.0,+85.71%,+4.30%,406.97,366.36,26.97,10.88,0.37,2.02,0.37,+0.41%,+6.37%,,63,base,,0.558
india,momentum_quality_pe,1,"100,000.00","100,359.07",+0.36%,+0.90%,+0.36%,+4.47%,0.104,0.145,0.089,+54.09%,+54.09%,-4.10%,+50.00%,+0.44%,0.034,+10.28%,-0.06%,4,4,+0.33%,+0.90%,+29.08%,-26.15%,1.089,+0.90%,2,2,4,+50.00%,+0.90%,,,,,,,89.34,80.35,5.99,2.39,0.08,0.44,0.08,+0.09%,+24.88%,,63,regime,,0.104
india,momentum_quality_pe,2,"100,000.00","117,231.04",+17.23%,+5.22%,+8.38%,+11.50%,0.757,1.04,0.844,+84.68%,+84.68%,-9.92%,+69.70%,+8.62%,0.396,+39.40%,+0.51%,33,25,+5.12%,+5.22%,+62.29%,-58.96%,2.13,+5.22%,23,10,13,+46.15%,-2.67%,,,,20.0,+85.00%,+10.35%,751.85,677.20,49.44,20.11,0.68,3.74,0.68,+0.75%,+4.36%,,63,base,,0.757
india,momentum_quality_pe,2,"100,000.00","110,775.15",+10.78%,+5.67%,+5.31%,+7.65%,0.715,1.06,0.718,+84.32%,+84.32%,-7.40%,+57.89%,+5.43%,0.164,+24.37%,+0.51%,19,15,+0.35%,+5.67%,+83.74%,-26.15%,2.176,+5.67%,11,8,13,+46.15%,-2.67%,6.0,+83.33%,+23.75%,,,,433.77,390.76,28.47,11.61,0.39,2.16,0.39,+0.43%,+4.03%,,63,regime,,0.715
india,momentum_quality_pe60,3,"100,000.00","157,872.48",+57.87%,+10.92%,+16.82%,+8.82%,1.807,2.626,2.159,+99.78%,+99.78%,-7.79%,+69.81%,+13.72%,0.354,+43.81%,+25.92%,53,34,+7.69%,+10.92%,+96.95%,-58.96%,3.869,+10.92%,37,16,32,+59.38%,+11.31%,,,,21.0,+85.71%,+10.33%,"1,238.87","1,117.85",79.41,33.2,1.12,6.18,1.12,+1.24%,+2.14%,,63,base,,1.807
india,momentum_quality_pe60,5,"100,000.00","176,082.75",+76.08%,+9.10%,+12.23%,+10.49%,1.153,1.652,0.481,+99.36%,+99.36%,-25.44%,+62.35%,+9.26%,0.361,+42.80%,+48.05%,85,51,+7.69%,+9.16%,+109.90%,-58.96%,2.594,+9.16%,53,32,52,+48.08%,+4.01%,11.0,+81.82%,+27.98%,22.0,+86.36%,+11.91%,"1,937.59","1,747.34",125.2,51.9,1.75,9.66,1.75,+1.94%,+2.55%,,63,base,,1.153
india,momentum_quality_pe,3,"100,000.00","154,327.89",+54.33%,+11.56%,+15.92%,+8.83%,1.718,2.499,2.078,+99.66%,+99.66%,-7.66%,+70.21%,+12.95%,0.342,+38.62%,+25.92%,47,33,+8.67%,+11.56%,+96.95%,-58.96%,3.891,+11.56%,33,14,27,+59.26%,+12.45%,,,,20.0,+85.00%,+10.35%,"1,101.75",994.31,70.42,29.53,0.99,5.49,0.99,+1.10%,+2.03%,,63,base,,1.718
india,momentum_quality_pe,5,"100,000.00","171,153.79",+71.15%,+9.45%,+11.58%,+10.07%,1.138,1.644,0.476,+99.31%,+99.31%,-24.32%,+62.34%,+8.83%,0.336,+38.66%,+48.05%,77,49,+8.67%,+9.69%,+109.90%,-58.96%,2.637,+9.69%,48,29,45,+46.67%,+4.35%,11.0,+81.82%,+27.98%,21.0,+85.71%,+11.54%,"1,748.09","1,576.62",112.78,46.83,1.58,8.71,1.58,+1.75%,+2.46%,,63,base,,1.138
